--- xcodebuild: WARNING: Using the first of multiple matching destinations:
{ platform:iOS Simulator, id:dvtdevice-DVTiOSDeviceSimulatorPlaceholder-iphonesimulator:placeholder, name:Any iOS Simulator Device }
{ platform:iOS Simulator, arch:x86_64, id:A6BF1706-B14B-474B-978B-50301EC610BA, OS:26.4.1, name:iPad (A16) }
{ platform:iOS Simulator, arch:x86_64, id:8FC8919F-0313-4279-AAC6-D231A7545F31, OS:26.4.1, name:iPad Air 11-inch (M4) }
{ platform:iOS Simulator, arch:x86_64, id:6732A482-EDA1-44FE-908F-5A73B9EA4486, OS:26.4.1, name:iPad Air 13-inch (M4) }
{ platform:iOS Simulator, arch:x86_64, id:9BDD9709-F95D-4B92-9CDE-4796432BAB12, OS:26.4.1, name:iPad Pro 11-inch (M5) }
{ platform:iOS Simulator, arch:x86_64, id:7FCCECF0-5712-48F8-86E6-4A010C01820D, OS:26.4.1, name:iPad Pro 13-inch (M5) }
{ platform:iOS Simulator, arch:x86_64, id:553CA648-6E61-48A7-9749-46F32D6766F9, OS:26.4.1, name:iPad mini (A17 Pro) }
{ platform:iOS Simulator, arch:x86_64, id:54BF74BE-148C-43C5-930F-CA14C1EC7C01, OS:26.4.1, name:iPhone 17 }
{ platform:iOS Simulator, arch:x86_64, id:033D1622-4D49-410B-868C-B53E8058211B, OS:26.4.1, name:iPhone 17 Pro }
{ platform:iOS Simulator, arch:x86_64, id:837183EE-9679-4B09-8073-95E315008BE7, OS:26.4.1, name:iPhone 17 Pro Max }
{ platform:iOS Simulator, arch:x86_64, id:FDC30A6F-6B65-4008-9D71-379DC4DA7A60, OS:26.4.1, name:iPhone 17e }
{ platform:iOS Simulator, arch:x86_64, id:83A97CB7-A533-40B0-BF41-24B02DDEED0C, OS:26.4.1, name:iPhone Air }
{ platform:iOS, id:dvtdevice-DVTiPhonePlaceholder-iphoneos:placeholder, name:Any iOS Device }
{ platform:iOS, arch:arm64, id:00008150-000D38E022B8401C, name:iPhone }
/Users/keonta/Documents/MyChannel/MyChannel/Core/Services/CustomReportBuilderService.swift:94:51: warning: keyword 'operator' does not need to be escaped in argument list
                return ReportFilter(field: field, `operator`: op, value: value)
                                                  ^        ~
                                                           
/Users/keonta/Documents/MyChannel/MyChannel/Core/Services/RevenueAttributionService.swift:97:21: warning: keyword 'return' does not need to be escaped in argument list
                    `return`: $0.return,
                    ^      ~
                           
/Users/keonta/Documents/MyChannel/MyChannel/Core/Services/CustomReportBuilderService.swift:94:51: warning: keyword 'operator' does not need to be escaped in argument list
                return ReportFilter(field: field, `operator`: op, value: value)
                                                  ^        ~
                                                           
/Users/keonta/Documents/MyChannel/MyChannel/Core/Services/RevenueAttributionService.swift:97:21: warning: keyword 'return' does not need to be escaped in argument list
                    `return`: $0.return,
                    ^      ~
                           
/Users/keonta/Documents/MyChannel/MyChannel/Core/Services/CustomReportBuilderService.swift:94:51: warning: Keyword 'operator' does not need to be escaped in argument list
                return ReportFilter(field: field, `operator`: op, value: value)
                                                  ^        ~
                                                            (in target 'MyChannel' from project 'MyChannel')
/Users/keonta/Documents/MyChannel/MyChannel/Core/Services/RevenueAttributionService.swift:97:21: warning: Keyword 'return' does not need to be escaped in argument list
                    `return`: $0.return,
                    ^      ~
                            (in target 'MyChannel' from project 'MyChannel')
/Users/keonta/Documents/MyChannel/MyChannel/Core/Services/CustomReportBuilderService.swift:94:51: warning: Keyword 'operator' does not need to be escaped in argument list
                return ReportFilter(field: field, `operator`: op, value: value)
                                                  ^        ~
                                                            (in target 'MyChannel' from project 'MyChannel')
/Users/keonta/Documents/MyChannel/MyChannel/Core/Services/RevenueAttributionService.swift:97:21: warning: Keyword 'return' does not need to be escaped in argument list
                    `return`: $0.return,
                    ^      ~
                            (in target 'MyChannel' from project 'MyChannel')
/Users/keonta/Documents/MyChannel/MyChannel/Core/AI/PlatformMonitorService.swift:97:14: warning: consider using asynchronous alternative function
            .getDocuments { [weak self] snap, _ in
             ^
FirebaseFirestoreInternal.Query.getDocuments:2:11: note: 'getDocuments()' declared here
open func getDocuments() async throws -> QuerySnapshot}
          ^
/Users/keonta/Documents/MyChannel/MyChannel/Core/AI/PlatformMonitorService.swift:123:14: warning: consider using asynchronous alternative function
            .getDocuments { [weak self] snap, _ in
             ^
FirebaseFirestoreInternal.Query.getDocuments:2:11: note: 'getDocuments()' declared here
open func getDocuments() async throws -> QuerySnapshot}
          ^
/Users/keonta/Documents/MyChannel/MyChannel/Core/AI/PlatformMonitorService.swift:155:14: warning: consider using asynchronous alternative function
            .getDocuments { [weak self] snap, _ in
             ^
FirebaseFirestoreInternal.Query.getDocuments:2:11: note: 'getDocuments()' declared here
open func getDocuments() async throws -> QuerySnapshot}
          ^
/Users/keonta/Documents/MyChannel/MyChannel/Core/AI/PlatformMonitorService.swift:185:14: warning: consider using asynchronous alternative function
            .getDocuments { [weak self] snap, _ in
             ^
FirebaseFirestoreInternal.Query.getDocuments:2:11: note: 'getDocuments()' declared here
open func getDocuments() async throws -> QuerySnapshot}
          ^
/Users/keonta/Documents/MyChannel/MyChannel/Core/AI/PlatformMonitorService.swift:212:14: warning: consider using asynchronous alternative function
            .getDocuments { [weak self] snap, _ in
             ^
FirebaseFirestoreInternal.Query.getDocuments:2:11: note: 'getDocuments()' declared here
open func getDocuments() async throws -> QuerySnapshot}
          ^
/Users/keonta/Documents/MyChannel/MyChannel/Core/AI/PlatformMonitorService.swift:247:14: warning: consider using asynchronous alternative function
            .getDocuments { [weak self] snap, _ in
             ^
FirebaseFirestoreInternal.Query.getDocuments:2:11: note: 'getDocuments()' declared here
open func getDocuments() async throws -> QuerySnapshot}
          ^
/Users/keonta/Documents/MyChannel/MyChannel/Core/AI/PlatformMonitorService.swift:281:14: warning: consider using asynchronous alternative function
            .getDocuments { [weak self] snap, _ in
             ^
FirebaseFirestoreInternal.Query.getDocuments:2:11: note: 'getDocuments()' declared here
open func getDocuments() async throws -> QuerySnapshot}
          ^
/Users/keonta/Documents/MyChannel/MyChannel/Core/AI/PlatformMonitorService.swift:261:45: warning: call to main actor-isolated instance method 'detectViolation(in:)' in a synchronous nonisolated context
                    if let violation = self.detectViolation(in: combined) {
                                            ^
/Users/keonta/Documents/MyChannel/MyChannel/Core/AI/PlatformMonitorService.swift:501:18: note: calls to instance method 'detectViolation(in:)' from outside of its actor context are implicitly asynchronous
    private func detectViolation(in text: String) -> ViolationResult? {
                 ^
/Users/keonta/Documents/MyChannel/MyChannel/Core/AI/PlatformMonitorService.swift:289:45: warning: call to main actor-isolated instance method 'detectViolation(in:)' in a synchronous nonisolated context
                    if let violation = self.detectViolation(in: text) {
                                            ^
/Users/keonta/Documents/MyChannel/MyChannel/Core/AI/PlatformMonitorService.swift:501:18: note: calls to instance method 'detectViolation(in:)' from outside of its actor context are implicitly asynchronous
    private func detectViolation(in text: String) -> ViolationResult? {
                 ^
/Users/keonta/Documents/MyChannel/MyChannel/Core/AI/PlatformMonitorService.swift:316:14: warning: consider using asynchronous alternative function
            .getDocuments { [weak self] snap, _ in
             ^
FirebaseFirestoreInternal.Query.getDocuments:2:11: note: 'getDocuments()' declared here
open func getDocuments() async throws -> QuerySnapshot}
          ^
/Users/keonta/Documents/MyChannel/MyChannel/Core/AI/PlatformMonitorService.swift:326:22: warning: main actor-isolated property 'db' can not be referenced from a Sendable closure
                self.db.collection("platformMetrics").addDocument(data: data)
                     ^
/Users/keonta/Documents/MyChannel/MyChannel/Core/AI/PlatformMonitorService.swift:27:17: note: property declared here
    private var db = Firestore.firestore()
                ^
/Users/keonta/Documents/MyChannel/MyChannel/Core/AI/PlatformMonitorService.swift:489:13: warning: result of 'try?' is unused
            try? await db.collection("strikeCases").addDocument(data: newCase)
            ^~~~~~~~~~~~~~~~~~~~~~~~~~~~~~~~~~~~~~~~~~~~~~~~~~~~~~~~~~~~~~~~~~
/Users/keonta/Documents/MyChannel/MyChannel/Core/AI/UnifiedAGIBrain.swift:126:27: warning: no calls to throwing functions occur within 'try' expression
        let sceneResult = try? await sceneAnalysis
                          ^
/Users/keonta/Documents/MyChannel/MyChannel/Core/Authentication/AuthenticationManager.swift:99:48: warning: no 'async' operations occur within 'await' expression
                    let alreadyAuthenticated = await self.isAuthenticated
                                               ^
/Users/keonta/Documents/MyChannel/MyChannel/Core/Authentication/AuthenticationManager.swift:293:15: warning: 'catch' block is unreachable because no errors are thrown in 'do' block
            } catch {
              ^
/Users/keonta/Documents/MyChannel/MyChannel/Core/Authentication/AuthenticationManager.swift:410:69: warning: 'catch' block is unreachable because no errors are thrown in 'do' block
        do { await createFirestoreProfileIfNeeded(for: basicUser) } catch { print("⚠️ [Auth] Non-fatal: Firestore profile creation failed: \(error)") }
/Users/keonta/Documents/MyChannel/MyChannel/Core/Authentication/AuthenticationManager.swift:411:88: warning: 'catch' block is unreachable because no errors are thrown in 'do' block
        do { await loadFullProfileAfterSignIn(uid: payload.uid, fallback: basicUser) } catch { print("⚠️ [Auth] Non-fatal: profile loading failed: \(error)") }
/Users/keonta/Documents/MyChannel/MyChannel/Core/Authentication/AuthenticationManager.swift:441:77: warning: 'catch' block is unreachable because no errors are thrown in 'do' block
                do { await createFirestoreProfileIfNeeded(for: basicUser) } catch { print("⚠️ [Auth] Non-fatal: Firestore profile creation failed: \(error)") }
/Users/keonta/Documents/MyChannel/MyChannel/Core/Authentication/AuthenticationManager.swift:442:96: warning: 'catch' block is unreachable because no errors are thrown in 'do' block
                do { await loadFullProfileAfterSignIn(uid: payload.uid, fallback: basicUser) } catch { print("⚠️ [Auth] Non-fatal: profile loading failed: \(error)") }
/Users/keonta/Documents/MyChannel/MyChannel/Core/Authentication/AuthenticationManager.swift:513:76: warning: 'catch' block is unreachable because no errors are thrown in 'do' block
            do { await createFirestoreProfileIfNeeded(for: resolvedUser) } catch { print("⚠️ [Auth] Non-fatal: Firestore profile creation failed: \(error)") }
/Users/keonta/Documents/MyChannel/MyChannel/Core/Authentication/AuthenticationManager.swift:515:95: warning: 'catch' block is unreachable because no errors are thrown in 'do' block
            do { await loadFullProfileAfterSignIn(uid: payload.uid, fallback: resolvedUser) } catch { print("⚠️ [Auth] Non-fatal: profile loading failed: \(error)") }
/Users/keonta/Documents/MyChannel/MyChannel/Core/Components/FloatingMiniPlayer.swift:148:9: warning: application of result builder 'ViewBuilder' disabled by explicit 'return' statement
        return ZStack {
        ^
/Users/keonta/Documents/MyChannel/MyChannel/Core/Components/FloatingMiniPlayer.swift:120:5: note: remove the attribute to explicitly disable the result builder
    @ViewBuilder
    ^~~~~~~~~~~~
    
/Users/keonta/Documents/MyChannel/MyChannel/Core/Components/FloatingMiniPlayer.swift:148:9: note: remove 'return' statements to apply the result builder
        return ZStack {
        ^~~~~~~
        
/Users/keonta/Documents/MyChannel/MyChannel/Core/Components/ModernVideoPlayerView.swift:830:32: warning: 'mediaSelectionGroup(forMediaCharacteristic:)' was deprecated in iOS 16.0: Use loadMediaSelectionGroup(for:) instead
        if let legible = asset.mediaSelectionGroup(forMediaCharacteristic: .legible) {
                               ^
/Users/keonta/Documents/MyChannel/MyChannel/Core/Components/ModernVideoPlayerView.swift:834:32: warning: 'mediaSelectionGroup(forMediaCharacteristic:)' was deprecated in iOS 16.0: Use loadMediaSelectionGroup(for:) instead
        if let audible = asset.mediaSelectionGroup(forMediaCharacteristic: .audible) {
                               ^
/Users/keonta/Documents/MyChannel/MyChannel/Core/Performance/AppPerformanceOptimizer.swift:76:95: warning: variable 'self' was written to, but never read
        frameRateMonitor = Timer.scheduledTimer(withTimeInterval: 1.0, repeats: true) { [weak self] _ in
                                                                                              ^
/Users/keonta/Documents/MyChannel/MyChannel/Core/Performance/AppPerformanceOptimizer.swift:90:19: warning: call to main actor-isolated instance method 'handleMemoryWarning()' in a synchronous nonisolated context
            self?.handleMemoryWarning()
                  ^
/Users/keonta/Documents/MyChannel/MyChannel/Core/Performance/AppPerformanceOptimizer.swift:94:18: note: calls to instance method 'handleMemoryWarning()' from outside of its actor context are implicitly asynchronous
    private func handleMemoryWarning() {
                 ^
/Users/keonta/Documents/MyChannel/MyChannel/Core/Performance/DatabaseOptimizer.swift:40:18: warning: 'isPersistenceEnabled' is deprecated: This field is deprecated. Use `cacheSettings` instead.
        settings.isPersistenceEnabled = true
                 ^
/Users/keonta/Documents/MyChannel/MyChannel/Core/Performance/DatabaseOptimizer.swift:41:18: warning: 'cacheSizeBytes' is deprecated: This field is deprecated. Use `cacheSettings` instead.
        settings.cacheSizeBytes = 100 * 1024 * 1024 // 100MB cache
                 ^
/Users/keonta/Documents/MyChannel/MyChannel/Core/Performance/MultiLayerCacheSystem.swift:326:53: warning: cast from 'Task<Data, any Error>?' to unrelated type 'Task<T, any Error>' always fails
        if let existingTask = inFlightRequests[key] as? Task<T, Error> {
                              ~~~~~~~~~~~~~~~~~~~~~ ^   ~~~~~~~~~~~~~~
/Users/keonta/Documents/MyChannel/MyChannel/Core/Performance/MultiLayerCacheSystem.swift:340:38: warning: cast from 'Task<T, any Error>' to unrelated type 'Task<Data, any Error>' always fails
        inFlightRequests[key] = task as? Task<Data, Error>
                                ~~~~ ^   ~~~~~~~~~~~~~~~~~
/Users/keonta/Documents/MyChannel/MyChannel/Core/Performance/MultiLayerCacheSystem.swift:334:21: warning: no 'async' operations occur within 'await' expression
                    await removeRequest(key: key)
                    ^
/Users/keonta/Documents/MyChannel/MyChannel/Core/Performance/MultiLayerCacheSystem.swift:368:21: warning: immutable value 'url' was never used; consider replacing with '_' or removing it
        for (index, url) in criticalURLs.enumerated() {
                    ^~~
                    _
/Users/keonta/Documents/MyChannel/MyChannel/Core/Components/VideoPlayerManager.swift:240:17: warning: variable 'usingHLS' was written to, but never read
            var usingHLS = false
                ^
/Users/keonta/Documents/MyChannel/MyChannel/Core/Components/VideoPlayerManager.swift:761:40: warning: 'tracks(withMediaType:)' was deprecated in iOS 16.0: Use loadTracks(withMediaType:) instead
        if let videoTrack = item.asset.tracks(withMediaType: .video).first {
                                       ^
/Users/keonta/Documents/MyChannel/MyChannel/Core/Components/VideoPlayerManager.swift:762:37: warning: 'nominalFrameRate' was deprecated in iOS 16.0: Use load(.nominalFrameRate) instead
            fps = Double(videoTrack.nominalFrameRate)
                                    ^
/Users/keonta/Documents/MyChannel/MyChannel/Core/Components/VideoPlayerManager.swift:882:35: warning: 'mediaSelectionGroup(forMediaCharacteristic:)' was deprecated in iOS 16.0: Use loadMediaSelectionGroup(for:) instead
        if let group = item.asset.mediaSelectionGroup(forMediaCharacteristic: .legible) {
                                  ^
/Users/keonta/Documents/MyChannel/MyChannel/Core/Components/VideoPlayerManager.swift:890:35: warning: 'mediaSelectionGroup(forMediaCharacteristic:)' was deprecated in iOS 16.0: Use loadMediaSelectionGroup(for:) instead
        if let group = item.asset.mediaSelectionGroup(forMediaCharacteristic: .legible) {
                                  ^
/Users/keonta/Documents/MyChannel/MyChannel/Core/Components/VideoPlayerManager.swift:901:35: warning: 'mediaSelectionGroup(forMediaCharacteristic:)' was deprecated in iOS 16.0: Use loadMediaSelectionGroup(for:) instead
        if let group = item.asset.mediaSelectionGroup(forMediaCharacteristic: .audible) {
                                  ^
/Users/keonta/Documents/MyChannel/MyChannel/Core/Components/VideoPlayerManager.swift:909:35: warning: 'mediaSelectionGroup(forMediaCharacteristic:)' was deprecated in iOS 16.0: Use loadMediaSelectionGroup(for:) instead
        if let group = item.asset.mediaSelectionGroup(forMediaCharacteristic: .audible) {
                                  ^
/Users/keonta/Documents/MyChannel/MyChannel/Core/Config/OwnerProfile.swift:135:9: warning: immutable property will not be decoded because it is declared with an initial value which cannot be overwritten
    let id = UUID()
        ^
/Users/keonta/Documents/MyChannel/MyChannel/Core/Config/OwnerProfile.swift:135:9: note: set the initial value via the initializer or explicitly define a CodingKeys enum including a 'id' case to silence this warning
    let id = UUID()
        ^
/Users/keonta/Documents/MyChannel/MyChannel/Core/Config/OwnerProfile.swift:135:9: note: make the property mutable instead
    let id = UUID()
    ~~~ ^
    var
/Users/keonta/Documents/MyChannel/MyChannel/Core/Managers/CameraManager.swift:108:28: warning: 'flashMode' was deprecated in iOS 10.0: Use AVCapturePhotoSettings.flashMode instead.
                    device.flashMode = .off
                           ^
/Users/keonta/Documents/MyChannel/MyChannel/Core/Managers/CameraManager.swift:110:28: warning: 'flashMode' was deprecated in iOS 10.0: Use AVCapturePhotoSettings.flashMode instead.
                    device.flashMode = .on
                           ^
/Users/keonta/Documents/MyChannel/MyChannel/Core/Managers/CameraManager.swift:112:28: warning: 'flashMode' was deprecated in iOS 10.0: Use AVCapturePhotoSettings.flashMode instead.
                    device.flashMode = .auto
                           ^
/Users/keonta/Documents/MyChannel/MyChannel/Core/Services/ThumbnailCreator/ThumbnailSyncService.swift:235:16: warning: no 'async' operations occur within 'await' expression
        return await UIDevice.current.name
               ^
/Users/keonta/Documents/MyChannel/MyChannel/Core/Services/AdsService.swift:65:42: warning: left side of nil coalescing operator '??' has non-optional type 'String', so the right side is never used
            print("🚫 Video \(video.id ?? "unknown") has monetization disabled - no ads will be served")
/Users/keonta/Documents/MyChannel/MyChannel/Core/Services/AdsService.swift:72:76: warning: left side of nil coalescing operator '??' has non-optional type 'String', so the right side is never used
            print("⏭️ [Ads] Pre-roll ads disabled for video \(video.id ?? "unknown")")
/Users/keonta/Documents/MyChannel/MyChannel/Core/Services/AdsService.swift:85:30: warning: no 'async' operations occur within 'await' expression
        let nuclearService = await NuclearAdMonetizationService.shared
                             ^
/Users/keonta/Documents/MyChannel/MyChannel/Core/Models/Analytics.swift:199:9: warning: immutable property will not be decoded because it is declared with an initial value which cannot be overwritten
    let id = UUID()
        ^
/Users/keonta/Documents/MyChannel/MyChannel/Core/Models/Analytics.swift:199:9: note: set the initial value via the initializer or explicitly define a CodingKeys enum including a 'id' case to silence this warning
    let id = UUID()
        ^
/Users/keonta/Documents/MyChannel/MyChannel/Core/Models/Analytics.swift:199:9: note: make the property mutable instead
    let id = UUID()
    ~~~ ^
    var
/Users/keonta/Documents/MyChannel/MyChannel/Core/Models/LiveChat.swift:131:33: warning: left side of nil coalescing operator '??' has non-optional type 'Color', so the right side is never used
        Color(hexString: color) ?? .blue
        ~~~~~~~~~~~~~~~~~~~~~~~~^~~~~~~~
                               
/Users/keonta/Documents/MyChannel/MyChannel/Core/Models/LiveChat.swift:492:29: warning: result of call to 'run(resultType:body:)' is unused
            await MainActor.run {
                            ^   ~
/Users/keonta/Documents/MyChannel/MyChannel/Core/Services/AdvancedAnalyticsService.swift:539:17: warning: variable 'enhanced' was never mutated; consider changing to 'let' constant
            var enhanced = video
            ~~~ ^
            let
/Users/keonta/Documents/MyChannel/MyChannel/Core/Services/AdvancedAnalyticsService.swift:760:9: warning: immutable property will not be decoded because it is declared with an initial value which cannot be overwritten
    let id = UUID()
        ^
/Users/keonta/Documents/MyChannel/MyChannel/Core/Services/AdvancedAnalyticsService.swift:760:9: note: set the initial value via the initializer or explicitly define a CodingKeys enum including a 'id' case to silence this warning
    let id = UUID()
        ^
/Users/keonta/Documents/MyChannel/MyChannel/Core/Services/AdvancedAnalyticsService.swift:760:9: note: make the property mutable instead
    let id = UUID()
    ~~~ ^
    var
/Users/keonta/Documents/MyChannel/MyChannel/Core/Services/AdvancedAnalyticsService.swift:769:9: warning: immutable property will not be decoded because it is declared with an initial value which cannot be overwritten
    let id = UUID()
        ^
/Users/keonta/Documents/MyChannel/MyChannel/Core/Services/AdvancedAnalyticsService.swift:769:9: note: set the initial value via the initializer or explicitly define a CodingKeys enum including a 'id' case to silence this warning
    let id = UUID()
        ^
/Users/keonta/Documents/MyChannel/MyChannel/Core/Services/AdvancedAnalyticsService.swift:769:9: note: make the property mutable instead
    let id = UUID()
    ~~~ ^
    var
/Users/keonta/Documents/MyChannel/MyChannel/Core/Services/AdvancedAnalyticsService.swift:867:9: warning: immutable property will not be decoded because it is declared with an initial value which cannot be overwritten
    let id = UUID()
        ^
/Users/keonta/Documents/MyChannel/MyChannel/Core/Services/AdvancedAnalyticsService.swift:867:9: note: set the initial value via the initializer or explicitly define a CodingKeys enum including a 'id' case to silence this warning
    let id = UUID()
        ^
/Users/keonta/Documents/MyChannel/MyChannel/Core/Services/AdvancedAnalyticsService.swift:867:9: note: make the property mutable instead
    let id = UUID()
    ~~~ ^
    var
/Users/keonta/Documents/MyChannel/MyChannel/Core/Services/AdvancedAnalyticsService.swift:886:9: warning: immutable property will not be decoded because it is declared with an initial value which cannot be overwritten
    let id = UUID()
        ^
/Users/keonta/Documents/MyChannel/MyChannel/Core/Services/AdvancedAnalyticsService.swift:886:9: note: set the initial value via the initializer or explicitly define a CodingKeys enum including a 'id' case to silence this warning
    let id = UUID()
        ^
/Users/keonta/Documents/MyChannel/MyChannel/Core/Services/AdvancedAnalyticsService.swift:886:9: note: make the property mutable instead
    let id = UUID()
    ~~~ ^
    var
/Users/keonta/Documents/MyChannel/MyChannel/Core/Services/AdvancedAnalyticsService.swift:899:9: warning: immutable property will not be decoded because it is declared with an initial value which cannot be overwritten
    let id = UUID()
        ^
/Users/keonta/Documents/MyChannel/MyChannel/Core/Services/AdvancedAnalyticsService.swift:899:9: note: set the initial value via the initializer or explicitly define a CodingKeys enum including a 'id' case to silence this warning
    let id = UUID()
        ^
/Users/keonta/Documents/MyChannel/MyChannel/Core/Services/AdvancedAnalyticsService.swift:899:9: note: make the property mutable instead
    let id = UUID()
    ~~~ ^
    var
/Users/keonta/Documents/MyChannel/MyChannel/Core/Services/AdvancedAnalyticsService.swift:909:9: warning: immutable property will not be decoded because it is declared with an initial value which cannot be overwritten
    let id = UUID()
        ^
/Users/keonta/Documents/MyChannel/MyChannel/Core/Services/AdvancedAnalyticsService.swift:909:9: note: set the initial value via the initializer or explicitly define a CodingKeys enum including a 'id' case to silence this warning
    let id = UUID()
        ^
/Users/keonta/Documents/MyChannel/MyChannel/Core/Services/AdvancedAnalyticsService.swift:909:9: note: make the property mutable instead
    let id = UUID()
    ~~~ ^
    var
/Users/keonta/Documents/MyChannel/MyChannel/Core/Services/AdvancedSearchEngine.swift:269:13: warning: initialization of immutable value 'queryEmbedding' was never used; consider replacing with assignment to '_' or removing it
        let queryEmbedding = await generateEmbedding(text: query)
        ~~~~^~~~~~~~~~~~~~
        _
/Users/keonta/Documents/MyChannel/MyChannel/Core/Services/AdvancedSearchEngine.swift:376:20: warning: value 'tag' was defined but never used; consider replacing with boolean test
            if let tag = tag {
               ~~~~^~~~~~
                             != nil
/Users/keonta/Documents/MyChannel/MyChannel/Core/Services/AdvancedSearchEngine.swift:418:21: warning: initialization of immutable value 'count' was never used; consider replacing with assignment to '_' or removing it
                let count = data["count"] as? Int ?? 0
                ~~~~^~~~~
                _
/Users/keonta/Documents/MyChannel/MyChannel/Core/Services/AdvancedSearchEngine.swift:419:21: warning: initialization of immutable value 'category' was never used; consider replacing with assignment to '_' or removing it
                let category = data["category"] as? String
                ~~~~^~~~~~~~
                _
/Users/keonta/Documents/MyChannel/MyChannel/Core/Services/AdvancedSearchEngine.swift:470:21: warning: initialization of immutable value 'popularity' was never used; consider replacing with assignment to '_' or removing it
                let popularity = data["popularity"] as? Double ?? 0
                ~~~~^~~~~~~~~~
                _
/Users/keonta/Documents/MyChannel/MyChannel/Core/Services/AdvancedSearchEngine.swift:526:32: warning: variable 'videoResult' was never mutated; consider changing to 'let' constant
            if case .video(var videoResult) = result {
                           ~~~ ^
                           let
/Users/keonta/Documents/MyChannel/MyChannel/Core/Services/AdvancedSearchService.swift:71:43: warning: comparing non-optional value of type 'AdvancedSearchFilters' to 'nil' always returns true
            "has_filters": String(filters != nil),
                                  ~~~~~~~ ^  ~~~
/Users/keonta/Documents/MyChannel/MyChannel/Core/Services/AdvancedSearchService.swift:880:20: warning: value 'tag' was defined but never used; consider replacing with boolean test
            if let tag = tag {
               ~~~~^~~~~~
                             != nil
/Users/keonta/Documents/MyChannel/MyChannel/Core/Services/AIContentGenerationEngine.swift:439:9: warning: immutable property will not be decoded because it is declared with an initial value which cannot be overwritten
    let id = UUID().uuidString
        ^
/Users/keonta/Documents/MyChannel/MyChannel/Core/Services/AIContentGenerationEngine.swift:439:9: note: set the initial value via the initializer or explicitly define a CodingKeys enum including a 'id' case to silence this warning
    let id = UUID().uuidString
        ^
/Users/keonta/Documents/MyChannel/MyChannel/Core/Services/AIContentGenerationEngine.swift:439:9: note: make the property mutable instead
    let id = UUID().uuidString
    ~~~ ^
    var
/Users/keonta/Documents/MyChannel/MyChannel/Core/Services/AIContentGenerationEngine.swift:523:9: warning: immutable property will not be decoded because it is declared with an initial value which cannot be overwritten
    let id = UUID().uuidString
        ^
/Users/keonta/Documents/MyChannel/MyChannel/Core/Services/AIContentGenerationEngine.swift:523:9: note: set the initial value via the initializer or explicitly define a CodingKeys enum including a 'id' case to silence this warning
    let id = UUID().uuidString
        ^
/Users/keonta/Documents/MyChannel/MyChannel/Core/Services/AIContentGenerationEngine.swift:523:9: note: make the property mutable instead
    let id = UUID().uuidString
    ~~~ ^
    var
/Users/keonta/Documents/MyChannel/MyChannel/Core/Services/ContentModerationAIReviewService.swift:59:13: warning: initialization of immutable value 'decoder' was never used; consider replacing with assignment to '_' or removing it
        let decoder = ISO8601DateFormatter()
        ~~~~^~~~~~~
        _
/Users/keonta/Documents/MyChannel/MyChannel/Core/Services/COPPAComplianceService.swift:123:31: warning: expression implicitly coerced from 'FieldValue?' to 'Any'
                "reviewedAt": reviewerId != nil ? FieldValue.serverTimestamp() : nil,
                              ^~~~~~~~~~~~~~~~~~~~~~~~~~~~~~~~~~~~~~~~~~~~~~~~~~~~~~
/Users/keonta/Documents/MyChannel/MyChannel/Core/Services/COPPAComplianceService.swift:123:49: note: provide a default value to avoid this warning
                "reviewedAt": reviewerId != nil ? FieldValue.serverTimestamp() : nil,
                              ~~~~~~~~~~~~~~~~~~^~~~~~~~~~~~~~~~~~~~~~~~~~~~~~~~~~~~
                                                                                     ?? <#default value#>
/Users/keonta/Documents/MyChannel/MyChannel/Core/Services/COPPAComplianceService.swift:123:49: note: force-unwrap the value to avoid this warning
                "reviewedAt": reviewerId != nil ? FieldValue.serverTimestamp() : nil,
                              ~~~~~~~~~~~~~~~~~~^~~~~~~~~~~~~~~~~~~~~~~~~~~~~~~~~~~~
                                                                                    !
/Users/keonta/Documents/MyChannel/MyChannel/Core/Services/COPPAComplianceService.swift:123:49: note: explicitly cast to 'Any' with 'as Any' to silence this warning
                "reviewedAt": reviewerId != nil ? FieldValue.serverTimestamp() : nil,
                              ~~~~~~~~~~~~~~~~~~^~~~~~~~~~~~~~~~~~~~~~~~~~~~~~~~~~~~
                                                                                     as Any
/Users/keonta/Documents/MyChannel/MyChannel/Core/Services/CustomReportBuilderService.swift:94:51: warning: keyword 'operator' does not need to be escaped in argument list
                return ReportFilter(field: field, `operator`: op, value: value)
                                                  ^        ~
                                                           
/Users/keonta/Documents/MyChannel/MyChannel/Core/Services/CustomReportBuilderService.swift:70:13: warning: initialization of immutable value 'decoder' was never used; consider replacing with assignment to '_' or removing it
        let decoder = ISO8601DateFormatter()
        ~~~~^~~~~~~
        _
/Users/keonta/Documents/MyChannel/MyChannel/Core/Services/CustomReportBuilderService.swift:121:13: warning: initialization of immutable value 'decoder' was never used; consider replacing with assignment to '_' or removing it
        let decoder = ISO8601DateFormatter()
        ~~~~^~~~~~~
        _
/Users/keonta/Documents/MyChannel/MyChannel/Core/Services/DisasterRecoveryService.swift:180:11: warning: 'catch' block is unreachable because no errors are thrown in 'do' block
        } catch {
          ^
/Users/keonta/Documents/MyChannel/MyChannel/Core/Services/DisasterRecoveryService.swift:219:11: warning: 'catch' block is unreachable because no errors are thrown in 'do' block
        } catch {
          ^
/Users/keonta/Documents/MyChannel/MyChannel/Core/Services/DisasterRecoveryService.swift:489:9: warning: immutable property will not be decoded because it is declared with an initial value which cannot be overwritten
    let id = UUID().uuidString
        ^
/Users/keonta/Documents/MyChannel/MyChannel/Core/Services/DisasterRecoveryService.swift:489:9: note: set the initial value via the initializer or explicitly define a CodingKeys enum including a 'id' case to silence this warning
    let id = UUID().uuidString
        ^
/Users/keonta/Documents/MyChannel/MyChannel/Core/Services/DisasterRecoveryService.swift:489:9: note: make the property mutable instead
    let id = UUID().uuidString
    ~~~ ^
    var
/Users/keonta/Documents/MyChannel/MyChannel/Core/Services/DRMService.swift:111:19: warning: value 'userId' was defined but never used; consider replacing with boolean test
        guard let userId = userId else { return false }
              ~~~~^~~~~~~~~
                                  != nil
/Users/keonta/Documents/MyChannel/MyChannel/Core/Services/AIRealtimeRankingService.swift:111:13: warning: initialization of immutable value 'analytics' was never used; consider replacing with assignment to '_' or removing it
        let analytics = AdvancedAnalyticsService.shared
        ~~~~^~~~~~~~~
        _
/Users/keonta/Documents/MyChannel/MyChannel/Core/Services/AIRealtimeRankingService.swift:165:13: warning: initialization of immutable value 'analytics' was never used; consider replacing with assignment to '_' or removing it
        let analytics = AdvancedAnalyticsService.shared
        ~~~~^~~~~~~~~
        _
/Users/keonta/Documents/MyChannel/MyChannel/Core/Services/AIRealtimeRankingService.swift:334:50: warning: left side of nil coalescing operator '??' has non-optional type 'Int', so the right side is never used
                    comments: video.commentCount ?? 0,
                              ~~~~~~~~~~~~~~~~~~~^~~~
                                                
/Users/keonta/Documents/MyChannel/MyChannel/Core/Services/AISearchService.swift:352:13: warning: variable 'allVideos' was never mutated; consider changing to 'let' constant
        var allVideos = await VideoFirestoreService.shared.fetchAllPublicVideos(limit: 50)
        ~~~ ^
        let
/Users/keonta/Documents/MyChannel/MyChannel/Core/Services/AITargetingEngine.swift:183:17: warning: initialization of immutable value 'finalScore' was never used; consider replacing with assignment to '_' or removing it
            let finalScore = (
            ~~~~^~~~~~~~~~
            _
/Users/keonta/Documents/MyChannel/MyChannel/Core/Services/AIVideoCoCreatorService.swift:262:9: warning: immutable property will not be decoded because it is declared with an initial value which cannot be overwritten
    let id = UUID()
        ^
/Users/keonta/Documents/MyChannel/MyChannel/Core/Services/AIVideoCoCreatorService.swift:262:9: note: set the initial value via the initializer or explicitly define a CodingKeys enum including a 'id' case to silence this warning
    let id = UUID()
        ^
/Users/keonta/Documents/MyChannel/MyChannel/Core/Services/AIVideoCoCreatorService.swift:262:9: note: make the property mutable instead
    let id = UUID()
    ~~~ ^
    var
/Users/keonta/Documents/MyChannel/MyChannel/Core/Services/AIVideoCoCreatorService.swift:277:9: warning: immutable property will not be decoded because it is declared with an initial value which cannot be overwritten
    let id = UUID()
        ^
/Users/keonta/Documents/MyChannel/MyChannel/Core/Services/AIVideoCoCreatorService.swift:277:9: note: set the initial value via the initializer or explicitly define a CodingKeys enum including a 'id' case to silence this warning
    let id = UUID()
        ^
/Users/keonta/Documents/MyChannel/MyChannel/Core/Services/AIVideoCoCreatorService.swift:277:9: note: make the property mutable instead
    let id = UUID()
    ~~~ ^
    var
/Users/keonta/Documents/MyChannel/MyChannel/Core/Services/AIVideoCoCreatorService.swift:292:9: warning: immutable property will not be decoded because it is declared with an initial value which cannot be overwritten
    let id = UUID()
        ^
/Users/keonta/Documents/MyChannel/MyChannel/Core/Services/AIVideoCoCreatorService.swift:292:9: note: set the initial value via the initializer or explicitly define a CodingKeys enum including a 'id' case to silence this warning
    let id = UUID()
        ^
/Users/keonta/Documents/MyChannel/MyChannel/Core/Services/AIVideoCoCreatorService.swift:292:9: note: make the property mutable instead
    let id = UUID()
    ~~~ ^
    var
/Users/keonta/Documents/MyChannel/MyChannel/Core/Services/AIVideoCoCreatorService.swift:338:9: warning: immutable property will not be decoded because it is declared with an initial value which cannot be overwritten
    let id = UUID()
        ^
/Users/keonta/Documents/MyChannel/MyChannel/Core/Services/AIVideoCoCreatorService.swift:338:9: note: set the initial value via the initializer or explicitly define a CodingKeys enum including a 'id' case to silence this warning
    let id = UUID()
        ^
/Users/keonta/Documents/MyChannel/MyChannel/Core/Services/AIVideoCoCreatorService.swift:338:9: note: make the property mutable instead
    let id = UUID()
    ~~~ ^
    var
/Users/keonta/Documents/MyChannel/MyChannel/Core/Services/AIVideoCoCreatorService.swift:356:9: warning: immutable property will not be decoded because it is declared with an initial value which cannot be overwritten
    let id = UUID()
        ^
/Users/keonta/Documents/MyChannel/MyChannel/Core/Services/AIVideoCoCreatorService.swift:356:9: note: set the initial value via the initializer or explicitly define a CodingKeys enum including a 'id' case to silence this warning
    let id = UUID()
        ^
/Users/keonta/Documents/MyChannel/MyChannel/Core/Services/AIVideoCoCreatorService.swift:356:9: note: make the property mutable instead
    let id = UUID()
    ~~~ ^
    var
/Users/keonta/Documents/MyChannel/MyChannel/Core/Services/AIVideoCoCreatorService.swift:366:9: warning: immutable property will not be decoded because it is declared with an initial value which cannot be overwritten
    let id = UUID()
        ^
/Users/keonta/Documents/MyChannel/MyChannel/Core/Services/AIVideoCoCreatorService.swift:366:9: note: set the initial value via the initializer or explicitly define a CodingKeys enum including a 'id' case to silence this warning
    let id = UUID()
        ^
/Users/keonta/Documents/MyChannel/MyChannel/Core/Services/AIVideoCoCreatorService.swift:366:9: note: make the property mutable instead
    let id = UUID()
    ~~~ ^
    var
/Users/keonta/Documents/MyChannel/MyChannel/Core/Services/AIVideoCoCreatorService.swift:374:9: warning: immutable property will not be decoded because it is declared with an initial value which cannot be overwritten
    let id = UUID()
        ^
/Users/keonta/Documents/MyChannel/MyChannel/Core/Services/AIVideoCoCreatorService.swift:374:9: note: set the initial value via the initializer or explicitly define a CodingKeys enum including a 'id' case to silence this warning
    let id = UUID()
        ^
/Users/keonta/Documents/MyChannel/MyChannel/Core/Services/AIVideoCoCreatorService.swift:374:9: note: make the property mutable instead
    let id = UUID()
    ~~~ ^
    var
/Users/keonta/Documents/MyChannel/MyChannel/Core/Services/AppState.swift:97:27: warning: 'catch' block is unreachable because no errors are thrown in 'do' block
                        } catch {
                          ^
/Users/keonta/Documents/MyChannel/MyChannel/Core/Services/AppState.swift:101:48: warning: 'catch' block is unreachable because no errors are thrown in 'do' block
                    do { self.loadUserData() } catch { print("⚠️ [AppState] Non-fatal: loadUserData failed") }
/Users/keonta/Documents/MyChannel/MyChannel/Core/Services/AppState.swift:102:56: warning: 'catch' block is unreachable because no errors are thrown in 'do' block
                    do { self.attachCloudListeners() } catch { print("⚠️ [AppState] Non-fatal: attachCloudListeners failed") }
/Users/keonta/Documents/MyChannel/MyChannel/Core/Services/AppState.swift:104:88: warning: 'catch' block is unreachable because no errors are thrown in 'do' block
                    do { SearchHistoryService.shared.startListening(userId: user.id) } catch { print("⚠️ [AppState] Non-fatal: SearchHistoryService listen failed") }
/Users/keonta/Documents/MyChannel/MyChannel/Core/Services/AppState.swift:106:84: warning: 'catch' block is unreachable because no errors are thrown in 'do' block
                    do { MLAgentNotificationBridge.shared.start(userId: user.id) } catch { print("⚠️ [AppState] Non-fatal: MLAgentNotificationBridge start failed") }
/Users/keonta/Documents/MyChannel/MyChannel/Core/Services/AppState.swift:412:37: warning: expression implicitly coerced from 'Data?' to 'Any'
                    "watchHistory": try? JSONEncoder().encode(watchHistory)
                                    ^~~~~~~~~~~~~~~~~~~~~~~~~~~~~~~~~~~~~~~
/Users/keonta/Documents/MyChannel/MyChannel/Core/Services/AppState.swift:412:56: note: provide a default value to avoid this warning
                    "watchHistory": try? JSONEncoder().encode(watchHistory)
                                    ~~~~~~~~~~~~~~~~~~~^~~~~~~~~~~~~~~~~~~~
                                                                            ?? <#default value#>
/Users/keonta/Documents/MyChannel/MyChannel/Core/Services/AppState.swift:412:56: note: force-unwrap the value to avoid this warning
                    "watchHistory": try? JSONEncoder().encode(watchHistory)
                                    ~~~~~~~~~~~~~~~~~~~^~~~~~~~~~~~~~~~~~~~
                                                                           !
/Users/keonta/Documents/MyChannel/MyChannel/Core/Services/AppState.swift:412:56: note: explicitly cast to 'Any' with 'as Any' to silence this warning
                    "watchHistory": try? JSONEncoder().encode(watchHistory)
                                    ~~~~~~~~~~~~~~~~~~~^~~~~~~~~~~~~~~~~~~~
                                                                            as Any
/Users/keonta/Documents/MyChannel/MyChannel/Core/Services/AppState.swift:438:27: warning: value 'legacyHistory' was defined but never used; consider replacing with boolean test
            } else if let legacyHistory = userData["watchHistory"] as? [String] {
                      ~~~~^~~~~~~~~~~~~~~~                         ~~~
                                                                   is
/Users/keonta/Documents/MyChannel/MyChannel/Core/Services/EnhancedCreatorStudioService.swift:168:13: warning: variable 'videoCount' was never mutated; consider changing to 'let' constant
        var videoCount = videosSnapshot.documents.count
        ~~~ ^
        let
/Users/keonta/Documents/MyChannel/MyChannel/Core/Services/EnhancedMoviesService.swift:729:9: warning: immutable property will not be decoded because it is declared with an initial value which cannot be overwritten
    let id = UUID().uuidString
        ^
/Users/keonta/Documents/MyChannel/MyChannel/Core/Services/EnhancedMoviesService.swift:729:9: note: set the initial value via the initializer or explicitly define a CodingKeys enum including a 'id' case to silence this warning
    let id = UUID().uuidString
        ^
/Users/keonta/Documents/MyChannel/MyChannel/Core/Services/EnhancedMoviesService.swift:729:9: note: make the property mutable instead
    let id = UUID().uuidString
    ~~~ ^
    var
/Users/keonta/Documents/MyChannel/MyChannel/Core/Services/EnhancedVideoService.swift:193:13: warning: initialization of immutable value 'endpoint' was never used; consider replacing with assignment to '_' or removing it
        let endpoint = query != nil 
        ~~~~^~~~~~~~
        _
/Users/keonta/Documents/MyChannel/MyChannel/Core/Services/EnhancedVideoService.swift:226:13: warning: initialization of immutable value 'apiKey' was never used; consider replacing with assignment to '_' or removing it
        let apiKey = "your_omdb_api_key" // Get free from http://www.omdbapi.com/apikey.aspx
        ~~~~^~~~~~
        _
/Users/keonta/Documents/MyChannel/MyChannel/Core/Services/EnhancedVideoService.swift:227:13: warning: initialization of immutable value 'searchTerm' was never used; consider replacing with assignment to '_' or removing it
        let searchTerm = query ?? "action"
        ~~~~^~~~~~~~~~
        _
/Users/keonta/Documents/MyChannel/MyChannel/Core/Services/EnhancedVideoService.swift:266:13: warning: initialization of immutable value 'endpoint' was never used; consider replacing with assignment to '_' or removing it
        let endpoint = query != nil
        ~~~~^~~~~~~~
        _
/Users/keonta/Documents/MyChannel/MyChannel/Core/Services/EnhancedVideoService.swift:309:13: warning: initialization of immutable value 'graphQLEndpoint' was never used; consider replacing with assignment to '_' or removing it
        let graphQLEndpoint = "https://graphql.anilist.co"
        ~~~~^~~~~~~~~~~~~~~
        _
/Users/keonta/Documents/MyChannel/MyChannel/Core/Services/EnhancedVideoService.swift:334:13: warning: initialization of immutable value 'baseURL' was never used; consider replacing with assignment to '_' or removing it
        let baseURL = "https://archive.org/advancedsearch.php"
        ~~~~^~~~~~~
        _
/Users/keonta/Documents/MyChannel/MyChannel/Core/Services/EnhancedVideoService.swift:374:13: warning: initialization of immutable value 'apiKey' was never used; consider replacing with assignment to '_' or removing it
        let apiKey = "your_youtube_api_key" // Get from Google Cloud Console
        ~~~~^~~~~~
        _
/Users/keonta/Documents/MyChannel/MyChannel/Core/Services/EnhancedVideoService.swift:375:13: warning: initialization of immutable value 'baseURL' was never used; consider replacing with assignment to '_' or removing it
        let baseURL = "https://www.googleapis.com/youtube/v3"
        ~~~~^~~~~~~
        _
/Users/keonta/Documents/MyChannel/MyChannel/Core/Services/EnhancedVideoUploadService.swift:385:13: warning: variable 'lastError' was written to, but never read
        var lastError: Error?
            ^
/Users/keonta/Documents/MyChannel/MyChannel/Core/Services/EnhancedVideoUploadService.swift:790:13: warning: result of 'try?' is unused
            try? await self.performMLRequest(
            ^~~~~~~~~~~~~~~~~~~~~~~~~~~~~~~~~
/Users/keonta/Documents/MyChannel/MyChannel/Core/Services/FeaturedStore.swift:157:13: warning: initialization of immutable value 'now' was never used; consider replacing with assignment to '_' or removing it
        let now = Date()
        ~~~~^~~
        _
/Users/keonta/Documents/MyChannel/MyChannel/Core/Services/FeaturedStore.swift:311:13: warning: variable 'didStartAccess' was never mutated; consider changing to 'let' constant
        var didStartAccess = sourceURL.startAccessingSecurityScopedResource()
        ~~~ ^
        let
/Users/keonta/Documents/MyChannel/MyChannel/Core/Services/CCQuickActionService.swift:182:9: warning: result of 'try?' is unused
        try? await db.collection("ccActionLog").addDocument(data: [
        ^~~~~~~~~~~~~~~~~~~~~~~~~~~~~~~~~~~~~~~~~~~~~~~~~~~~~~~~~~~
/Users/keonta/Documents/MyChannel/MyChannel/Core/Services/CCQuickActionService.swift:221:9: warning: result of 'try?' is unused
        try? await db.collection("featureFlagOverrides").addDocument(data: [
        ^~~~~~~~~~~~~~~~~~~~~~~~~~~~~~~~~~~~~~~~~~~~~~~~~~~~~~~~~~~~~~~~~~~~
/Users/keonta/Documents/MyChannel/MyChannel/Core/Services/CCVoiceAssistantService.swift:225:9: warning: result of 'try?' is unused
        try? await db.collection("ccVoiceCommands").addDocument(data: [
        ^~~~~~~~~~~~~~~~~~~~~~~~~~~~~~~~~~~~~~~~~~~~~~~~~~~~~~~~~~~~~~~
/Users/keonta/Documents/MyChannel/MyChannel/Core/Services/ChangeManagementService.swift:79:13: warning: initialization of immutable value 'decoder' was never used; consider replacing with assignment to '_' or removing it
        let decoder = ISO8601DateFormatter()
        ~~~~^~~~~~~
        _
/Users/keonta/Documents/MyChannel/MyChannel/Core/Services/ChangeManagementService.swift:119:13: warning: initialization of immutable value 'decoder' was never used; consider replacing with assignment to '_' or removing it
        let decoder = ISO8601DateFormatter()
        ~~~~^~~~~~~
        _
/Users/keonta/Documents/MyChannel/MyChannel/Core/Services/ChangeManagementService.swift:156:13: warning: initialization of immutable value 'decoder' was never used; consider replacing with assignment to '_' or removing it
        let decoder = ISO8601DateFormatter()
        ~~~~^~~~~~~
        _
/Users/keonta/Documents/MyChannel/MyChannel/Core/Services/ChannelMindAGI.swift:735:13: warning: immutable value 'r' was never used; consider replacing with '_' or removing it
        let r: Raw = try await CloudRunAgentRouter.post(.superAITeam, path: "/predict",
            ^
            _
/Users/keonta/Documents/MyChannel/MyChannel/Core/Services/CommandCenterAnalyticsService.swift:68:13: warning: initialization of immutable value 'db' was never used; consider replacing with assignment to '_' or removing it
        let db = Firestore.firestore()
        ~~~~^~
        _
/Users/keonta/Documents/MyChannel/MyChannel/Core/Services/AudioPreviewPlayer.swift:104:22: warning: main actor-isolated property 'progress' can not be mutated from a Sendable closure
                self.progress = min(1.0, max(0.0, time.seconds / duration))
                     ^
/Users/keonta/Documents/MyChannel/MyChannel/Core/Services/AudioPreviewPlayer.swift:20:20: note: mutation of this property is only permitted within the actor
    @Published var progress: Double = 0.0
                   ^
/Users/keonta/Documents/MyChannel/MyChannel/Core/Services/AudioPreviewPlayer.swift:105:22: warning: main actor-isolated property 'durationSeconds' can not be mutated from a Sendable closure
                self.durationSeconds = duration
                     ^
/Users/keonta/Documents/MyChannel/MyChannel/Core/Services/AudioPreviewPlayer.swift:25:20: note: mutation of this property is only permitted within the actor
    @Published var durationSeconds: Double = 30
                   ^
/Users/keonta/Documents/MyChannel/MyChannel/Core/Services/AudioPreviewPlayer.swift:106:22: warning: call to main actor-isolated instance method 'updateElapsed(time:duration:)' in a synchronous nonisolated context
                self.updateElapsed(time: time.seconds, duration: duration)
                     ^
/Users/keonta/Documents/MyChannel/MyChannel/Core/Services/AudioPreviewPlayer.swift:155:18: note: calls to instance method 'updateElapsed(time:duration:)' from outside of its actor context are implicitly asynchronous
    private func updateElapsed(time: Double, duration: Double) {
                 ^
/Users/keonta/Documents/MyChannel/MyChannel/Core/Services/AudioPreviewPlayer.swift:108:22: warning: main actor-isolated property 'progress' can not be mutated from a Sendable closure
                self.progress = 0
                     ^
/Users/keonta/Documents/MyChannel/MyChannel/Core/Services/AudioPreviewPlayer.swift:20:20: note: mutation of this property is only permitted within the actor
    @Published var progress: Double = 0.0
                   ^
/Users/keonta/Documents/MyChannel/MyChannel/Core/Services/AudioPreviewPlayer.swift:113:22: warning: main actor-isolated property 'queue' can not be referenced from a Sendable closure
            if !self.queue.isEmpty {
                     ^
/Users/keonta/Documents/MyChannel/MyChannel/Core/Services/AudioPreviewPlayer.swift:21:20: note: property declared here
    @Published var queue: [PreviewQueueItem] = []
                   ^
/Users/keonta/Documents/MyChannel/MyChannel/Core/Services/AudioPreviewPlayer.swift:114:22: warning: call to main actor-isolated instance method 'playNextFromQueue()' in a synchronous nonisolated context
                self.playNextFromQueue()
                     ^
/Users/keonta/Documents/MyChannel/MyChannel/Core/Services/AudioPreviewPlayer.swift:92:18: note: calls to instance method 'playNextFromQueue()' from outside of its actor context are implicitly asynchronous
    private func playNextFromQueue() {
                 ^
/Users/keonta/Documents/MyChannel/MyChannel/Core/Services/AudioPreviewPlayer.swift:116:22: warning: call to main actor-isolated instance method 'stop()' in a synchronous nonisolated context
                self.stop()
                     ^
/Users/keonta/Documents/MyChannel/MyChannel/Core/Services/AudioPreviewPlayer.swift:66:10: note: calls to instance method 'stop()' from outside of its actor context are implicitly asynchronous
    func stop() {
         ^
/Users/keonta/Documents/MyChannel/MyChannel/Core/Services/AudioSwapService.swift:266:19: warning: variable 'project' was never mutated; consider changing to 'let' constant
        guard var project = projects[projectId] else { return }
              ~~~ ^
              let
/Users/keonta/Documents/MyChannel/MyChannel/Core/Services/AudioSwapService.swift:288:19: warning: variable 'project' was never mutated; consider changing to 'let' constant
        guard var project = projects[projectId] else { return }
              ~~~ ^
              let
/Users/keonta/Documents/MyChannel/MyChannel/Core/Services/AudioSwapService.swift:307:19: warning: variable 'project' was never mutated; consider changing to 'let' constant
        guard var project = projects[projectId] else { return }
              ~~~ ^
              let
/Users/keonta/Documents/MyChannel/MyChannel/Core/Services/AudioSwapService.swift:328:19: warning: variable 'project' was never mutated; consider changing to 'let' constant
        guard var project = projects[projectId],
              ~~~ ^
              let
/Users/keonta/Documents/MyChannel/MyChannel/Core/Services/AudioSwapService.swift:330:19: warning: immutable value 'selectedTrack' was never used; consider replacing with '_' or removing it
              let selectedTrack = project.replacementTracks.first(where: { $0.id == selectedTrackId }) else {
              ~~~~^~~~~~~~~~~~~
              _
/Users/keonta/Documents/MyChannel/MyChannel/Core/Services/AudioSwapService.swift:418:19: warning: value 'url' was defined but never used; consider replacing with boolean test
        guard let url = URL(string: track.previewURL) else { return }
              ~~~~^~~~~~
                                                      != nil
/Users/keonta/Documents/MyChannel/MyChannel/Core/Services/ChannelMindAGI.swift:735:13: warning: immutable value 'r' was never used; consider replacing with '_' or removing it
        let r: Raw = try await CloudRunAgentRouter.post(.superAITeam, path: "/predict",
            ^
            _
/Users/keonta/Documents/MyChannel/MyChannel/Core/Services/RevenueAttributionService.swift:97:21: warning: keyword 'return' does not need to be escaped in argument list
                    `return`: $0.return,
                    ^      ~
                           
/Users/keonta/Documents/MyChannel/MyChannel/Core/Services/ChannelMindAGI.swift:735:13: warning: immutable value 'r' was never used; consider replacing with '_' or removing it
        let r: Raw = try await CloudRunAgentRouter.post(.superAITeam, path: "/predict",
            ^
            _
/Users/keonta/Documents/MyChannel/MyChannel/Core/Services/RevenueAttributionService.swift:97:21: warning: keyword 'return' does not need to be escaped in argument list
                    `return`: $0.return,
                    ^      ~
                           
/Users/keonta/Documents/MyChannel/MyChannel/Core/Services/CustomReportBuilderService.swift:94:51: warning: keyword 'operator' does not need to be escaped in argument list
                return ReportFilter(field: field, `operator`: op, value: value)
                                                  ^        ~
                                                           
/Users/keonta/Documents/MyChannel/MyChannel/Core/Services/CustomReportBuilderService.swift:70:13: warning: initialization of immutable value 'decoder' was never used; consider replacing with assignment to '_' or removing it
        let decoder = ISO8601DateFormatter()
        ~~~~^~~~~~~
        _
/Users/keonta/Documents/MyChannel/MyChannel/Core/Services/CustomReportBuilderService.swift:121:13: warning: initialization of immutable value 'decoder' was never used; consider replacing with assignment to '_' or removing it
        let decoder = ISO8601DateFormatter()
        ~~~~^~~~~~~
        _
/Users/keonta/Documents/MyChannel/MyChannel/Core/Services/DisasterRecoveryService.swift:180:11: warning: 'catch' block is unreachable because no errors are thrown in 'do' block
        } catch {
          ^
/Users/keonta/Documents/MyChannel/MyChannel/Core/Services/DisasterRecoveryService.swift:219:11: warning: 'catch' block is unreachable because no errors are thrown in 'do' block
        } catch {
          ^
/Users/keonta/Documents/MyChannel/MyChannel/Core/Services/DisasterRecoveryService.swift:489:9: warning: immutable property will not be decoded because it is declared with an initial value which cannot be overwritten
    let id = UUID().uuidString
        ^
/Users/keonta/Documents/MyChannel/MyChannel/Core/Services/DisasterRecoveryService.swift:489:9: note: set the initial value via the initializer or explicitly define a CodingKeys enum including a 'id' case to silence this warning
    let id = UUID().uuidString
        ^
/Users/keonta/Documents/MyChannel/MyChannel/Core/Services/DisasterRecoveryService.swift:489:9: note: make the property mutable instead
    let id = UUID().uuidString
    ~~~ ^
    var
/Users/keonta/Documents/MyChannel/MyChannel/Core/Services/DRMService.swift:111:19: warning: value 'userId' was defined but never used; consider replacing with boolean test
        guard let userId = userId else { return false }
              ~~~~^~~~~~~~~
                                  != nil
/Users/keonta/Documents/MyChannel/MyChannel/Core/Services/AdvancedAnalyticsService.swift:539:17: warning: variable 'enhanced' was never mutated; consider changing to 'let' constant
            var enhanced = video
            ~~~ ^
            let
/Users/keonta/Documents/MyChannel/MyChannel/Core/Services/AdvancedAnalyticsService.swift:760:9: warning: immutable property will not be decoded because it is declared with an initial value which cannot be overwritten
    let id = UUID()
        ^
/Users/keonta/Documents/MyChannel/MyChannel/Core/Services/AdvancedAnalyticsService.swift:760:9: note: set the initial value via the initializer or explicitly define a CodingKeys enum including a 'id' case to silence this warning
    let id = UUID()
        ^
/Users/keonta/Documents/MyChannel/MyChannel/Core/Services/AdvancedAnalyticsService.swift:760:9: note: make the property mutable instead
    let id = UUID()
    ~~~ ^
    var
/Users/keonta/Documents/MyChannel/MyChannel/Core/Services/AdvancedAnalyticsService.swift:769:9: warning: immutable property will not be decoded because it is declared with an initial value which cannot be overwritten
    let id = UUID()
        ^
/Users/keonta/Documents/MyChannel/MyChannel/Core/Services/AdvancedAnalyticsService.swift:769:9: note: set the initial value via the initializer or explicitly define a CodingKeys enum including a 'id' case to silence this warning
    let id = UUID()
        ^
/Users/keonta/Documents/MyChannel/MyChannel/Core/Services/AdvancedAnalyticsService.swift:769:9: note: make the property mutable instead
    let id = UUID()
    ~~~ ^
    var
/Users/keonta/Documents/MyChannel/MyChannel/Core/Services/AdvancedAnalyticsService.swift:867:9: warning: immutable property will not be decoded because it is declared with an initial value which cannot be overwritten
    let id = UUID()
        ^
/Users/keonta/Documents/MyChannel/MyChannel/Core/Services/AdvancedAnalyticsService.swift:867:9: note: set the initial value via the initializer or explicitly define a CodingKeys enum including a 'id' case to silence this warning
    let id = UUID()
        ^
/Users/keonta/Documents/MyChannel/MyChannel/Core/Services/AdvancedAnalyticsService.swift:867:9: note: make the property mutable instead
    let id = UUID()
    ~~~ ^
    var
/Users/keonta/Documents/MyChannel/MyChannel/Core/Services/AdvancedAnalyticsService.swift:886:9: warning: immutable property will not be decoded because it is declared with an initial value which cannot be overwritten
    let id = UUID()
        ^
/Users/keonta/Documents/MyChannel/MyChannel/Core/Services/AdvancedAnalyticsService.swift:886:9: note: set the initial value via the initializer or explicitly define a CodingKeys enum including a 'id' case to silence this warning
    let id = UUID()
        ^
/Users/keonta/Documents/MyChannel/MyChannel/Core/Services/AdvancedAnalyticsService.swift:886:9: note: make the property mutable instead
    let id = UUID()
    ~~~ ^
    var
/Users/keonta/Documents/MyChannel/MyChannel/Core/Services/AdvancedAnalyticsService.swift:899:9: warning: immutable property will not be decoded because it is declared with an initial value which cannot be overwritten
    let id = UUID()
        ^
/Users/keonta/Documents/MyChannel/MyChannel/Core/Services/AdvancedAnalyticsService.swift:899:9: note: set the initial value via the initializer or explicitly define a CodingKeys enum including a 'id' case to silence this warning
    let id = UUID()
        ^
/Users/keonta/Documents/MyChannel/MyChannel/Core/Services/AdvancedAnalyticsService.swift:899:9: note: make the property mutable instead
    let id = UUID()
    ~~~ ^
    var
/Users/keonta/Documents/MyChannel/MyChannel/Core/Services/AdvancedAnalyticsService.swift:909:9: warning: immutable property will not be decoded because it is declared with an initial value which cannot be overwritten
    let id = UUID()
        ^
/Users/keonta/Documents/MyChannel/MyChannel/Core/Services/AdvancedAnalyticsService.swift:909:9: note: set the initial value via the initializer or explicitly define a CodingKeys enum including a 'id' case to silence this warning
    let id = UUID()
        ^
/Users/keonta/Documents/MyChannel/MyChannel/Core/Services/AdvancedAnalyticsService.swift:909:9: note: make the property mutable instead
    let id = UUID()
    ~~~ ^
    var
/Users/keonta/Documents/MyChannel/MyChannel/Core/Services/AdvancedSearchEngine.swift:269:13: warning: initialization of immutable value 'queryEmbedding' was never used; consider replacing with assignment to '_' or removing it
        let queryEmbedding = await generateEmbedding(text: query)
        ~~~~^~~~~~~~~~~~~~
        _
/Users/keonta/Documents/MyChannel/MyChannel/Core/Services/AdvancedSearchEngine.swift:376:20: warning: value 'tag' was defined but never used; consider replacing with boolean test
            if let tag = tag {
               ~~~~^~~~~~
                             != nil
/Users/keonta/Documents/MyChannel/MyChannel/Core/Services/AdvancedSearchEngine.swift:418:21: warning: initialization of immutable value 'count' was never used; consider replacing with assignment to '_' or removing it
                let count = data["count"] as? Int ?? 0
                ~~~~^~~~~
                _
/Users/keonta/Documents/MyChannel/MyChannel/Core/Services/AdvancedSearchEngine.swift:419:21: warning: initialization of immutable value 'category' was never used; consider replacing with assignment to '_' or removing it
                let category = data["category"] as? String
                ~~~~^~~~~~~~
                _
/Users/keonta/Documents/MyChannel/MyChannel/Core/Services/AdvancedSearchEngine.swift:470:21: warning: initialization of immutable value 'popularity' was never used; consider replacing with assignment to '_' or removing it
                let popularity = data["popularity"] as? Double ?? 0
                ~~~~^~~~~~~~~~
                _
/Users/keonta/Documents/MyChannel/MyChannel/Core/Services/AdvancedSearchEngine.swift:526:32: warning: variable 'videoResult' was never mutated; consider changing to 'let' constant
            if case .video(var videoResult) = result {
                           ~~~ ^
                           let
/Users/keonta/Documents/MyChannel/MyChannel/Core/Services/AdvancedSearchService.swift:71:43: warning: comparing non-optional value of type 'AdvancedSearchFilters' to 'nil' always returns true
            "has_filters": String(filters != nil),
                                  ~~~~~~~ ^  ~~~
/Users/keonta/Documents/MyChannel/MyChannel/Core/Services/AdvancedSearchService.swift:880:20: warning: value 'tag' was defined but never used; consider replacing with boolean test
            if let tag = tag {
               ~~~~^~~~~~
                             != nil
/Users/keonta/Documents/MyChannel/MyChannel/Core/Services/AIContentGenerationEngine.swift:439:9: warning: immutable property will not be decoded because it is declared with an initial value which cannot be overwritten
    let id = UUID().uuidString
        ^
/Users/keonta/Documents/MyChannel/MyChannel/Core/Services/AIContentGenerationEngine.swift:439:9: note: set the initial value via the initializer or explicitly define a CodingKeys enum including a 'id' case to silence this warning
    let id = UUID().uuidString
        ^
/Users/keonta/Documents/MyChannel/MyChannel/Core/Services/AIContentGenerationEngine.swift:439:9: note: make the property mutable instead
    let id = UUID().uuidString
    ~~~ ^
    var
/Users/keonta/Documents/MyChannel/MyChannel/Core/Services/AIContentGenerationEngine.swift:523:9: warning: immutable property will not be decoded because it is declared with an initial value which cannot be overwritten
    let id = UUID().uuidString
        ^
/Users/keonta/Documents/MyChannel/MyChannel/Core/Services/AIContentGenerationEngine.swift:523:9: note: set the initial value via the initializer or explicitly define a CodingKeys enum including a 'id' case to silence this warning
    let id = UUID().uuidString
        ^
/Users/keonta/Documents/MyChannel/MyChannel/Core/Services/AIContentGenerationEngine.swift:523:9: note: make the property mutable instead
    let id = UUID().uuidString
    ~~~ ^
    var
/Users/keonta/Documents/MyChannel/MyChannel/Core/Services/SLAMonitoringService.swift:111:13: warning: initialization of immutable value 'decoder' was never used; consider replacing with assignment to '_' or removing it
        let decoder = ISO8601DateFormatter()
        ~~~~^~~~~~~
        _
/Users/keonta/Documents/MyChannel/MyChannel/Core/Services/SmartBriefingService.swift:103:13: warning: result of 'try?' is unused
            try? await db.collection("briefingArchive").addDocument(data: [
            ^~~~~~~~~~~~~~~~~~~~~~~~~~~~~~~~~~~~~~~~~~~~~~~~~~~~~~~~~~~~~~~
/Users/keonta/Documents/MyChannel/MyChannel/Core/Services/SmartCacheService.swift:88:19: warning: call to main actor-isolated instance method 'clearMemoryCache()' in a synchronous nonisolated context
            self?.clearMemoryCache() // Calls the public function below
                  ^
/Users/keonta/Documents/MyChannel/MyChannel/Core/Services/SmartCacheService.swift:282:10: note: calls to instance method 'clearMemoryCache()' from outside of its actor context are implicitly asynchronous
    func clearMemoryCache() {
         ^
/Users/keonta/Documents/MyChannel/MyChannel/Core/Services/SSLPinningDelegate.swift:32:15: warning: 'SecTrustEvaluate' was deprecated in iOS 13.0: renamed to 'SecTrustEvaluateWithError(_:_:)'
        guard SecTrustEvaluate(trust, &result) == errSecSuccess else {
              ^
/Users/keonta/Documents/MyChannel/MyChannel/Core/Services/SSLPinningDelegate.swift:32:15: note: use 'SecTrustEvaluateWithError(_:_:)' instead
        guard SecTrustEvaluate(trust, &result) == errSecSuccess else {
              ^~~~~~~~~~~~~~~~
              SecTrustEvaluateWithError
/Users/keonta/Documents/MyChannel/MyChannel/Core/Services/SSLPinningDelegate.swift:37:26: warning: 'SecTrustGetCertificateAtIndex' was deprecated in iOS 15.0: renamed to 'SecTrustCopyCertificateChain(_:)'
        guard let cert = SecTrustGetCertificateAtIndex(trust, 0),
                         ^
/Users/keonta/Documents/MyChannel/MyChannel/Core/Services/SSLPinningDelegate.swift:37:26: note: use 'SecTrustCopyCertificateChain(_:)' instead
        guard let cert = SecTrustGetCertificateAtIndex(trust, 0),
                         ^~~~~~~~~~~~~~~~~~~~~~~~~~~~~
                         SecTrustCopyCertificateChain
/Users/keonta/Documents/MyChannel/MyChannel/Core/Services/StallRecoveryManager.swift:122:18: warning: main actor-isolated property 'isRecovering' can not be mutated from a Sendable closure
            self.isRecovering[video.id] = false
                 ^
/Users/keonta/Documents/MyChannel/MyChannel/Core/Services/StallRecoveryManager.swift:19:17: note: mutation of this property is only permitted within the actor
    private var isRecovering: [String: Bool] = [:]
                ^
/Users/keonta/Documents/MyChannel/MyChannel/Core/Services/StallRecoveryManager.swift:153:22: warning: call to main actor-isolated instance method 'handleStall(player:video:)' in a synchronous nonisolated context
                self.handleStall(player: player, video: video)
                     ^
/Users/keonta/Documents/MyChannel/MyChannel/Core/Services/StallRecoveryManager.swift:30:10: note: calls to instance method 'handleStall(player:video:)' from outside of its actor context are implicitly asynchronous
    func handleStall(player: AVPlayer, video: Video) {
         ^
/Users/keonta/Documents/MyChannel/MyChannel/Core/Services/StoriesCDNService.swift:428:13: warning: initialization of immutable value 'now' was never used; consider replacing with assignment to '_' or removing it
        let now = Date()
        ~~~~^~~
        _
/Users/keonta/Documents/MyChannel/MyChannel/Core/Services/FlicksCDNService.swift:185:13: warning: initialization of immutable value 'filename' was never used; consider replacing with assignment to '_' or removing it
        let filename = originalURL.lastPathComponent
        ~~~~^~~~~~~~
        _
/Users/keonta/Documents/MyChannel/MyChannel/Core/Services/FlicksCDNService.swift:394:13: warning: immutable value 'maxAge' was never used; consider replacing with '_' or removing it
        let maxAge: TimeInterval = TimeInterval(RemoteConfigManager.shared.cacheDurationHours * 3600)
            ^~~~~~
            _
/Users/keonta/Documents/MyChannel/MyChannel/Core/Services/GeolocationAnalyticsService.swift:96:23: warning: 'regionCode' was deprecated in iOS 16: renamed to 'region.identifier'
        return locale.regionCode
                      ^
/Users/keonta/Documents/MyChannel/MyChannel/Core/Services/GeolocationAnalyticsService.swift:96:23: note: use 'region.identifier' instead
        return locale.regionCode
                      ^~~~~~~~~~
                      region.identifier
/Users/keonta/Documents/MyChannel/MyChannel/Core/Services/GeolocationAnalyticsService.swift:93:19: warning: value 'location' was defined but never used; consider replacing with boolean test
        guard let location = locationManager.location else { return nil }
              ~~~~^~~~~~~~~~~
                                                      != nil
/Users/keonta/Documents/MyChannel/MyChannel/Core/Services/GeolocationAnalyticsService.swift:94:13: warning: initialization of immutable value 'geocoder' was never used; consider replacing with assignment to '_' or removing it
        let geocoder = CLGeocoder()
        ~~~~^~~~~~~~
        _
/Users/keonta/Documents/MyChannel/MyChannel/Core/Services/GoogleIMAAdManager.swift:125:84: warning: left side of nil coalescing operator '??' has non-optional type 'String', so the right side is never used
        print("🎯 [GoogleIMAAdManager] Requesting pre-roll for video: \(video.id ?? "unknown")")
/Users/keonta/Documents/MyChannel/MyChannel/Core/Services/GoogleIMAAdManager.swift:185:48: warning: left side of nil coalescing operator '??' has non-optional type 'String', so the right side is never used
        let targeting = "video_id%3D\(video.id ?? "")%26category%3D\(video.category.rawValue)"
                                      ~~~~~~~~~^~~~~
                                              
/Users/keonta/Documents/MyChannel/MyChannel/Core/Services/GoogleIMAAdManager.swift:200:68: warning: left side of nil coalescing operator '??' has non-optional type 'String', so the right side is never used
            return parseVASTResponse(vastString, videoId: video.id ?? "")
                                                          ~~~~~~~~~^~~~~
                                                                  
/Users/keonta/Documents/MyChannel/MyChannel/Core/Services/GoogleIMAAdManager.swift:696:19: warning: call to main actor-isolated instance method 'adComplete()' in a synchronous nonisolated context
            self?.adComplete()
                  ^
/Users/keonta/Documents/MyChannel/MyChannel/Core/Services/GoogleIMAAdManager.swift:655:18: note: calls to instance method 'adComplete()' from outside of its actor context are implicitly asynchronous
    private func adComplete() {
                 ^
/Users/keonta/Documents/MyChannel/MyChannel/Core/Services/GoogleIMAAdManager.swift:705:19: warning: main actor-isolated property 'adState' can not be mutated from a Sendable closure
            self?.adState = .failed("Playback error")
                  ^
/Users/keonta/Documents/MyChannel/MyChannel/Core/Services/GoogleIMAAdManager.swift:91:20: note: mutation of this property is only permitted within the actor
    @Published var adState: AdPlaybackState = .idle
                   ^
/Users/keonta/Documents/MyChannel/MyChannel/Core/Services/GoogleIMAAdManager.swift:706:19: warning: main actor-isolated property 'onAdError' can not be referenced from a Sendable closure
            self?.onAdError?("Playback error")
                  ^
/Users/keonta/Documents/MyChannel/MyChannel/Core/Services/GoogleIMAAdManager.swift:110:9: note: property declared here
    var onAdError: ((String) -> Void)?
        ^
/Users/keonta/Documents/MyChannel/MyChannel/Core/Services/GoogleIMAAdManager.swift:707:19: warning: call to main actor-isolated instance method 'cleanup()' in a synchronous nonisolated context
            self?.cleanup()
                  ^
/Users/keonta/Documents/MyChannel/MyChannel/Core/Services/GoogleIMAAdManager.swift:713:10: note: calls to instance method 'cleanup()' from outside of its actor context are implicitly asynchronous
    func cleanup() {
         ^
/Users/keonta/Documents/MyChannel/MyChannel/Core/Services/ImmersiveContentService.swift:67:18: warning: 'stringValue' was deprecated in iOS 16.0: Use load(.stringValue) instead
            item.stringValue?.contains("spherical") == true
                 ^
/Users/keonta/Documents/MyChannel/MyChannel/Core/Services/ImmersiveContentService.swift:224:97: warning: 'allowBluetooth' was deprecated in iOS 8.0: renamed to 'AVAudioSession.CategoryOptions.allowBluetoothHFP'
        try audioSession.setCategory(.playback, mode: .moviePlayback, options: [.allowAirPlay, .allowBluetooth])
                                                                                                ^
/Users/keonta/Documents/MyChannel/MyChannel/Core/Services/ImmersiveContentService.swift:224:97: note: use 'AVAudioSession.CategoryOptions.allowBluetoothHFP' instead
        try audioSession.setCategory(.playback, mode: .moviePlayback, options: [.allowAirPlay, .allowBluetooth])
                                                                                                ^~~~~~~~~~~~~~
                                                                                                AVAudioSession.CategoryOptions.allowBluetoothHFP
/Users/keonta/Documents/MyChannel/MyChannel/Core/Services/ImmersiveContentService.swift:552:9: warning: immutable property will not be decoded because it is declared with an initial value which cannot be overwritten
    let id = UUID()
        ^
/Users/keonta/Documents/MyChannel/MyChannel/Core/Services/ImmersiveContentService.swift:552:9: note: set the initial value via the initializer or explicitly define a CodingKeys enum including a 'id' case to silence this warning
    let id = UUID()
        ^
/Users/keonta/Documents/MyChannel/MyChannel/Core/Services/ImmersiveContentService.swift:552:9: note: make the property mutable instead
    let id = UUID()
    ~~~ ^
    var
/Users/keonta/Documents/MyChannel/MyChannel/Core/Services/ImmersiveContentService.swift:678:9: warning: immutable property will not be decoded because it is declared with an initial value which cannot be overwritten
    let id = UUID()
        ^
/Users/keonta/Documents/MyChannel/MyChannel/Core/Services/ImmersiveContentService.swift:678:9: note: set the initial value via the initializer or explicitly define a CodingKeys enum including a 'id' case to silence this warning
    let id = UUID()
        ^
/Users/keonta/Documents/MyChannel/MyChannel/Core/Services/ImmersiveContentService.swift:678:9: note: make the property mutable instead
    let id = UUID()
    ~~~ ^
    var
/Users/keonta/Documents/MyChannel/MyChannel/Core/Services/IncidentCommandService.swift:153:13: warning: initialization of immutable value 'incident' was never used; consider replacing with assignment to '_' or removing it
        let incident = Incident(
        ~~~~^~~~~~~~
        _
/Users/keonta/Documents/MyChannel/MyChannel/Core/Services/IncidentCommandService.swift:215:13: warning: result of 'try?' is unused
            try? await db.collection("notifications").addDocument(data: [
            ^~~~~~~~~~~~~~~~~~~~~~~~~~~~~~~~~~~~~~~~~~~~~~~~~~~~~~~~~~~~~
/Users/keonta/Documents/MyChannel/MyChannel/Core/Services/IncidentResponsePlaybookService.swift:64:13: warning: initialization of immutable value 'decoder' was never used; consider replacing with assignment to '_' or removing it
        let decoder = ISO8601DateFormatter()
        ~~~~^~~~~~~
        _
/Users/keonta/Documents/MyChannel/MyChannel/Core/Services/IncidentResponsePlaybookService.swift:114:13: warning: initialization of immutable value 'decoder' was never used; consider replacing with assignment to '_' or removing it
        let decoder = ISO8601DateFormatter()
        ~~~~^~~~~~~
        _
/Users/keonta/Documents/MyChannel/MyChannel/Core/Services/InfoCardService.swift:108:19: warning: variable 'videoCards' was never mutated; consider changing to 'let' constant
        guard var videoCards = cards[videoId] else {
              ~~~ ^
              let
/Users/keonta/Documents/MyChannel/MyChannel/Core/Services/SearchHistoryService.swift:104:30: warning: main actor-isolated property 'db' can not be referenced from a Sendable closure
            let batch = self.db.batch()
                             ^
/Users/keonta/Documents/MyChannel/MyChannel/Core/Services/SearchHistoryService.swift:29:17: note: property declared here
    private var db: Firestore { Firestore.firestore() }
                ^
/Users/keonta/Documents/MyChannel/MyChannel/Core/Services/SearchSuggestionService.swift:53:40: warning: no 'async' operations occur within 'await' expression
        suggestions.append(contentsOf: await matchTrendingSearches(query))
                                       ^
/Users/keonta/Documents/MyChannel/MyChannel/Core/Services/VideoService.swift:274:24: warning: capture of 'exportSession' with non-Sendable type 'AVAssetExportSession' in a '@Sendable' closure
                switch exportSession.status {
                       ^
/Applications/Xcode.app/Contents/Developer/Platforms/iPhoneSimulator.platform/Developer/SDKs/iPhoneSimulator26.4.sdk/System/Library/Frameworks/AVFoundation.framework/Headers/AVAssetExportSession.h:159:12: note: class 'AVAssetExportSession' does not conform to the 'Sendable' protocol
@interface AVAssetExportSession : NSObject
           ^
/Users/keonta/Documents/MyChannel/MyChannel/Core/Services/VideoService.swift:399:15: warning: 'catch' block is unreachable because no errors are thrown in 'do' block
            } catch {
              ^
/Users/keonta/Documents/MyChannel/MyChannel/Core/Services/VideoService.swift:274:24: warning: capture of 'exportSession' with non-Sendable type 'AVAssetExportSession' in a '@Sendable' closure
                switch exportSession.status {
                       ^
/Applications/Xcode.app/Contents/Developer/Platforms/iPhoneSimulator.platform/Developer/SDKs/iPhoneSimulator26.4.sdk/System/Library/Frameworks/AVFoundation.framework/Headers/AVAssetExportSession.h:159:12: note: class 'AVAssetExportSession' does not conform to the 'Sendable' protocol
@interface AVAssetExportSession : NSObject
           ^
/Users/keonta/Documents/MyChannel/MyChannel/Core/Services/VideoService.swift:399:15: warning: 'catch' block is unreachable because no errors are thrown in 'do' block
            } catch {
              ^
/Users/keonta/Documents/MyChannel/MyChannel/Core/Services/VideoService.swift:274:24: warning: capture of 'exportSession' with non-Sendable type 'AVAssetExportSession' in a '@Sendable' closure
                switch exportSession.status {
                       ^
/Applications/Xcode.app/Contents/Developer/Platforms/iPhoneSimulator.platform/Developer/SDKs/iPhoneSimulator26.4.sdk/System/Library/Frameworks/AVFoundation.framework/Headers/AVAssetExportSession.h:159:12: note: class 'AVAssetExportSession' does not conform to the 'Sendable' protocol
@interface AVAssetExportSession : NSObject
           ^
/Users/keonta/Documents/MyChannel/MyChannel/Core/Services/VideoService.swift:399:15: warning: 'catch' block is unreachable because no errors are thrown in 'do' block
            } catch {
              ^
/Users/keonta/Documents/MyChannel/MyChannel/Core/Services/VideoService.swift:274:24: warning: capture of 'exportSession' with non-Sendable type 'AVAssetExportSession' in a '@Sendable' closure
                switch exportSession.status {
                       ^
/Applications/Xcode.app/Contents/Developer/Platforms/iPhoneSimulator.platform/Developer/SDKs/iPhoneSimulator26.4.sdk/System/Library/Frameworks/AVFoundation.framework/Headers/AVAssetExportSession.h:159:12: note: class 'AVAssetExportSession' does not conform to the 'Sendable' protocol
@interface AVAssetExportSession : NSObject
           ^
/Users/keonta/Documents/MyChannel/MyChannel/Core/Services/VideoService.swift:399:15: warning: 'catch' block is unreachable because no errors are thrown in 'do' block
            } catch {
              ^
/Users/keonta/Documents/MyChannel/MyChannel/Core/Services/VideoService.swift:274:24: warning: capture of 'exportSession' with non-Sendable type 'AVAssetExportSession' in a '@Sendable' closure
                switch exportSession.status {
                       ^
/Applications/Xcode.app/Contents/Developer/Platforms/iPhoneSimulator.platform/Developer/SDKs/iPhoneSimulator26.4.sdk/System/Library/Frameworks/AVFoundation.framework/Headers/AVAssetExportSession.h:159:12: note: class 'AVAssetExportSession' does not conform to the 'Sendable' protocol
@interface AVAssetExportSession : NSObject
           ^
/Users/keonta/Documents/MyChannel/MyChannel/Core/Services/VideoService.swift:399:15: warning: 'catch' block is unreachable because no errors are thrown in 'do' block
            } catch {
              ^
/Users/keonta/Documents/MyChannel/MyChannel/Core/Services/VideoService.swift:274:24: warning: capture of 'exportSession' with non-Sendable type 'AVAssetExportSession' in a '@Sendable' closure
                switch exportSession.status {
                       ^
/Applications/Xcode.app/Contents/Developer/Platforms/iPhoneSimulator.platform/Developer/SDKs/iPhoneSimulator26.4.sdk/System/Library/Frameworks/AVFoundation.framework/Headers/AVAssetExportSession.h:159:12: note: class 'AVAssetExportSession' does not conform to the 'Sendable' protocol
@interface AVAssetExportSession : NSObject
           ^
/Users/keonta/Documents/MyChannel/MyChannel/Core/Services/VideoService.swift:399:15: warning: 'catch' block is unreachable because no errors are thrown in 'do' block
            } catch {
              ^
/Users/keonta/Documents/MyChannel/MyChannel/Core/Services/VideoService.swift:274:24: warning: capture of 'exportSession' with non-Sendable type 'AVAssetExportSession' in a '@Sendable' closure
                switch exportSession.status {
                       ^
/Applications/Xcode.app/Contents/Developer/Platforms/iPhoneSimulator.platform/Developer/SDKs/iPhoneSimulator26.4.sdk/System/Library/Frameworks/AVFoundation.framework/Headers/AVAssetExportSession.h:159:12: note: class 'AVAssetExportSession' does not conform to the 'Sendable' protocol
@interface AVAssetExportSession : NSObject
           ^
/Users/keonta/Documents/MyChannel/MyChannel/Core/Services/VideoService.swift:399:15: warning: 'catch' block is unreachable because no errors are thrown in 'do' block
            } catch {
              ^
/Users/keonta/Documents/MyChannel/MyChannel/Core/Services/VideoService.swift:274:24: warning: capture of 'exportSession' with non-Sendable type 'AVAssetExportSession' in a '@Sendable' closure
                switch exportSession.status {
                       ^
/Applications/Xcode.app/Contents/Developer/Platforms/iPhoneSimulator.platform/Developer/SDKs/iPhoneSimulator26.4.sdk/System/Library/Frameworks/AVFoundation.framework/Headers/AVAssetExportSession.h:159:12: note: class 'AVAssetExportSession' does not conform to the 'Sendable' protocol
@interface AVAssetExportSession : NSObject
           ^
/Users/keonta/Documents/MyChannel/MyChannel/Core/Services/VideoService.swift:399:15: warning: 'catch' block is unreachable because no errors are thrown in 'do' block
            } catch {
              ^
/Users/keonta/Documents/MyChannel/MyChannel/Core/Services/VideoStreamingService.swift:147:21: warning: 'isReadable' was deprecated in iOS 16.0: Use load(.isReadable) instead
        guard asset.isReadable else {
                    ^
/Users/keonta/Documents/MyChannel/MyChannel/Core/Services/VideoService.swift:274:24: warning: capture of 'exportSession' with non-Sendable type 'AVAssetExportSession' in a '@Sendable' closure
                switch exportSession.status {
                       ^
/Applications/Xcode.app/Contents/Developer/Platforms/iPhoneSimulator.platform/Developer/SDKs/iPhoneSimulator26.4.sdk/System/Library/Frameworks/AVFoundation.framework/Headers/AVAssetExportSession.h:159:12: note: class 'AVAssetExportSession' does not conform to the 'Sendable' protocol
@interface AVAssetExportSession : NSObject
           ^
/Users/keonta/Documents/MyChannel/MyChannel/Core/Services/VideoService.swift:399:15: warning: 'catch' block is unreachable because no errors are thrown in 'do' block
            } catch {
              ^
/Users/keonta/Documents/MyChannel/MyChannel/Core/Services/VideoService.swift:274:24: warning: capture of 'exportSession' with non-Sendable type 'AVAssetExportSession' in a '@Sendable' closure
                switch exportSession.status {
                       ^
/Applications/Xcode.app/Contents/Developer/Platforms/iPhoneSimulator.platform/Developer/SDKs/iPhoneSimulator26.4.sdk/System/Library/Frameworks/AVFoundation.framework/Headers/AVAssetExportSession.h:159:12: note: class 'AVAssetExportSession' does not conform to the 'Sendable' protocol
@interface AVAssetExportSession : NSObject
           ^
/Users/keonta/Documents/MyChannel/MyChannel/Core/Services/VideoService.swift:399:15: warning: 'catch' block is unreachable because no errors are thrown in 'do' block
            } catch {
              ^
/Users/keonta/Documents/MyChannel/MyChannel/Core/Services/VideoService.swift:274:24: warning: capture of 'exportSession' with non-Sendable type 'AVAssetExportSession' in a '@Sendable' closure
                switch exportSession.status {
                       ^
/Applications/Xcode.app/Contents/Developer/Platforms/iPhoneSimulator.platform/Developer/SDKs/iPhoneSimulator26.4.sdk/System/Library/Frameworks/AVFoundation.framework/Headers/AVAssetExportSession.h:159:12: note: class 'AVAssetExportSession' does not conform to the 'Sendable' protocol
@interface AVAssetExportSession : NSObject
           ^
/Users/keonta/Documents/MyChannel/MyChannel/Core/Services/VideoService.swift:399:15: warning: 'catch' block is unreachable because no errors are thrown in 'do' block
            } catch {
              ^
/Users/keonta/Documents/MyChannel/MyChannel/Core/Services/VideoService.swift:274:24: warning: capture of 'exportSession' with non-Sendable type 'AVAssetExportSession' in a '@Sendable' closure
                switch exportSession.status {
                       ^
/Applications/Xcode.app/Contents/Developer/Platforms/iPhoneSimulator.platform/Developer/SDKs/iPhoneSimulator26.4.sdk/System/Library/Frameworks/AVFoundation.framework/Headers/AVAssetExportSession.h:159:12: note: class 'AVAssetExportSession' does not conform to the 'Sendable' protocol
@interface AVAssetExportSession : NSObject
           ^
/Users/keonta/Documents/MyChannel/MyChannel/Core/Services/VideoService.swift:399:15: warning: 'catch' block is unreachable because no errors are thrown in 'do' block
            } catch {
              ^
/Users/keonta/Documents/MyChannel/MyChannel/Core/Services/VoiceCommandService.swift:141:9: warning: no calls to throwing functions occur within 'try' expression
        try? await ComplianceAuditLogService.shared.logAction(
        ^
/Users/keonta/Documents/MyChannel/MyChannel/Core/Services/VideoService.swift:274:24: warning: capture of 'exportSession' with non-Sendable type 'AVAssetExportSession' in a '@Sendable' closure
                switch exportSession.status {
                       ^
/Applications/Xcode.app/Contents/Developer/Platforms/iPhoneSimulator.platform/Developer/SDKs/iPhoneSimulator26.4.sdk/System/Library/Frameworks/AVFoundation.framework/Headers/AVAssetExportSession.h:159:12: note: class 'AVAssetExportSession' does not conform to the 'Sendable' protocol
@interface AVAssetExportSession : NSObject
           ^
/Users/keonta/Documents/MyChannel/MyChannel/Core/Services/VideoService.swift:399:15: warning: 'catch' block is unreachable because no errors are thrown in 'do' block
            } catch {
              ^
/Users/keonta/Documents/MyChannel/MyChannel/Core/Services/VideoService.swift:274:24: warning: capture of 'exportSession' with non-Sendable type 'AVAssetExportSession' in a '@Sendable' closure
                switch exportSession.status {
                       ^
/Applications/Xcode.app/Contents/Developer/Platforms/iPhoneSimulator.platform/Developer/SDKs/iPhoneSimulator26.4.sdk/System/Library/Frameworks/AVFoundation.framework/Headers/AVAssetExportSession.h:159:12: note: class 'AVAssetExportSession' does not conform to the 'Sendable' protocol
@interface AVAssetExportSession : NSObject
           ^
/Users/keonta/Documents/MyChannel/MyChannel/Core/Services/VideoService.swift:399:15: warning: 'catch' block is unreachable because no errors are thrown in 'do' block
            } catch {
              ^
/Users/keonta/Documents/MyChannel/MyChannel/Core/Services/VideoService.swift:274:24: warning: capture of 'exportSession' with non-Sendable type 'AVAssetExportSession' in a '@Sendable' closure
                switch exportSession.status {
                       ^
/Applications/Xcode.app/Contents/Developer/Platforms/iPhoneSimulator.platform/Developer/SDKs/iPhoneSimulator26.4.sdk/System/Library/Frameworks/AVFoundation.framework/Headers/AVAssetExportSession.h:159:12: note: class 'AVAssetExportSession' does not conform to the 'Sendable' protocol
@interface AVAssetExportSession : NSObject
           ^
/Users/keonta/Documents/MyChannel/MyChannel/Core/Services/VideoService.swift:399:15: warning: 'catch' block is unreachable because no errors are thrown in 'do' block
            } catch {
              ^
/Users/keonta/Documents/MyChannel/MyChannel/Core/Services/VideoService.swift:274:24: warning: capture of 'exportSession' with non-Sendable type 'AVAssetExportSession' in a '@Sendable' closure
                switch exportSession.status {
                       ^
/Applications/Xcode.app/Contents/Developer/Platforms/iPhoneSimulator.platform/Developer/SDKs/iPhoneSimulator26.4.sdk/System/Library/Frameworks/AVFoundation.framework/Headers/AVAssetExportSession.h:159:12: note: class 'AVAssetExportSession' does not conform to the 'Sendable' protocol
@interface AVAssetExportSession : NSObject
           ^
/Users/keonta/Documents/MyChannel/MyChannel/Core/Services/VideoService.swift:399:15: warning: 'catch' block is unreachable because no errors are thrown in 'do' block
            } catch {
              ^
/Users/keonta/Documents/MyChannel/MyChannel/Core/Services/VSMatchComplianceService.swift:390:57: warning: left side of nil coalescing operator '??' has non-optional type 'String', so the right side is never used
            return errors.map { $0.localizedDescription ?? "Unknown error" }.joined(separator: ", ")
                                ~~~~~~~~~~~~~~~~~~~~~~~~^~~~~~~~~~~~~~~~~~
                                                       
/Users/keonta/Documents/MyChannel/MyChannel/Core/Services/VideoService.swift:274:24: warning: capture of 'exportSession' with non-Sendable type 'AVAssetExportSession' in a '@Sendable' closure
                switch exportSession.status {
                       ^
/Applications/Xcode.app/Contents/Developer/Platforms/iPhoneSimulator.platform/Developer/SDKs/iPhoneSimulator26.4.sdk/System/Library/Frameworks/AVFoundation.framework/Headers/AVAssetExportSession.h:159:12: note: class 'AVAssetExportSession' does not conform to the 'Sendable' protocol
@interface AVAssetExportSession : NSObject
           ^
/Users/keonta/Documents/MyChannel/MyChannel/Core/Services/VideoService.swift:399:15: warning: 'catch' block is unreachable because no errors are thrown in 'do' block
            } catch {
              ^
/Users/keonta/Documents/MyChannel/MyChannel/Core/Services/VSMatchWalletService.swift:39:17: warning: initialization of immutable value 'pending' was never used; consider replacing with assignment to '_' or removing it
            let pending = data["pendingBalance"] as? Double ?? 0.0
            ~~~~^~~~~~~
            _
/Users/keonta/Documents/MyChannel/MyChannel/Core/Services/VideoService.swift:274:24: warning: capture of 'exportSession' with non-Sendable type 'AVAssetExportSession' in a '@Sendable' closure
                switch exportSession.status {
                       ^
/Applications/Xcode.app/Contents/Developer/Platforms/iPhoneSimulator.platform/Developer/SDKs/iPhoneSimulator26.4.sdk/System/Library/Frameworks/AVFoundation.framework/Headers/AVAssetExportSession.h:159:12: note: class 'AVAssetExportSession' does not conform to the 'Sendable' protocol
@interface AVAssetExportSession : NSObject
           ^
/Users/keonta/Documents/MyChannel/MyChannel/Core/Services/VideoService.swift:399:15: warning: 'catch' block is unreachable because no errors are thrown in 'do' block
            } catch {
              ^
/Users/keonta/Documents/MyChannel/MyChannel/Core/Services/VideoService.swift:274:24: warning: capture of 'exportSession' with non-Sendable type 'AVAssetExportSession' in a '@Sendable' closure
                switch exportSession.status {
                       ^
/Applications/Xcode.app/Contents/Developer/Platforms/iPhoneSimulator.platform/Developer/SDKs/iPhoneSimulator26.4.sdk/System/Library/Frameworks/AVFoundation.framework/Headers/AVAssetExportSession.h:159:12: note: class 'AVAssetExportSession' does not conform to the 'Sendable' protocol
@interface AVAssetExportSession : NSObject
           ^
/Users/keonta/Documents/MyChannel/MyChannel/Core/Services/VideoService.swift:399:15: warning: 'catch' block is unreachable because no errors are thrown in 'do' block
            } catch {
              ^
/Users/keonta/Documents/MyChannel/MyChannel/Core/Services/VideoService.swift:274:24: warning: capture of 'exportSession' with non-Sendable type 'AVAssetExportSession' in a '@Sendable' closure
                switch exportSession.status {
                       ^
/Applications/Xcode.app/Contents/Developer/Platforms/iPhoneSimulator.platform/Developer/SDKs/iPhoneSimulator26.4.sdk/System/Library/Frameworks/AVFoundation.framework/Headers/AVAssetExportSession.h:159:12: note: class 'AVAssetExportSession' does not conform to the 'Sendable' protocol
@interface AVAssetExportSession : NSObject
           ^
/Users/keonta/Documents/MyChannel/MyChannel/Core/Services/VideoService.swift:399:15: warning: 'catch' block is unreachable because no errors are thrown in 'do' block
            } catch {
              ^
/Users/keonta/Documents/MyChannel/MyChannel/Core/Services/VideoService.swift:274:24: warning: capture of 'exportSession' with non-Sendable type 'AVAssetExportSession' in a '@Sendable' closure
                switch exportSession.status {
                       ^
/Applications/Xcode.app/Contents/Developer/Platforms/iPhoneSimulator.platform/Developer/SDKs/iPhoneSimulator26.4.sdk/System/Library/Frameworks/AVFoundation.framework/Headers/AVAssetExportSession.h:159:12: note: class 'AVAssetExportSession' does not conform to the 'Sendable' protocol
@interface AVAssetExportSession : NSObject
           ^
/Users/keonta/Documents/MyChannel/MyChannel/Core/Services/VideoService.swift:399:15: warning: 'catch' block is unreachable because no errors are thrown in 'do' block
            } catch {
              ^
/Users/keonta/Documents/MyChannel/MyChannel/Core/Services/VideoService.swift:274:24: warning: capture of 'exportSession' with non-Sendable type 'AVAssetExportSession' in a '@Sendable' closure
                switch exportSession.status {
                       ^
/Applications/Xcode.app/Contents/Developer/Platforms/iPhoneSimulator.platform/Developer/SDKs/iPhoneSimulator26.4.sdk/System/Library/Frameworks/AVFoundation.framework/Headers/AVAssetExportSession.h:159:12: note: class 'AVAssetExportSession' does not conform to the 'Sendable' protocol
@interface AVAssetExportSession : NSObject
           ^
/Users/keonta/Documents/MyChannel/MyChannel/Core/Services/VideoService.swift:399:15: warning: 'catch' block is unreachable because no errors are thrown in 'do' block
            } catch {
              ^
/Users/keonta/Documents/MyChannel/MyChannel/Core/Services/VideoService.swift:274:24: warning: capture of 'exportSession' with non-Sendable type 'AVAssetExportSession' in a '@Sendable' closure
                switch exportSession.status {
                       ^
/Applications/Xcode.app/Contents/Developer/Platforms/iPhoneSimulator.platform/Developer/SDKs/iPhoneSimulator26.4.sdk/System/Library/Frameworks/AVFoundation.framework/Headers/AVAssetExportSession.h:159:12: note: class 'AVAssetExportSession' does not conform to the 'Sendable' protocol
@interface AVAssetExportSession : NSObject
           ^
/Users/keonta/Documents/MyChannel/MyChannel/Core/Services/VideoService.swift:399:15: warning: 'catch' block is unreachable because no errors are thrown in 'do' block
            } catch {
              ^
/Users/keonta/Documents/MyChannel/MyChannel/Core/Services/VideoService.swift:274:24: warning: capture of 'exportSession' with non-Sendable type 'AVAssetExportSession' in a '@Sendable' closure
                switch exportSession.status {
                       ^
/Applications/Xcode.app/Contents/Developer/Platforms/iPhoneSimulator.platform/Developer/SDKs/iPhoneSimulator26.4.sdk/System/Library/Frameworks/AVFoundation.framework/Headers/AVAssetExportSession.h:159:12: note: class 'AVAssetExportSession' does not conform to the 'Sendable' protocol
@interface AVAssetExportSession : NSObject
           ^
/Users/keonta/Documents/MyChannel/MyChannel/Core/Services/VideoService.swift:399:15: warning: 'catch' block is unreachable because no errors are thrown in 'do' block
            } catch {
              ^
/Users/keonta/Documents/MyChannel/MyChannel/Core/Services/WebSocketGateway.swift:316:9: warning: immutable property will not be decoded because it is declared with an initial value which cannot be overwritten
    let timestamp: Date = Date()
        ^
/Users/keonta/Documents/MyChannel/MyChannel/Core/Services/WebSocketGateway.swift:316:9: note: set the initial value via the initializer or explicitly define a CodingKeys enum including a 'timestamp' case to silence this warning
    let timestamp: Date = Date()
        ^
/Users/keonta/Documents/MyChannel/MyChannel/Core/Services/WebSocketGateway.swift:316:9: note: make the property mutable instead
    let timestamp: Date = Date()
    ~~~ ^
    var
/Users/keonta/Documents/MyChannel/MyChannel/Core/Services/VideoService.swift:274:24: warning: capture of 'exportSession' with non-Sendable type 'AVAssetExportSession' in a '@Sendable' closure
                switch exportSession.status {
                       ^
/Applications/Xcode.app/Contents/Developer/Platforms/iPhoneSimulator.platform/Developer/SDKs/iPhoneSimulator26.4.sdk/System/Library/Frameworks/AVFoundation.framework/Headers/AVAssetExportSession.h:159:12: note: class 'AVAssetExportSession' does not conform to the 'Sendable' protocol
@interface AVAssetExportSession : NSObject
           ^
/Users/keonta/Documents/MyChannel/MyChannel/Core/Services/VideoService.swift:399:15: warning: 'catch' block is unreachable because no errors are thrown in 'do' block
            } catch {
              ^
/Users/keonta/Documents/MyChannel/MyChannel/Core/Services/FlicksCDNService.swift:185:13: warning: initialization of immutable value 'filename' was never used; consider replacing with assignment to '_' or removing it
        let filename = originalURL.lastPathComponent
        ~~~~^~~~~~~~
        _
/Users/keonta/Documents/MyChannel/MyChannel/Core/Services/FlicksCDNService.swift:394:13: warning: immutable value 'maxAge' was never used; consider replacing with '_' or removing it
        let maxAge: TimeInterval = TimeInterval(RemoteConfigManager.shared.cacheDurationHours * 3600)
            ^~~~~~
            _
/Users/keonta/Documents/MyChannel/MyChannel/Core/Services/GeolocationAnalyticsService.swift:96:23: warning: 'regionCode' was deprecated in iOS 16: renamed to 'region.identifier'
        return locale.regionCode
                      ^
/Users/keonta/Documents/MyChannel/MyChannel/Core/Services/GeolocationAnalyticsService.swift:96:23: note: use 'region.identifier' instead
        return locale.regionCode
                      ^~~~~~~~~~
                      region.identifier
/Users/keonta/Documents/MyChannel/MyChannel/Core/Services/GeolocationAnalyticsService.swift:93:19: warning: value 'location' was defined but never used; consider replacing with boolean test
        guard let location = locationManager.location else { return nil }
              ~~~~^~~~~~~~~~~
                                                      != nil
/Users/keonta/Documents/MyChannel/MyChannel/Core/Services/GeolocationAnalyticsService.swift:94:13: warning: initialization of immutable value 'geocoder' was never used; consider replacing with assignment to '_' or removing it
        let geocoder = CLGeocoder()
        ~~~~^~~~~~~~
        _
/Users/keonta/Documents/MyChannel/MyChannel/Core/Services/GoogleIMAAdManager.swift:125:84: warning: left side of nil coalescing operator '??' has non-optional type 'String', so the right side is never used
        print("🎯 [GoogleIMAAdManager] Requesting pre-roll for video: \(video.id ?? "unknown")")
/Users/keonta/Documents/MyChannel/MyChannel/Core/Services/GoogleIMAAdManager.swift:185:48: warning: left side of nil coalescing operator '??' has non-optional type 'String', so the right side is never used
        let targeting = "video_id%3D\(video.id ?? "")%26category%3D\(video.category.rawValue)"
                                      ~~~~~~~~~^~~~~
                                              
/Users/keonta/Documents/MyChannel/MyChannel/Core/Services/GoogleIMAAdManager.swift:200:68: warning: left side of nil coalescing operator '??' has non-optional type 'String', so the right side is never used
            return parseVASTResponse(vastString, videoId: video.id ?? "")
                                                          ~~~~~~~~~^~~~~
                                                                  
/Users/keonta/Documents/MyChannel/MyChannel/Core/Services/GoogleIMAAdManager.swift:696:19: warning: call to main actor-isolated instance method 'adComplete()' in a synchronous nonisolated context
            self?.adComplete()
                  ^
/Users/keonta/Documents/MyChannel/MyChannel/Core/Services/GoogleIMAAdManager.swift:655:18: note: calls to instance method 'adComplete()' from outside of its actor context are implicitly asynchronous
    private func adComplete() {
                 ^
/Users/keonta/Documents/MyChannel/MyChannel/Core/Services/GoogleIMAAdManager.swift:705:19: warning: main actor-isolated property 'adState' can not be mutated from a Sendable closure
            self?.adState = .failed("Playback error")
                  ^
/Users/keonta/Documents/MyChannel/MyChannel/Core/Services/GoogleIMAAdManager.swift:91:20: note: mutation of this property is only permitted within the actor
    @Published var adState: AdPlaybackState = .idle
                   ^
/Users/keonta/Documents/MyChannel/MyChannel/Core/Services/GoogleIMAAdManager.swift:706:19: warning: main actor-isolated property 'onAdError' can not be referenced from a Sendable closure
            self?.onAdError?("Playback error")
                  ^
/Users/keonta/Documents/MyChannel/MyChannel/Core/Services/GoogleIMAAdManager.swift:110:9: note: property declared here
    var onAdError: ((String) -> Void)?
        ^
/Users/keonta/Documents/MyChannel/MyChannel/Core/Services/GoogleIMAAdManager.swift:707:19: warning: call to main actor-isolated instance method 'cleanup()' in a synchronous nonisolated context
            self?.cleanup()
                  ^
/Users/keonta/Documents/MyChannel/MyChannel/Core/Services/GoogleIMAAdManager.swift:713:10: note: calls to instance method 'cleanup()' from outside of its actor context are implicitly asynchronous
    func cleanup() {
         ^
/Users/keonta/Documents/MyChannel/MyChannel/Core/Services/ImmersiveContentService.swift:67:18: warning: 'stringValue' was deprecated in iOS 16.0: Use load(.stringValue) instead
            item.stringValue?.contains("spherical") == true
                 ^
/Users/keonta/Documents/MyChannel/MyChannel/Core/Services/ImmersiveContentService.swift:224:97: warning: 'allowBluetooth' was deprecated in iOS 8.0: renamed to 'AVAudioSession.CategoryOptions.allowBluetoothHFP'
        try audioSession.setCategory(.playback, mode: .moviePlayback, options: [.allowAirPlay, .allowBluetooth])
                                                                                                ^
/Users/keonta/Documents/MyChannel/MyChannel/Core/Services/ImmersiveContentService.swift:224:97: note: use 'AVAudioSession.CategoryOptions.allowBluetoothHFP' instead
        try audioSession.setCategory(.playback, mode: .moviePlayback, options: [.allowAirPlay, .allowBluetooth])
                                                                                                ^~~~~~~~~~~~~~
                                                                                                AVAudioSession.CategoryOptions.allowBluetoothHFP
/Users/keonta/Documents/MyChannel/MyChannel/Core/Services/ImmersiveContentService.swift:552:9: warning: immutable property will not be decoded because it is declared with an initial value which cannot be overwritten
    let id = UUID()
        ^
/Users/keonta/Documents/MyChannel/MyChannel/Core/Services/ImmersiveContentService.swift:552:9: note: set the initial value via the initializer or explicitly define a CodingKeys enum including a 'id' case to silence this warning
    let id = UUID()
        ^
/Users/keonta/Documents/MyChannel/MyChannel/Core/Services/ImmersiveContentService.swift:552:9: note: make the property mutable instead
    let id = UUID()
    ~~~ ^
    var
/Users/keonta/Documents/MyChannel/MyChannel/Core/Services/ImmersiveContentService.swift:678:9: warning: immutable property will not be decoded because it is declared with an initial value which cannot be overwritten
    let id = UUID()
        ^
/Users/keonta/Documents/MyChannel/MyChannel/Core/Services/ImmersiveContentService.swift:678:9: note: set the initial value via the initializer or explicitly define a CodingKeys enum including a 'id' case to silence this warning
    let id = UUID()
        ^
/Users/keonta/Documents/MyChannel/MyChannel/Core/Services/ImmersiveContentService.swift:678:9: note: make the property mutable instead
    let id = UUID()
    ~~~ ^
    var
/Users/keonta/Documents/MyChannel/MyChannel/Core/Services/IncidentCommandService.swift:153:13: warning: initialization of immutable value 'incident' was never used; consider replacing with assignment to '_' or removing it
        let incident = Incident(
        ~~~~^~~~~~~~
        _
/Users/keonta/Documents/MyChannel/MyChannel/Core/Services/IncidentCommandService.swift:215:13: warning: result of 'try?' is unused
            try? await db.collection("notifications").addDocument(data: [
            ^~~~~~~~~~~~~~~~~~~~~~~~~~~~~~~~~~~~~~~~~~~~~~~~~~~~~~~~~~~~~
/Users/keonta/Documents/MyChannel/MyChannel/Core/Services/IncidentResponsePlaybookService.swift:64:13: warning: initialization of immutable value 'decoder' was never used; consider replacing with assignment to '_' or removing it
        let decoder = ISO8601DateFormatter()
        ~~~~^~~~~~~
        _
/Users/keonta/Documents/MyChannel/MyChannel/Core/Services/IncidentResponsePlaybookService.swift:114:13: warning: initialization of immutable value 'decoder' was never used; consider replacing with assignment to '_' or removing it
        let decoder = ISO8601DateFormatter()
        ~~~~^~~~~~~
        _
/Users/keonta/Documents/MyChannel/MyChannel/Core/Services/InfoCardService.swift:108:19: warning: variable 'videoCards' was never mutated; consider changing to 'let' constant
        guard var videoCards = cards[videoId] else {
              ~~~ ^
              let
/Users/keonta/Documents/MyChannel/MyChannel/Features/Search/SearchView.swift:508:15: warning: 'catch' block is unreachable because no errors are thrown in 'do' block
            } catch {
              ^
/Users/keonta/Documents/MyChannel/MyChannel/Features/Search/VisualSearchSheet.swift:246:28: warning: no calls to throwing functions occur within 'try' expression
                    return try? observation.topCandidates(1).first?.string
                           ^
/Users/keonta/Documents/MyChannel/MyChannel/Features/Settings/SettingsView.swift:497:30: warning: no calls to throwing functions occur within 'try' expression
                let videos = try await VideoFirestoreService.shared.fetchVideosByCreator(creatorId: userId)
                             ^
/Users/keonta/Documents/MyChannel/MyChannel/Features/Shopping/LiveShoppingView.swift:413:60: warning: left side of nil coalescing operator '??' has non-optional type 'Color', so the right side is never used
                                Color(hexString: "2C2C2E") ?? .gray,
                                ~~~~~~~~~~~~~~~~~~~~~~~~~~~^~~~~~~~
                                                          
/Users/keonta/Documents/MyChannel/MyChannel/Features/Shopping/LiveShoppingView.swift:414:60: warning: left side of nil coalescing operator '??' has non-optional type 'Color', so the right side is never used
                                Color(hexString: "1C1C1E") ?? .black
                                ~~~~~~~~~~~~~~~~~~~~~~~~~~~^~~~~~~~~
                                                          
/Users/keonta/Documents/MyChannel/MyChannel/Features/Shopping/LiveShoppingView.swift:1253:52: warning: left side of nil coalescing operator '??' has non-optional type 'Color', so the right side is never used
                        Color(hexString: "1a1a2e") ?? .black,
                        ~~~~~~~~~~~~~~~~~~~~~~~~~~~^~~~~~~~~
                                                  
/Users/keonta/Documents/MyChannel/MyChannel/Features/Shopping/LiveShoppingView.swift:1254:52: warning: left side of nil coalescing operator '??' has non-optional type 'Color', so the right side is never used
                        Color(hexString: "16213e") ?? .black,
                        ~~~~~~~~~~~~~~~~~~~~~~~~~~~^~~~~~~~~
                                                  
/Users/keonta/Documents/MyChannel/MyChannel/Features/Shopping/LiveShoppingView.swift:1255:52: warning: left side of nil coalescing operator '??' has non-optional type 'Color', so the right side is never used
                        Color(hexString: "0f3460") ?? .black
                        ~~~~~~~~~~~~~~~~~~~~~~~~~~~^~~~~~~~~
                                                  
/Users/keonta/Documents/MyChannel/MyChannel/Features/Shopping/LiveShoppingViewModel.swift:40:58: warning: left side of nil coalescing operator '??' has non-optional type 'Color', so the right side is never used
        case .fashion: return Color(hexString: "F3F0FF") ?? AppTheme.Colors.backgroundSecondary
                              ~~~~~~~~~~~~~~~~~~~~~~~~~~~^~~~~~~~~~~~~~~~~~~~~~~~~~~~~~~~~~~~~~
                                                        
/Users/keonta/Documents/MyChannel/MyChannel/Features/Shopping/LiveShoppingViewModel.swift:41:55: warning: left side of nil coalescing operator '??' has non-optional type 'Color', so the right side is never used
        case .tech: return Color(hexString: "EDF4FF") ?? AppTheme.Colors.backgroundSecondary
                           ~~~~~~~~~~~~~~~~~~~~~~~~~~~^~~~~~~~~~~~~~~~~~~~~~~~~~~~~~~~~~~~~~
                                                     
/Users/keonta/Documents/MyChannel/MyChannel/Features/Shopping/LiveShoppingViewModel.swift:42:57: warning: left side of nil coalescing operator '??' has non-optional type 'Color', so the right side is never used
        case .beauty: return Color(hexString: "FDF2F8") ?? AppTheme.Colors.backgroundSecondary
                             ~~~~~~~~~~~~~~~~~~~~~~~~~~~^~~~~~~~~~~~~~~~~~~~~~~~~~~~~~~~~~~~~~
                                                       
/Users/keonta/Documents/MyChannel/MyChannel/Features/Shopping/LiveShoppingViewModel.swift:43:55: warning: left side of nil coalescing operator '??' has non-optional type 'Color', so the right side is never used
        case .home: return Color(hexString: "F5F5F0") ?? AppTheme.Colors.backgroundSecondary
                           ~~~~~~~~~~~~~~~~~~~~~~~~~~~^~~~~~~~~~~~~~~~~~~~~~~~~~~~~~~~~~~~~~
                                                     
/Users/keonta/Documents/MyChannel/MyChannel/Features/Shopping/LiveShoppingViewModel.swift:44:57: warning: left side of nil coalescing operator '??' has non-optional type 'Color', so the right side is never used
        case .sports: return Color(hexString: "EDF8F2") ?? AppTheme.Colors.backgroundSecondary
                             ~~~~~~~~~~~~~~~~~~~~~~~~~~~^~~~~~~~~~~~~~~~~~~~~~~~~~~~~~~~~~~~~~
                                                       
/Users/keonta/Documents/MyChannel/MyChannel/Features/Shopping/LiveShoppingViewModel.swift:45:55: warning: left side of nil coalescing operator '??' has non-optional type 'Color', so the right side is never used
        case .food: return Color(hexString: "FFF5EB") ?? AppTheme.Colors.backgroundSecondary
                           ~~~~~~~~~~~~~~~~~~~~~~~~~~~^~~~~~~~~~~~~~~~~~~~~~~~~~~~~~~~~~~~~~
                                                     
/Users/keonta/Documents/MyChannel/MyChannel/Features/Shopping/LiveShoppingViewModel.swift:46:56: warning: left side of nil coalescing operator '??' has non-optional type 'Color', so the right side is never used
        case .books: return Color(hexString: "F6EFE4") ?? AppTheme.Colors.backgroundSecondary
                            ~~~~~~~~~~~~~~~~~~~~~~~~~~~^~~~~~~~~~~~~~~~~~~~~~~~~~~~~~~~~~~~~~
                                                      
/Users/keonta/Documents/MyChannel/MyChannel/Features/Shopping/LiveShoppingViewModel.swift:47:54: warning: left side of nil coalescing operator '??' has non-optional type 'Color', so the right side is never used
        case .art: return Color(hexString: "F7ECFF") ?? AppTheme.Colors.backgroundSecondary
                          ~~~~~~~~~~~~~~~~~~~~~~~~~~~^~~~~~~~~~~~~~~~~~~~~~~~~~~~~~~~~~~~~~
                                                    
/Users/keonta/Documents/MyChannel/MyChannel/Features/Stories/CreateStoryViewModel.swift:380:54: warning: left side of nil coalescing operator '??' has non-optional type 'Color', so the right side is never used
                color: Color(hexString: $0.colorHex) ?? .white
                       ~~~~~~~~~~~~~~~~~~~~~~~~~~~~~~^~~~~~~~~
                                                    
/Users/keonta/Documents/MyChannel/MyChannel/Features/Stories/FacebookParityStoryCreatorView.swift:466:17: warning: initialization of immutable value 'filteredImage' was never used; consider replacing with assignment to '_' or removing it
            let filteredImage = facebookEngine.applyFilter(filter, to: image)
            ~~~~^~~~~~~~~~~~~
            _
/Users/keonta/Documents/MyChannel/MyChannel/Features/Stories/FacebookParityStoryCreatorView.swift:487:17: warning: initialization of immutable value 'adjustedImage' was never used; consider replacing with assignment to '_' or removing it
            let adjustedImage = facebookEngine.applyImageAdjustments(to: image)
            ~~~~^~~~~~~~~~~~~
            _
/Users/keonta/Documents/MyChannel/MyChannel/Features/Stories/FacebookParityStoryCreatorView.swift:554:29: warning: initialization of immutable value 'fixedMedia' was never used; consider replacing with assignment to '_' or removing it
                        let fixedMedia = try await facebookEngine.autoFixFacebookSpecs(for: media.url, type: media.type == .video ? .video : .image)
                        ~~~~^~~~~~~~~~
                        _
/Users/keonta/Documents/MyChannel/MyChannel/Features/Stories/FacebookParityStoryEngine.swift:154:38: warning: 'tracks(withMediaType:)' was deprecated in iOS 16.0: Use loadTracks(withMediaType:) instead
        guard let videoTrack = asset.tracks(withMediaType: .video).first else {
                                     ^
/Users/keonta/Documents/MyChannel/MyChannel/Features/Stories/FacebookParityStoryEngine.swift:165:46: warning: 'tracks(withMediaType:)' was deprecated in iOS 16.0: Use loadTracks(withMediaType:) instead
        if let reversedTrack = reversedAsset.tracks(withMediaType: .video).first {
                                             ^
/Users/keonta/Documents/MyChannel/MyChannel/Features/Stories/FacebookParityStoryEngine.swift:177:9: warning: no calls to throwing functions occur within 'try' expression
        try await exporter.export()
        ^
/Users/keonta/Documents/MyChannel/MyChannel/Features/Stories/FacebookParityStoryEngine.swift:193:38: warning: 'tracks(withMediaType:)' was deprecated in iOS 16.0: Use loadTracks(withMediaType:) instead
        guard let videoTrack = asset.tracks(withMediaType: .video).first else {
                                     ^
/Users/keonta/Documents/MyChannel/MyChannel/Features/Stories/FacebookParityStoryEngine.swift:207:41: warning: 'preferredTransform' was deprecated in iOS 16.0: Use load(.preferredTransform) instead
        let startTransform = videoTrack.preferredTransform
                                        ^
/Users/keonta/Documents/MyChannel/MyChannel/Features/Stories/FacebookParityStoryEngine.swift:215:50: warning: 'naturalSize' was deprecated in iOS 16.0: Use load(.naturalSize) instead
        videoComposition.renderSize = videoTrack.naturalSize
                                                 ^
/Users/keonta/Documents/MyChannel/MyChannel/Features/Stories/FacebookParityStoryEngine.swift:226:9: warning: no calls to throwing functions occur within 'try' expression
        try await exporter.export()
        ^
/Users/keonta/Documents/MyChannel/MyChannel/Features/Stories/FacebookParityStoryEngine.swift:241:38: warning: 'tracks(withMediaType:)' was deprecated in iOS 16.0: Use loadTracks(withMediaType:) instead
        guard let videoTrack = asset.tracks(withMediaType: .video).first else {
                                     ^
/Users/keonta/Documents/MyChannel/MyChannel/Features/Stories/FacebookParityStoryEngine.swift:249:35: warning: 'tracks(withMediaType:)' was deprecated in iOS 16.0: Use loadTracks(withMediaType:) instead
        if let audioTrack = asset.tracks(withMediaType: .audio).first {
                                  ^
/Users/keonta/Documents/MyChannel/MyChannel/Features/Stories/FacebookParityStoryEngine.swift:266:9: warning: no calls to throwing functions occur within 'try' expression
        try await exporter.export()
        ^
/Users/keonta/Documents/MyChannel/MyChannel/Features/Stories/FacebookParityStoryEngine.swift:281:38: warning: 'tracks(withMediaType:)' was deprecated in iOS 16.0: Use loadTracks(withMediaType:) instead
        guard let videoTrack = asset.tracks(withMediaType: .video).first else {
                                     ^
/Users/keonta/Documents/MyChannel/MyChannel/Features/Stories/FacebookParityStoryEngine.swift:289:35: warning: 'tracks(withMediaType:)' was deprecated in iOS 16.0: Use loadTracks(withMediaType:) instead
        if let audioTrack = asset.tracks(withMediaType: .audio).first {
                                  ^
/Users/keonta/Documents/MyChannel/MyChannel/Features/Stories/FacebookParityStoryEngine.swift:307:9: warning: no calls to throwing functions occur within 'try' expression
        try await exporter.export()
        ^
/Users/keonta/Documents/MyChannel/MyChannel/Features/Stories/FacebookParityStoryEngine.swift:474:43: warning: 'tracks(withMediaType:)' was deprecated in iOS 16.0: Use loadTracks(withMediaType:) instead
        guard let videoTrack = videoAsset.tracks(withMediaType: .video).first else {
                                          ^
/Users/keonta/Documents/MyChannel/MyChannel/Features/Stories/FacebookParityStoryEngine.swift:482:40: warning: 'tracks(withMediaType:)' was deprecated in iOS 16.0: Use loadTracks(withMediaType:) instead
        if let audioTrack = videoAsset.tracks(withMediaType: .audio).first {
                                       ^
/Users/keonta/Documents/MyChannel/MyChannel/Features/Stories/FacebookParityStoryEngine.swift:490:49: warning: 'tracks(withMediaType:)' was deprecated in iOS 16.0: Use loadTracks(withMediaType:) instead
            if let musicAudioTrack = musicAsset.tracks(withMediaType: .audio).first {
                                                ^
/Users/keonta/Documents/MyChannel/MyChannel/Features/Stories/FacebookParityStoryEngine.swift:510:9: warning: no calls to throwing functions occur within 'try' expression
        try await exporter?.export()
        ^
/Users/keonta/Documents/MyChannel/MyChannel/Features/Stories/FacebookParityStoryEngine.swift:522:38: warning: 'tracks(withMediaType:)' was deprecated in iOS 16.0: Use loadTracks(withMediaType:) instead
        guard let videoTrack = asset.tracks(withMediaType: .video).first else {
                                     ^
/Users/keonta/Documents/MyChannel/MyChannel/Features/Stories/FacebookParityStoryEngine.swift:559:41: warning: 'naturalSize' was deprecated in iOS 16.0: Use load(.naturalSize) instead
            AVVideoWidthKey: videoTrack.naturalSize.width,
                                        ^
/Users/keonta/Documents/MyChannel/MyChannel/Features/Stories/FacebookParityStoryEngine.swift:560:42: warning: 'naturalSize' was deprecated in iOS 16.0: Use load(.naturalSize) instead
            AVVideoHeightKey: videoTrack.naturalSize.height
                                         ^
/Users/keonta/Documents/MyChannel/MyChannel/Features/Stories/FacebookParityStoryEngine.swift:563:44: warning: 'preferredTransform' was deprecated in iOS 16.0: Use load(.preferredTransform) instead
        writerInput.transform = videoTrack.preferredTransform
                                           ^
/Users/keonta/Documents/MyChannel/MyChannel/Features/Stories/FacebookParityStoryEngine.swift:570:62: warning: 'naturalSize' was deprecated in iOS 16.0: Use load(.naturalSize) instead
                kCVPixelBufferWidthKey as String: videoTrack.naturalSize.width,
                                                             ^
/Users/keonta/Documents/MyChannel/MyChannel/Features/Stories/FacebookParityStoryEngine.swift:571:63: warning: 'naturalSize' was deprecated in iOS 16.0: Use load(.naturalSize) instead
                kCVPixelBufferHeightKey as String: videoTrack.naturalSize.height
                                                              ^
/Users/keonta/Documents/MyChannel/MyChannel/Features/Stories/FacebookParityStoryEngine.swift:585:30: warning: 'nominalFrameRate' was deprecated in iOS 16.0: Use load(.nominalFrameRate) instead
        let fps = videoTrack.nominalFrameRate > 0 ? videoTrack.nominalFrameRate : 30
                             ^
/Users/keonta/Documents/MyChannel/MyChannel/Features/Stories/FacebookParityStoryEngine.swift:585:64: warning: 'nominalFrameRate' was deprecated in iOS 16.0: Use load(.nominalFrameRate) instead
        let fps = videoTrack.nominalFrameRate > 0 ? videoTrack.nominalFrameRate : 30
                                                               ^
/Users/keonta/Documents/MyChannel/MyChannel/Features/Stories/FacebookParityStoryEngine.swift:965:39: warning: 'tracks(withMediaType:)' was deprecated in iOS 16.0: Use loadTracks(withMediaType:) instead
            if let videoTrack = asset.tracks(withMediaType: .video).first {
                                      ^
/Users/keonta/Documents/MyChannel/MyChannel/Features/Stories/FacebookParityStoryEngine.swift:966:39: warning: 'naturalSize' was deprecated in iOS 16.0: Use load(.naturalSize) instead
                let size = videoTrack.naturalSize
                                      ^
/Users/keonta/Documents/MyChannel/MyChannel/Features/Stories/FacebookParityStoryEngine.swift:1030:38: warning: 'tracks(withMediaType:)' was deprecated in iOS 16.0: Use loadTracks(withMediaType:) instead
        guard let videoTrack = asset.tracks(withMediaType: .video).first else {
                                     ^
/Users/keonta/Documents/MyChannel/MyChannel/Features/Stories/FacebookParityStoryEngine.swift:1044:36: warning: 'naturalSize' was deprecated in iOS 16.0: Use load(.naturalSize) instead
        let videoSize = videoTrack.naturalSize
                                   ^
/Users/keonta/Documents/MyChannel/MyChannel/Features/Stories/FacebookParityStoryEngine.swift:1055:36: warning: 'preferredTransform' was deprecated in iOS 16.0: Use load(.preferredTransform) instead
        var transform = videoTrack.preferredTransform
                                   ^
/Users/keonta/Documents/MyChannel/MyChannel/Features/Stories/FacebookParityStoryUploadManager.swift:158:35: warning: 'tracks(withMediaType:)' was deprecated in iOS 16.0: Use loadTracks(withMediaType:) instead
        if let videoTrack = asset.tracks(withMediaType: .video).first {
                                  ^
/Users/keonta/Documents/MyChannel/MyChannel/Features/Stories/FacebookParityStoryUploadManager.swift:159:35: warning: 'naturalSize' was deprecated in iOS 16.0: Use load(.naturalSize) instead
            let size = videoTrack.naturalSize
                                  ^
/Users/keonta/Documents/MyChannel/MyChannel/Features/Stories/FacebookParityStoryUploadManager.swift:184:40: warning: 'nominalFrameRate' was deprecated in iOS 16.0: Use load(.nominalFrameRate) instead
            let frameRate = videoTrack.nominalFrameRate
                                       ^
/Users/keonta/Documents/MyChannel/MyChannel/Features/Stories/FacebookParityStoryUploadManager.swift:343:38: warning: 'tracks(withMediaType:)' was deprecated in iOS 16.0: Use loadTracks(withMediaType:) instead
        guard let videoTrack = asset.tracks(withMediaType: .video).first else {
                                     ^
/Users/keonta/Documents/MyChannel/MyChannel/Features/Stories/FacebookParityStoryUploadManager.swift:360:36: warning: 'naturalSize' was deprecated in iOS 16.0: Use load(.naturalSize) instead
        let videoSize = videoTrack.naturalSize
                                   ^
/Users/keonta/Documents/MyChannel/MyChannel/Features/Stories/FacebookParityStoryUploadManager.swift:371:36: warning: 'preferredTransform' was deprecated in iOS 16.0: Use load(.preferredTransform) instead
        var transform = videoTrack.preferredTransform
                                   ^
/Users/keonta/Documents/MyChannel/MyChannel/Features/Stories/FacebookParityStoryUploadManager.swift:383:35: warning: 'tracks(withMediaType:)' was deprecated in iOS 16.0: Use loadTracks(withMediaType:) instead
        if let audioTrack = asset.tracks(withMediaType: .audio).first {
                                  ^
/Users/keonta/Documents/MyChannel/MyChannel/Core/Services/MultiLanguageService.swift:115:13: warning: variable 'metadata' was never mutated; consider changing to 'let' constant
        var metadata = videoTranslations[videoId] ?? MultiLanguageMetadata(videoId: videoId)
        ~~~ ^
        let
/Users/keonta/Documents/MyChannel/MyChannel/Core/Services/MultiLanguageService.swift:145:19: warning: variable 'metadata' was never mutated; consider changing to 'let' constant
        guard var metadata = videoTranslations[videoId] else { return }
              ~~~ ^
              let
/Users/keonta/Documents/MyChannel/MyChannel/Core/Services/MultiRegionReplicationEngine.swift:249:13: warning: immutable property will not be decoded because it is declared with an initial value which cannot be overwritten
        let createdAt: Date = Date()
            ^
/Users/keonta/Documents/MyChannel/MyChannel/Core/Services/MultiRegionReplicationEngine.swift:249:13: note: set the initial value via the initializer or explicitly define a CodingKeys enum including a 'createdAt' case to silence this warning
        let createdAt: Date = Date()
            ^
/Users/keonta/Documents/MyChannel/MyChannel/Core/Services/MultiRegionReplicationEngine.swift:249:13: note: make the property mutable instead
        let createdAt: Date = Date()
        ~~~ ^
        var
/Users/keonta/Documents/MyChannel/MyChannel/Core/Services/MusicPlayerService.swift:141:19: warning: immutable value 'player' was never used; consider replacing with '_' or removing it
        guard let player, duration > 0 else { return }
              ~~~~^~~~~~
              _
/Users/keonta/Documents/MyChannel/MyChannel/Core/Services/MusicPlayerService.swift:152:18: warning: main actor-isolated property 'currentTime' can not be mutated from a Sendable closure
            self.currentTime = seconds
                 ^
/Users/keonta/Documents/MyChannel/MyChannel/Core/Services/MusicPlayerService.swift:40:33: note: mutation of this property is only permitted within the actor
    @Published private(set) var currentTime: TimeInterval = 0
                                ^
/Users/keonta/Documents/MyChannel/MyChannel/Core/Services/MusicPlayerService.swift:153:21: warning: main actor-isolated property 'isPlaying' can not be referenced from a Sendable closure
            if self.isPlaying { player.play() }
                    ^
/Users/keonta/Documents/MyChannel/MyChannel/Core/Services/MusicPlayerService.swift:37:33: note: property declared here
    @Published private(set) var isPlaying: Bool = false
                                ^
/Users/keonta/Documents/MyChannel/MyChannel/Core/Services/MusicPlayerService.swift:268:45: warning: 'regionCode' was deprecated in iOS 16: renamed to 'region.identifier'
            let regionCode = Locale.current.regionCode ?? "US"
                                            ^
/Users/keonta/Documents/MyChannel/MyChannel/Core/Services/MusicPlayerService.swift:268:45: note: use 'region.identifier' instead
            let regionCode = Locale.current.regionCode ?? "US"
                                            ^~~~~~~~~~
                                            region.identifier
/Users/keonta/Documents/MyChannel/MyChannel/Core/Services/MusicPlayerService.swift:345:18: warning: main actor-isolated property 'duration' can not be mutated from a Sendable closure
            self.duration = durationSeconds.isFinite ? durationSeconds : 0
                 ^
/Users/keonta/Documents/MyChannel/MyChannel/Core/Services/MusicPlayerService.swift:41:33: note: mutation of this property is only permitted within the actor
    @Published private(set) var duration: TimeInterval = 0
                                ^
/Users/keonta/Documents/MyChannel/MyChannel/Core/Services/MusicPlayerService.swift:346:18: warning: main actor-isolated property 'currentTime' can not be mutated from a Sendable closure
            self.currentTime = time.seconds
                 ^
/Users/keonta/Documents/MyChannel/MyChannel/Core/Services/MusicPlayerService.swift:40:33: note: mutation of this property is only permitted within the actor
    @Published private(set) var currentTime: TimeInterval = 0
                                ^
/Users/keonta/Documents/MyChannel/MyChannel/Core/Services/MusicPlayerService.swift:348:22: warning: main actor-isolated property 'progress' can not be mutated from a Sendable closure
                self.progress = min(1, max(0, time.seconds / durationSeconds))
                     ^
/Users/keonta/Documents/MyChannel/MyChannel/Core/Services/MusicPlayerService.swift:39:33: note: mutation of this property is only permitted within the actor
    @Published private(set) var progress: Double = 0.0
                                ^
/Users/keonta/Documents/MyChannel/MyChannel/Core/Services/MusicPlayerService.swift:350:22: warning: main actor-isolated property 'progress' can not be mutated from a Sendable closure
                self.progress = 0
                     ^
/Users/keonta/Documents/MyChannel/MyChannel/Core/Services/MusicPlayerService.swift:39:33: note: mutation of this property is only permitted within the actor
    @Published private(set) var progress: Double = 0.0
                                ^
/Users/keonta/Documents/MyChannel/MyChannel/Core/Services/MusicPlayerService.swift:352:18: warning: main actor-isolated property 'isBuffering' can not be mutated from a Sendable closure
            self.isBuffering = item.isPlaybackLikelyToKeepUp == false && !item.isPlaybackBufferEmpty
                 ^
/Users/keonta/Documents/MyChannel/MyChannel/Core/Services/MusicPlayerService.swift:38:33: note: mutation of this property is only permitted within the actor
    @Published private(set) var isBuffering: Bool = false
                                ^
/Users/keonta/Documents/MyChannel/MyChannel/Core/Services/MusicPlayerService.swift:353:18: warning: call to main actor-isolated instance method 'updateElapsed(time:duration:)' in a synchronous nonisolated context
            self.updateElapsed(time: time.seconds, duration: durationSeconds)
                 ^
/Users/keonta/Documents/MyChannel/MyChannel/Core/Services/MusicPlayerService.swift:441:18: note: calls to instance method 'updateElapsed(time:duration:)' from outside of its actor context are implicitly asynchronous
    private func updateElapsed(time: Double, duration: Double) {
                 ^
/Users/keonta/Documents/MyChannel/MyChannel/Core/Services/MusicPlayerService.swift:362:25: warning: main actor-isolated property 'repeatMode' can not be referenced from a Sendable closure
            switch self.repeatMode {
                        ^
/Users/keonta/Documents/MyChannel/MyChannel/Core/Services/MusicPlayerService.swift:44:20: note: property declared here
    @Published var repeatMode: MusicRepeatMode = .off
                   ^
/Users/keonta/Documents/MyChannel/MyChannel/Core/Services/MusicPlayerService.swift:364:22: warning: call to main actor-isolated instance method 'seek(toFraction:)' in a synchronous nonisolated context
                self.seek(toFraction: 0)
                     ^
/Users/keonta/Documents/MyChannel/MyChannel/Core/Services/MusicPlayerService.swift:140:10: note: calls to instance method 'seek(toFraction:)' from outside of its actor context are implicitly asynchronous
    func seek(toFraction fraction: Double) {
         ^
/Users/keonta/Documents/MyChannel/MyChannel/Core/Services/MusicPlayerService.swift:365:22: warning: main actor-isolated property 'player' can not be referenced from a Sendable closure
                self.player?.play()
                     ^
/Users/keonta/Documents/MyChannel/MyChannel/Core/Services/MusicPlayerService.swift:54:17: note: property declared here
    private var player: AVPlayer?
                ^
/Users/keonta/Documents/MyChannel/MyChannel/Core/Services/MusicPlayerService.swift:367:22: warning: call to main actor-isolated instance method 'skipNext()' in a synchronous nonisolated context
                self.skipNext()
                     ^
/Users/keonta/Documents/MyChannel/MyChannel/Core/Services/MusicPlayerService.swift:102:10: note: calls to instance method 'skipNext()' from outside of its actor context are implicitly asynchronous
    func skipNext() {
         ^
/Users/keonta/Documents/MyChannel/MyChannel/Core/Services/MusicPlayerService.swift:369:25: warning: main actor-isolated property 'queue' can not be referenced from a Sendable closure
                if self.queue.isEmpty {
                        ^
/Users/keonta/Documents/MyChannel/MyChannel/Core/Services/MusicPlayerService.swift:34:33: note: property declared here
    @Published private(set) var queue: [Song] = []
                                ^
/Users/keonta/Documents/MyChannel/MyChannel/Core/Services/MusicPlayerService.swift:370:26: warning: call to main actor-isolated instance method 'stop()' in a synchronous nonisolated context
                    self.stop()
                         ^
/Users/keonta/Documents/MyChannel/MyChannel/Core/Services/MusicPlayerService.swift:184:10: note: calls to instance method 'stop()' from outside of its actor context are implicitly asynchronous
    func stop() {
         ^
/Users/keonta/Documents/MyChannel/MyChannel/Core/Services/MusicPlayerService.swift:372:26: warning: call to main actor-isolated instance method 'skipNext()' in a synchronous nonisolated context
                    self.skipNext()
                         ^
/Users/keonta/Documents/MyChannel/MyChannel/Core/Services/MusicPlayerService.swift:102:10: note: calls to instance method 'skipNext()' from outside of its actor context are implicitly asynchronous
    func skipNext() {
         ^
/Users/keonta/Documents/MyChannel/MyChannel/Core/Services/MyChannelDoctorService.swift:260:17: warning: initialization of immutable value 'analytics' was never used; consider replacing with assignment to '_' or removing it
            let analytics = try await db.collection("user_analytics")
            ~~~~^~~~~~~~~
            _
/Users/keonta/Documents/MyChannel/MyChannel/Core/Services/MyChannelDoctorService.swift:621:27: warning: variable 'self' was written to, but never read
            .sink { [weak self] _ in
                          ^
/Users/keonta/Documents/MyChannel/MyChannel/Core/Services/NeuralContentEvolutionEngine.swift:664:9: warning: immutable property will not be decoded because it is declared with an initial value which cannot be overwritten
    let id = UUID()
        ^
/Users/keonta/Documents/MyChannel/MyChannel/Core/Services/NeuralContentEvolutionEngine.swift:664:9: note: set the initial value via the initializer or explicitly define a CodingKeys enum including a 'id' case to silence this warning
    let id = UUID()
        ^
/Users/keonta/Documents/MyChannel/MyChannel/Core/Services/NeuralContentEvolutionEngine.swift:664:9: note: make the property mutable instead
    let id = UUID()
    ~~~ ^
    var
/Users/keonta/Documents/MyChannel/MyChannel/Core/Services/NewUserDiscoveryEngine.swift:126:13: warning: variable 'query' was never mutated; consider changing to 'let' constant
        var query = db.collection("videos")
        ~~~ ^
        let
/Users/keonta/Documents/MyChannel/MyChannel/Core/Services/NewUserDiscoveryEngine.swift:162:13: warning: variable 'query' was never mutated; consider changing to 'let' constant
        var query = db.collection("videos")
        ~~~ ^
        let
/Users/keonta/Documents/MyChannel/MyChannel/Core/Services/NewUserDiscoveryEngine.swift:197:13: warning: variable 'query' was never mutated; consider changing to 'let' constant
        var query = db.collection("videos")
        ~~~ ^
        let
/Users/keonta/Documents/MyChannel/MyChannel/Core/Services/NewUserDiscoveryEngine.swift:350:17: warning: variable 'boostedVideo' was never mutated; consider changing to 'let' constant
            var boostedVideo = video
            ~~~ ^
            let
/Users/keonta/Documents/MyChannel/MyChannel/Core/Services/NowPlayingService.swift:33:13: warning: variable 'info' was never mutated; consider changing to 'let' constant
        var info: [String: Any] = [
        ~~~ ^
        let
/Users/keonta/Documents/MyChannel/MyChannel/Core/Services/NuclearAdMonetizationService.swift:344:13: warning: variable 'url' was never mutated; consider changing to 'let' constant
        var url = String(vast[range])
        ~~~ ^
        let
/Users/keonta/Documents/MyChannel/MyChannel/Features/Home/AIRecommendationsSection.swift:100:26: warning: no calls to throwing functions occur within 'try' expression
            let videos = try await PersonalizedFeedService.shared.generateForYou(userId: userId, limit: 12)
                         ^
/Users/keonta/Documents/MyChannel/MyChannel/Features/Home/AIRecommendationsSection.swift:119:11: warning: 'catch' block is unreachable because no errors are thrown in 'do' block
        } catch {
          ^
/Users/keonta/Documents/MyChannel/MyChannel/Features/Home/LiveTVPlayerView.swift:935:54: warning: 'mediaSelectionGroup(forMediaCharacteristic:)' was deprecated in iOS 16.0: Use loadMediaSelectionGroup(for:) instead
        guard let group = player?.currentItem?.asset.mediaSelectionGroup(forMediaCharacteristic: .legible) else {
                                                     ^
/Users/keonta/Documents/MyChannel/MyChannel/Features/Home/LiveTVPlayerView.swift:941:48: warning: 'selectedMediaOption(in:)' was deprecated in iOS 11.0: Use currentMediaSelection to obtain an instance of AVMediaSelection, which encompasses the currently selected AVMediaSelectionOption in each of the available AVMediaSelectionGroups
        captionsEnabled = player?.currentItem?.selectedMediaOption(in: group) != nil
                                               ^
/Users/keonta/Documents/MyChannel/MyChannel/Features/Home/LiveTVPlayerView.swift:946:38: warning: 'mediaSelectionGroup(forMediaCharacteristic:)' was deprecated in iOS 16.0: Use loadMediaSelectionGroup(for:) instead
              let group = item.asset.mediaSelectionGroup(forMediaCharacteristic: .legible) else { return }
                                     ^
/Users/keonta/Documents/MyChannel/MyChannel/Features/Home/LiveTVPlayerView.swift:1093:37: warning: result of call to 'run(resultType:body:)' is unused
                    await MainActor.run {
                                    ^   ~
/Users/keonta/Documents/MyChannel/MyChannel/Features/Home/MusicHubView.swift:144:38: warning: capture 'newValue' was never used
                searchTask = Task { [newValue] in
                                     ^
/Users/keonta/Documents/MyChannel/MyChannel/Features/Home/ProfileQuickMenu.swift:236:11: warning: 'catch' block is unreachable because no errors are thrown in 'do' block
        } catch {
          ^
/Users/keonta/Documents/MyChannel/MyChannel/Features/Marketplace/ThumbnailMarketplaceView.swift:29:32: warning: immutable value 'user' was never used; consider replacing with '_' or removing it
                        if let user = appState.currentUser, viewModel.userIsCreator {
                           ~~~~^~~~
                           _
/Users/keonta/Documents/MyChannel/MyChannel/Features/Studio/AIContentAssistantViewModel.swift:53:17: warning: initialization of immutable value 'response' was never used; consider replacing with assignment to '_' or removing it
            let response = try await OpenAIService.shared.generate(prompt, model: .gpt5Turbo)
            ~~~~^~~~~~~~
            _
/Users/keonta/Documents/MyChannel/MyChannel/Features/Studio/AICreatorStudioView.swift:163:20: warning: value 'prediction' was defined but never used; consider replacing with boolean test
            if let prediction = viralPrediction {
               ~~~~^~~~~~~~~~~~~
                                                != nil
/Users/keonta/Documents/MyChannel/MyChannel/Features/Studio/AICreatorStudioView.swift:447:19: warning: value 'userId' was defined but never used; consider replacing with boolean test
        guard let userId = appState.currentUser?.id else { return }
              ~~~~^~~~~~~~~
              (                                    ) != nil
/Users/keonta/Documents/MyChannel/MyChannel/Features/Studio/AICreatorStudioView.swift:449:9: warning: no 'async' operations occur within 'await' expression
        await loadAnalytics()
        ^
/Users/keonta/Documents/MyChannel/MyChannel/Features/Studio/AICreatorStudioView.swift:450:9: warning: no 'async' operations occur within 'await' expression
        await loadAudienceInsights()
        ^
/Users/keonta/Documents/MyChannel/MyChannel/Features/Studio/AICreatorStudioView.swift:451:9: warning: no 'async' operations occur within 'await' expression
        await loadCreatorCoaching()
        ^
/Users/keonta/Documents/MyChannel/MyChannel/Core/Services/SLAMonitoringService.swift:111:13: warning: initialization of immutable value 'decoder' was never used; consider replacing with assignment to '_' or removing it
        let decoder = ISO8601DateFormatter()
        ~~~~^~~~~~~
        _
/Users/keonta/Documents/MyChannel/MyChannel/Core/Services/SmartBriefingService.swift:103:13: warning: result of 'try?' is unused
            try? await db.collection("briefingArchive").addDocument(data: [
            ^~~~~~~~~~~~~~~~~~~~~~~~~~~~~~~~~~~~~~~~~~~~~~~~~~~~~~~~~~~~~~~
/Users/keonta/Documents/MyChannel/MyChannel/Core/Services/SmartCacheService.swift:88:19: warning: call to main actor-isolated instance method 'clearMemoryCache()' in a synchronous nonisolated context
            self?.clearMemoryCache() // Calls the public function below
                  ^
/Users/keonta/Documents/MyChannel/MyChannel/Core/Services/SmartCacheService.swift:282:10: note: calls to instance method 'clearMemoryCache()' from outside of its actor context are implicitly asynchronous
    func clearMemoryCache() {
         ^
/Users/keonta/Documents/MyChannel/MyChannel/Core/Services/SSLPinningDelegate.swift:32:15: warning: 'SecTrustEvaluate' was deprecated in iOS 13.0: renamed to 'SecTrustEvaluateWithError(_:_:)'
        guard SecTrustEvaluate(trust, &result) == errSecSuccess else {
              ^
/Users/keonta/Documents/MyChannel/MyChannel/Core/Services/SSLPinningDelegate.swift:32:15: note: use 'SecTrustEvaluateWithError(_:_:)' instead
        guard SecTrustEvaluate(trust, &result) == errSecSuccess else {
              ^~~~~~~~~~~~~~~~
              SecTrustEvaluateWithError
/Users/keonta/Documents/MyChannel/MyChannel/Core/Services/SSLPinningDelegate.swift:37:26: warning: 'SecTrustGetCertificateAtIndex' was deprecated in iOS 15.0: renamed to 'SecTrustCopyCertificateChain(_:)'
        guard let cert = SecTrustGetCertificateAtIndex(trust, 0),
                         ^
/Users/keonta/Documents/MyChannel/MyChannel/Core/Services/SSLPinningDelegate.swift:37:26: note: use 'SecTrustCopyCertificateChain(_:)' instead
        guard let cert = SecTrustGetCertificateAtIndex(trust, 0),
                         ^~~~~~~~~~~~~~~~~~~~~~~~~~~~~
                         SecTrustCopyCertificateChain
/Users/keonta/Documents/MyChannel/MyChannel/Core/Services/StallRecoveryManager.swift:122:18: warning: main actor-isolated property 'isRecovering' can not be mutated from a Sendable closure
            self.isRecovering[video.id] = false
                 ^
/Users/keonta/Documents/MyChannel/MyChannel/Core/Services/StallRecoveryManager.swift:19:17: note: mutation of this property is only permitted within the actor
    private var isRecovering: [String: Bool] = [:]
                ^
/Users/keonta/Documents/MyChannel/MyChannel/Core/Services/StallRecoveryManager.swift:153:22: warning: call to main actor-isolated instance method 'handleStall(player:video:)' in a synchronous nonisolated context
                self.handleStall(player: player, video: video)
                     ^
/Users/keonta/Documents/MyChannel/MyChannel/Core/Services/StallRecoveryManager.swift:30:10: note: calls to instance method 'handleStall(player:video:)' from outside of its actor context are implicitly asynchronous
    func handleStall(player: AVPlayer, video: Video) {
         ^
/Users/keonta/Documents/MyChannel/MyChannel/Core/Services/StoriesCDNService.swift:428:13: warning: initialization of immutable value 'now' was never used; consider replacing with assignment to '_' or removing it
        let now = Date()
        ~~~~^~~
        _
/Users/keonta/Documents/MyChannel/MyChannel/Core/Services/UniversityCacheService.swift:36:64: warning: conditional downcast from 'CacheEntry?' to 'CacheEntry' does nothing
        guard let entry = cache.object(forKey: id as NSString) as? CacheEntry,
                          ~~~~~~~~~~~~~~~~~~~~~~~~~~~~~~~~~~~~~^~~~~~~~~~~~~~
                                                              
/Users/keonta/Documents/MyChannel/MyChannel/Core/Services/UniversityCacheService.swift:56:65: warning: conditional downcast from 'CacheEntry?' to 'CacheEntry' does nothing
        guard let entry = cache.object(forKey: key as NSString) as? CacheEntry,
                          ~~~~~~~~~~~~~~~~~~~~~~~~~~~~~~~~~~~~~~^~~~~~~~~~~~~~
                                                               
/Users/keonta/Documents/MyChannel/MyChannel/Core/Services/UniversityCacheService.swift:76:65: warning: conditional downcast from 'CacheEntry?' to 'CacheEntry' does nothing
        guard let entry = cache.object(forKey: key as NSString) as? CacheEntry,
                          ~~~~~~~~~~~~~~~~~~~~~~~~~~~~~~~~~~~~~~^~~~~~~~~~~~~~
                                                               
/Users/keonta/Documents/MyChannel/MyChannel/Core/Services/VectorDatabaseService.swift:238:17: warning: capture of 'self' with non-Sendable type 'VectorDatabaseService?' in a '@Sendable' closure
                self?.embeddingCache[cacheKey] = embedding
                ^
/Users/keonta/Documents/MyChannel/MyChannel/Core/Services/VectorDatabaseService.swift:12:7: note: class 'VectorDatabaseService' does not conform to the 'Sendable' protocol
class VectorDatabaseService {
      ^
/Users/keonta/Documents/MyChannel/MyChannel/Core/Services/VertexAIAgentService.swift:331:13: warning: initialization of immutable value 'response' was never used; consider replacing with assignment to '_' or removing it
        let response = try await callAgent(agentID: fraudDetectionAgentID, sessionID: "\(userId)-fraud", query: context)
        ~~~~^~~~~~~~
        _
/Users/keonta/Documents/MyChannel/MyChannel/Core/Services/VertexAIAgentService.swift:339:13: warning: initialization of immutable value 'response' was never used; consider replacing with assignment to '_' or removing it
        let response = try await callAgent(agentID: matchOrchestratorAgentID, sessionID: "match-\(challengerId)", query: context)
        ~~~~^~~~~~~~
        _
/Users/keonta/Documents/MyChannel/MyChannel/Core/Services/VertexAIAgentService.swift:353:13: warning: initialization of immutable value 'response' was never used; consider replacing with assignment to '_' or removing it
        let response = try await callAgent(agentID: viralPredictorAgentID, sessionID: "viral-pred", query: context)
        ~~~~^~~~~~~~
        _
/Users/keonta/Documents/MyChannel/MyChannel/Core/Services/VertexAIAgentService.swift:361:13: warning: initialization of immutable value 'response' was never used; consider replacing with assignment to '_' or removing it
        let response = try await callAgent(agentID: creatorAnalyticsAgentID, sessionID: "\(creatorId)-analytics", query: context)
        ~~~~^~~~~~~~
        _
/Users/keonta/Documents/MyChannel/MyChannel/Core/Services/VertexAIAgentService.swift:369:13: warning: initialization of immutable value 'response' was never used; consider replacing with assignment to '_' or removing it
        let response = try await callAgent(agentID: audienceInsightsAgentID, sessionID: "\(creatorId)-audience", query: context)
        ~~~~^~~~~~~~
        _
/Users/keonta/Documents/MyChannel/MyChannel/Core/Services/VertexAIAgentService.swift:377:13: warning: initialization of immutable value 'response' was never used; consider replacing with assignment to '_' or removing it
        let response = try await callAgent(agentID: supportAgentID, sessionID: "\(userId)-support", query: context)
        ~~~~^~~~~~~~
        _
/Users/keonta/Documents/MyChannel/MyChannel/Core/Services/VertexAIService.swift:273:13: warning: initialization of immutable value 'response' was never used; consider replacing with assignment to '_' or removing it
        let response = try await generateWithGemini(prompt, model: .geminiPro)
        ~~~~^~~~~~~~
        _
/Users/keonta/Documents/MyChannel/MyChannel/Features/Home/Stories/AssetStoriesPagerView.swift:523:25: warning: immutable value 'resource' was never used; consider replacing with '_' or removing it
        case .video(let resource):
                    ~~~~^~~~~~~~
                    _
/Users/keonta/Documents/MyChannel/MyChannel/Features/Home/Stories/AssetStoriesPagerView.swift:1112:13: warning: default will never be executed
            default:
            ^
/Users/keonta/Documents/MyChannel/MyChannel/Features/Home/Stories/AssetStoriesPagerView.swift:523:25: warning: immutable value 'resource' was never used; consider replacing with '_' or removing it
        case .video(let resource):
                    ~~~~^~~~~~~~
                    _
/Users/keonta/Documents/MyChannel/MyChannel/Features/Home/Stories/AssetStoriesPagerView.swift:1112:13: warning: default will never be executed
            default:
            ^
/Users/keonta/Documents/MyChannel/MyChannel/Features/Home/Stories/AssetStoriesPagerView.swift:523:25: warning: immutable value 'resource' was never used; consider replacing with '_' or removing it
        case .video(let resource):
                    ~~~~^~~~~~~~
                    _
/Users/keonta/Documents/MyChannel/MyChannel/Features/Home/Stories/AssetStoriesPagerView.swift:1112:13: warning: default will never be executed
            default:
            ^
/Users/keonta/Documents/MyChannel/MyChannel/Features/Home/Stories/AssetStoriesPagerView.swift:523:25: warning: immutable value 'resource' was never used; consider replacing with '_' or removing it
        case .video(let resource):
                    ~~~~^~~~~~~~
                    _
/Users/keonta/Documents/MyChannel/MyChannel/Features/Home/Stories/AssetStoriesPagerView.swift:1112:13: warning: default will never be executed
            default:
            ^
/Users/keonta/Documents/MyChannel/MyChannel/Features/Home/Stories/AssetStoriesPagerView.swift:523:25: warning: immutable value 'resource' was never used; consider replacing with '_' or removing it
        case .video(let resource):
                    ~~~~^~~~~~~~
                    _
/Users/keonta/Documents/MyChannel/MyChannel/Features/Home/Stories/AssetStoriesPagerView.swift:1112:13: warning: default will never be executed
            default:
            ^
/Users/keonta/Documents/MyChannel/MyChannel/Features/Home/Stories/AssetStoriesPagerView.swift:523:25: warning: immutable value 'resource' was never used; consider replacing with '_' or removing it
        case .video(let resource):
                    ~~~~^~~~~~~~
                    _
/Users/keonta/Documents/MyChannel/MyChannel/Features/Home/Stories/AssetStoriesPagerView.swift:1112:13: warning: default will never be executed
            default:
            ^
/Users/keonta/Documents/MyChannel/MyChannel/Features/Home/Stories/AssetStoriesPagerView.swift:523:25: warning: immutable value 'resource' was never used; consider replacing with '_' or removing it
        case .video(let resource):
                    ~~~~^~~~~~~~
                    _
/Users/keonta/Documents/MyChannel/MyChannel/Features/Home/Stories/AssetStoriesPagerView.swift:1112:13: warning: default will never be executed
            default:
            ^
/Users/keonta/Documents/MyChannel/MyChannel/Features/Home/Stories/AssetStoriesPagerView.swift:523:25: warning: immutable value 'resource' was never used; consider replacing with '_' or removing it
        case .video(let resource):
                    ~~~~^~~~~~~~
                    _
/Users/keonta/Documents/MyChannel/MyChannel/Features/Home/Stories/AssetStoriesPagerView.swift:1112:13: warning: default will never be executed
            default:
            ^
/Users/keonta/Documents/MyChannel/MyChannel/Core/Services/NowPlayingService.swift:33:13: warning: variable 'info' was never mutated; consider changing to 'let' constant
        var info: [String: Any] = [
        ~~~ ^
        let
/Users/keonta/Documents/MyChannel/MyChannel/Core/Services/NuclearAdMonetizationService.swift:344:13: warning: variable 'url' was never mutated; consider changing to 'let' constant
        var url = String(vast[range])
        ~~~ ^
        let
/Users/keonta/Documents/MyChannel/MyChannel/Features/Profile/ProfileViewModel.swift:83:25: warning: reference to property 'userVideos' in closure requires explicit use of 'self' to make capture semantics explicit; this is an error in the Swift 6 language mode
                        userVideos = uploadedVideos
                        ^
/Users/keonta/Documents/MyChannel/MyChannel/Features/Profile/ProfileViewModel.swift:84:25: warning: reference to property 'watchHistory' in closure requires explicit use of 'self' to make capture semantics explicit; this is an error in the Swift 6 language mode
                        watchHistory = Array(uploadedVideos.reversed())
                        ^
/Users/keonta/Documents/MyChannel/MyChannel/Features/Profile/ProfileViewModel.swift:116:25: warning: reference to property 'user' in closure requires explicit use of 'self' to make capture semantics explicit; this is an error in the Swift 6 language mode
                        user = updatedUser
                        ^
/Users/keonta/Documents/MyChannel/MyChannel/Features/Profile/ProfileViewModel.swift:122:25: warning: reference to property 'userVideos' in closure requires explicit use of 'self' to make capture semantics explicit; this is an error in the Swift 6 language mode
                        userVideos = []
                        ^
/Users/keonta/Documents/MyChannel/MyChannel/Features/Profile/ProfileViewModel.swift:123:25: warning: reference to property 'watchHistory' in closure requires explicit use of 'self' to make capture semantics explicit; this is an error in the Swift 6 language mode
                        watchHistory = []
                        ^
/Users/keonta/Documents/MyChannel/MyChannel/Features/Profile/ProfileViewModel.swift:124:25: warning: reference to property 'user' in closure requires explicit use of 'self' to make capture semantics explicit; this is an error in the Swift 6 language mode
                        user = newUser
                        ^
/Users/keonta/Documents/MyChannel/MyChannel/Features/Profile/ProfileViewModel.swift:78:27: warning: value 'self' was defined but never used; consider replacing with boolean test
                guard let self = self else { return }
                      ~~~~^~~~~~~
                                      != nil
/Users/keonta/Documents/MyChannel/MyChannel/Features/Rights/DMCAService.swift:26:13: warning: immutable property will not be decoded because it is declared with an initial value which cannot be overwritten
        let id = UUID().uuidString
            ^
/Users/keonta/Documents/MyChannel/MyChannel/Features/Rights/DMCAService.swift:26:13: note: set the initial value via the initializer or explicitly define a CodingKeys enum including a 'id' case to silence this warning
        let id = UUID().uuidString
            ^
/Users/keonta/Documents/MyChannel/MyChannel/Features/Rights/DMCAService.swift:26:13: note: make the property mutable instead
        let id = UUID().uuidString
        ~~~ ^
        var
/Users/keonta/Documents/MyChannel/MyChannel/Features/Flicks/VerticalShortsView.swift:469:16: warning: value 'index' was defined but never used; consider replacing with boolean test
        if let index = shorts.firstIndex(where: { $0.id == videoId }) {
           ~~~~^~~~~~~~
                                                                      != nil
/Users/keonta/Documents/MyChannel/MyChannel/Features/Flicks/VerticalVideoFeedView.swift:392:16: warning: value 'index' was defined but never used; consider replacing with boolean test
        if let index = shorts.firstIndex(where: { $0.id == videoId }) {
           ~~~~^~~~~~~~
                                                                      != nil
/Users/keonta/Documents/MyChannel/MyChannel/Features/Gaming/ChampionshipBeltSystem.swift:348:21: warning: immutable value 'doc' was never used; consider replacing with '_' or removing it
                for doc in snapshot.documents {
                    ^~~
                    _
/Users/keonta/Documents/MyChannel/MyChannel/Features/Gaming/GamingAIOrchestrator.swift:397:9: warning: result of 'try?' is unused
        try? await db.collection("ai_championship_events").addDocument(data: payload)
        ^~~~~~~~~~~~~~~~~~~~~~~~~~~~~~~~~~~~~~~~~~~~~~~~~~~~~~~~~~~~~~~~~~~~~~~~~~~~~
/Users/keonta/Documents/MyChannel/MyChannel/Features/Gaming/GamingAIOrchestrator.swift:435:9: warning: result of 'try?' is unused
        try? await db.collection("ai_ranking_refreshes").addDocument(data: [
        ^~~~~~~~~~~~~~~~~~~~~~~~~~~~~~~~~~~~~~~~~~~~~~~~~~~~~~~~~~~~~~~~~~~~
/Users/keonta/Documents/MyChannel/MyChannel/Features/Gaming/GamingAIOrchestrator.swift:685:13: warning: variable 'totalMatches' was never mutated; consider changing to 'let' constant
        var totalMatches = matchHistory?.documents.count ?? 0
        ~~~ ^
        let
/Users/keonta/Documents/MyChannel/MyChannel/Features/Gaming/GamingAIOrchestrator.swift:885:13: warning: variable 'currentPlayers' was never mutated; consider changing to 'let' constant
        var currentPlayers = sortedPlayers
        ~~~ ^
        let
/Users/keonta/Documents/MyChannel/MyChannel/Features/Gaming/GamingEsportsView.swift:348:70: warning: left side of nil coalescing operator '??' has non-optional type 'Color', so the right side is never used
                                colors: [Color(hexString: "#DC143C") ?? .red, Color(hexString: "#8B0000") ?? Color(red: 0.55, green: 0, blue: 0)],
                                         ~~~~~~~~~~~~~~~~~~~~~~~~~~~~^~~~~~~
                                                                    
/Users/keonta/Documents/MyChannel/MyChannel/Features/Gaming/GamingEsportsView.swift:348:107: warning: left side of nil coalescing operator '??' has non-optional type 'Color', so the right side is never used
                                colors: [Color(hexString: "#DC143C") ?? .red, Color(hexString: "#8B0000") ?? Color(red: 0.55, green: 0, blue: 0)],
                                                                              ~~~~~~~~~~~~~~~~~~~~~~~~~~~~^~~~~~~~~~~~~~~~~~~~~~~~~~~~~~~~~~~~~~
                                                                                                         
/Users/keonta/Documents/MyChannel/MyChannel/Features/Gaming/GamingEsportsView.swift:365:63: warning: left side of nil coalescing operator '??' has non-optional type 'Color', so the right side is never used
                        colors: [(Color(hexString: "#FFD700") ?? .yellow).opacity(0.5), (Color(hexString: "#DC143C") ?? .red).opacity(0.5)],
                                  ~~~~~~~~~~~~~~~~~~~~~~~~~~~~^~~~~~~~~~
                                                             
/Users/keonta/Documents/MyChannel/MyChannel/Features/Gaming/GamingEsportsView.swift:365:118: warning: left side of nil coalescing operator '??' has non-optional type 'Color', so the right side is never used
                        colors: [(Color(hexString: "#FFD700") ?? .yellow).opacity(0.5), (Color(hexString: "#DC143C") ?? .red).opacity(0.5)],
                                                                                         ~~~~~~~~~~~~~~~~~~~~~~~~~~~~^~~~~~~
                                                                                                                    
/Users/keonta/Documents/MyChannel/MyChannel/Features/Gaming/GamingEsportsView.swift:771:62: warning: left side of nil coalescing operator '??' has non-optional type 'Color', so the right side is never used
                .foregroundColor(Color(hexString: "#FFD700") ?? .yellow)
                                 ~~~~~~~~~~~~~~~~~~~~~~~~~~~~^~~~~~~~~~
                                                            
/Users/keonta/Documents/MyChannel/MyChannel/Features/Gaming/GamingEsportsView.swift:1115:78: warning: left side of nil coalescing operator '??' has non-optional type 'Color', so the right side is never used
                            colors: rank == 1 ? [Color(hexString: "#FFD700") ?? .yellow, Color(hexString: "#FFA500") ?? .orange] :
                                                 ~~~~~~~~~~~~~~~~~~~~~~~~~~~~^~~~~~~~~~
                                                                            
/Users/keonta/Documents/MyChannel/MyChannel/Features/Gaming/GamingEsportsView.swift:1115:118: warning: left side of nil coalescing operator '??' has non-optional type 'Color', so the right side is never used
                            colors: rank == 1 ? [Color(hexString: "#FFD700") ?? .yellow, Color(hexString: "#FFA500") ?? .orange] :
                                                                                         ~~~~~~~~~~~~~~~~~~~~~~~~~~~~^~~~~~~~~~
                                                                                                                    
/Users/keonta/Documents/MyChannel/MyChannel/Features/Gaming/GamingEsportsView.swift:1116:78: warning: left side of nil coalescing operator '??' has non-optional type 'Color', so the right side is never used
                                    rank == 2 ? [Color(hexString: "#C0C0C0") ?? .gray, Color(hexString: "#A8A8A8") ?? .gray] :
                                                 ~~~~~~~~~~~~~~~~~~~~~~~~~~~~^~~~~~~~
                                                                            
/Users/keonta/Documents/MyChannel/MyChannel/Features/Gaming/GamingEsportsView.swift:1116:116: warning: left side of nil coalescing operator '??' has non-optional type 'Color', so the right side is never used
                                    rank == 2 ? [Color(hexString: "#C0C0C0") ?? .gray, Color(hexString: "#A8A8A8") ?? .gray] :
                                                                                       ~~~~~~~~~~~~~~~~~~~~~~~~~~~~^~~~~~~~
                                                                                                                  
/Users/keonta/Documents/MyChannel/MyChannel/Features/Gaming/GamingEsportsView.swift:1117:66: warning: left side of nil coalescing operator '??' has non-optional type 'Color', so the right side is never used
                                    [Color(hexString: "#CD7F32") ?? .brown, Color(hexString: "#8B4513") ?? .brown],
                                     ~~~~~~~~~~~~~~~~~~~~~~~~~~~~^~~~~~~~~
                                                                
/Users/keonta/Documents/MyChannel/MyChannel/Features/Gaming/GamingEsportsView.swift:1117:105: warning: left side of nil coalescing operator '??' has non-optional type 'Color', so the right side is never used
                                    [Color(hexString: "#CD7F32") ?? .brown, Color(hexString: "#8B4513") ?? .brown],
                                                                            ~~~~~~~~~~~~~~~~~~~~~~~~~~~~^~~~~~~~~
                                                                                                       
/Users/keonta/Documents/MyChannel/MyChannel/Features/Gaming/GamingEsportsView.swift:1158:71: warning: left side of nil coalescing operator '??' has non-optional type 'Color', so the right side is never used
                            (rank == 1 ? (Color(hexString: "#FFD700") ?? .yellow).opacity(0.5) :
                                          ~~~~~~~~~~~~~~~~~~~~~~~~~~~~^~~~~~~~~~
                                                                     
/Users/keonta/Documents/MyChannel/MyChannel/Features/Gaming/GamingEsportsView.swift:1159:71: warning: left side of nil coalescing operator '??' has non-optional type 'Color', so the right side is never used
                             rank == 2 ? (Color(hexString: "#C0C0C0") ?? .gray).opacity(0.5) :
                                          ~~~~~~~~~~~~~~~~~~~~~~~~~~~~^~~~~~~~
                                                                     
/Users/keonta/Documents/MyChannel/MyChannel/Features/Gaming/GamingEsportsView.swift:1160:59: warning: left side of nil coalescing operator '??' has non-optional type 'Color', so the right side is never used
                             (Color(hexString: "#CD7F32") ?? .brown).opacity(0.5)),
                              ~~~~~~~~~~~~~~~~~~~~~~~~~~~~^~~~~~~~~
                                                         
/Users/keonta/Documents/MyChannel/MyChannel/Features/Gaming/GamingEsportsView.swift:1246:56: warning: left side of nil coalescing operator '??' has non-optional type 'Color', so the right side is never used
                    color: Color(hexString: "#FFD700") ?? .yellow
                           ~~~~~~~~~~~~~~~~~~~~~~~~~~~~^~~~~~~~~~
                                                      
/Users/keonta/Documents/MyChannel/MyChannel/Features/Gaming/GamingEsportsView.swift:1343:71: warning: left side of nil coalescing operator '??' has non-optional type 'Color', so the right side is never used
                                colors: [(Color(hexString: "#FFD700") ?? .yellow).opacity(0.3), (Color(hexString: "#DC143C") ?? .red).opacity(0.3)],
                                          ~~~~~~~~~~~~~~~~~~~~~~~~~~~~^~~~~~~~~~
                                                                     
/Users/keonta/Documents/MyChannel/MyChannel/Features/Gaming/GamingEsportsView.swift:1343:126: warning: left side of nil coalescing operator '??' has non-optional type 'Color', so the right side is never used
                                colors: [(Color(hexString: "#FFD700") ?? .yellow).opacity(0.3), (Color(hexString: "#DC143C") ?? .red).opacity(0.3)],
                                                                                                 ~~~~~~~~~~~~~~~~~~~~~~~~~~~~^~~~~~~
                                                                                                                            
/Users/keonta/Documents/MyChannel/MyChannel/Features/Gaming/GamingEsportsView.swift:1358:142: warning: left side of nil coalescing operator '??' has non-optional type 'Color', so the right side is never used
            statCard(title: "Tournaments Won", value: "\(viewModel.tournamentsWon)", icon: "trophy.fill", color: Color(hexString: "#FFD700") ?? .yellow)
                                                                                                                 ~~~~~~~~~~~~~~~~~~~~~~~~~~~~^~~~~~~~~~
                                                                                                                                            
/Users/keonta/Documents/MyChannel/MyChannel/Features/Gaming/GamingOnboardingView.swift:77:70: warning: left side of nil coalescing operator '??' has non-optional type 'Color', so the right side is never used
                                colors: [Color(hexString: "#FFD700") ?? .yellow, Color(hexString: "#FFA500") ?? .orange],
                                         ~~~~~~~~~~~~~~~~~~~~~~~~~~~~^~~~~~~~~~
                                                                    
/Users/keonta/Documents/MyChannel/MyChannel/Features/Gaming/GamingOnboardingView.swift:77:110: warning: left side of nil coalescing operator '??' has non-optional type 'Color', so the right side is never used
                                colors: [Color(hexString: "#FFD700") ?? .yellow, Color(hexString: "#FFA500") ?? .orange],
                                                                                 ~~~~~~~~~~~~~~~~~~~~~~~~~~~~^~~~~~~~~~
                                                                                                            
/Users/keonta/Documents/MyChannel/MyChannel/Features/Gaming/GamingOnboardingView.swift:437:56: warning: left side of nil coalescing operator '??' has non-optional type 'Color', so the right side is never used
                    color: Color(hexString: "#FFD700") ?? .yellow
                           ~~~~~~~~~~~~~~~~~~~~~~~~~~~~^~~~~~~~~~
                                                      
/Users/keonta/Documents/MyChannel/MyChannel/Features/Gaming/GamingOnboardingView.swift:467:62: warning: left side of nil coalescing operator '??' has non-optional type 'Color', so the right side is never used
                        colors: [Color(hexString: "#DC143C") ?? .red, Color(hexString: "#8B0000") ?? Color(red: 0.55, green: 0, blue: 0)],
                                 ~~~~~~~~~~~~~~~~~~~~~~~~~~~~^~~~~~~
                                                            
/Users/keonta/Documents/MyChannel/MyChannel/Features/Gaming/GamingOnboardingView.swift:467:99: warning: left side of nil coalescing operator '??' has non-optional type 'Color', so the right side is never used
                        colors: [Color(hexString: "#DC143C") ?? .red, Color(hexString: "#8B0000") ?? Color(red: 0.55, green: 0, blue: 0)],
                                                                      ~~~~~~~~~~~~~~~~~~~~~~~~~~~~^~~~~~~~~~~~~~~~~~~~~~~~~~~~~~~~~~~~~~
                                                                                                 
/Users/keonta/Documents/MyChannel/MyChannel/Features/Gaming/MatchProofUploadService.swift:342:21: warning: function call causes an infinite recursion
        return self.duration
                    ^
/Users/keonta/Documents/MyChannel/MyChannel/Features/Gaming/MatchResultSubmissionView.swift:798:21: warning: initialization of immutable value 'result' was never used; consider replacing with assignment to '_' or removing it
                let result = try await verificationService.submitMatchResult(
                ~~~~^~~~~~
                _
/Users/keonta/Documents/MyChannel/MyChannel/Features/Gaming/MatchVerificationService.swift:96:23: warning: result of call to 'verifyMatch(matchId:)' is unused
            try await verifyMatch(matchId: matchId)
                      ^          ~~~~~~~~~~~~~~~~~~
/Users/keonta/Documents/MyChannel/MyChannel/Features/Gaming/MatchVerificationService.swift:252:33: warning: result of call to 'depositFunds(userId:amount:paymentMethodId:)' is unused
        try await walletService.depositFunds(
                                ^           ~
/Users/keonta/Documents/MyChannel/MyChannel/Features/Gaming/MatchVerificationService.swift:389:33: warning: result of call to 'depositFunds(userId:amount:paymentMethodId:)' is unused
        try await walletService.depositFunds(
                                ^           ~
/Users/keonta/Documents/MyChannel/MyChannel/Features/Gaming/PrizePoolBreakdownView.swift:56:62: warning: left side of nil coalescing operator '??' has non-optional type 'Color', so the right side is never used
                .foregroundColor(Color(hexString: "#FFD700") ?? .yellow)
                                 ~~~~~~~~~~~~~~~~~~~~~~~~~~~~^~~~~~~~~~
                                                            
/Users/keonta/Documents/MyChannel/MyChannel/Features/Gaming/PrizePoolBreakdownView.swift:101:71: warning: left side of nil coalescing operator '??' has non-optional type 'Color', so the right side is never used
                                colors: [(Color(hexString: "#FFD700") ?? .yellow).opacity(0.3), (Color(hexString: "#DC143C") ?? .red).opacity(0.3)],
                                          ~~~~~~~~~~~~~~~~~~~~~~~~~~~~^~~~~~~~~~
                                                                     
/Users/keonta/Documents/MyChannel/MyChannel/Features/Gaming/PrizePoolBreakdownView.swift:101:126: warning: left side of nil coalescing operator '??' has non-optional type 'Color', so the right side is never used
                                colors: [(Color(hexString: "#FFD700") ?? .yellow).opacity(0.3), (Color(hexString: "#DC143C") ?? .red).opacity(0.3)],
                                                                                                 ~~~~~~~~~~~~~~~~~~~~~~~~~~~~^~~~~~~
                                                                                                                            
/Users/keonta/Documents/MyChannel/MyChannel/Features/Gaming/TournamentBracket3DView.swift:188:25: warning: initialization of immutable value 'nextRound' was never used; consider replacing with assignment to '_' or removing it
                    let nextRound = tournament.rounds[roundIndex + 1]
                    ~~~~^~~~~~~~~
                    _
/Users/keonta/Documents/MyChannel/MyChannel/Features/Gaming/TournamentBracketView.swift:249:63: warning: left side of nil coalescing operator '??' has non-optional type 'Color', so the right side is never used
                .fill(isWinner ? (Color(hexString: "#FFD700") ?? .yellow).opacity(0.1) : AppTheme.Colors.surface)
                                  ~~~~~~~~~~~~~~~~~~~~~~~~~~~~^~~~~~~~~~
                                                             
/Users/keonta/Documents/MyChannel/MyChannel/Features/Gaming/TournamentBracketView.swift:254:82: warning: left side of nil coalescing operator '??' has non-optional type 'Color', so the right side is never used
                        .foregroundColor(isWinner ? (Color(hexString: "#FFD700") ?? .yellow) : AppTheme.Colors.textPrimary)
                                                     ~~~~~~~~~~~~~~~~~~~~~~~~~~~~^~~~~~~~~~
                                                                                
/Users/keonta/Documents/MyChannel/MyChannel/Features/Gaming/TournamentBracketView.swift:260:74: warning: left side of nil coalescing operator '??' has non-optional type 'Color', so the right side is never used
                .foregroundColor(isWinner ? (Color(hexString: "#FFD700") ?? .yellow) : AppTheme.Colors.textPrimary)
                                             ~~~~~~~~~~~~~~~~~~~~~~~~~~~~^~~~~~~~~~
                                                                        
/Users/keonta/Documents/MyChannel/MyChannel/Features/Gaming/TournamentBracketView.swift:269:78: warning: left side of nil coalescing operator '??' has non-optional type 'Color', so the right side is never used
                    .foregroundColor(isWinner ? (Color(hexString: "#FFD700") ?? .yellow) : AppTheme.Colors.textPrimary)
                                                 ~~~~~~~~~~~~~~~~~~~~~~~~~~~~^~~~~~~~~~
                                                                            
/Users/keonta/Documents/MyChannel/MyChannel/Features/Gaming/TournamentBracketView.swift:279:66: warning: left side of nil coalescing operator '??' has non-optional type 'Color', so the right side is never used
                    .foregroundColor(Color(hexString: "#FFD700") ?? .yellow)
                                     ~~~~~~~~~~~~~~~~~~~~~~~~~~~~^~~~~~~~~~
                                                                
/Users/keonta/Documents/MyChannel/MyChannel/Features/Gaming/TournamentBracketView.swift:286:63: warning: left side of nil coalescing operator '??' has non-optional type 'Color', so the right side is never used
                .fill(isWinner ? (Color(hexString: "#FFD700") ?? .yellow).opacity(0.05) : Color.clear)
                                  ~~~~~~~~~~~~~~~~~~~~~~~~~~~~^~~~~~~~~~
                                                             
/Users/keonta/Documents/MyChannel/MyChannel/Features/Gaming/TournamentBracketViewModel.swift:39:52: warning: left side of nil coalescing operator '??' has non-optional type 'Color', so the right side is never used
                color: Color(hexString: "#FFD700") ?? .yellow
                       ~~~~~~~~~~~~~~~~~~~~~~~~~~~~^~~~~~~~~~
                                                  
/Users/keonta/Documents/MyChannel/MyChannel/Features/Gaming/TournamentService.swift:93:13: warning: initialization of immutable value 'endDate' was never used; consider replacing with assignment to '_' or removing it
        let endDate = (data["endDate"] as? Timestamp)?.dateValue() ?? Date().addingTimeInterval(604800)
        ~~~~^~~~~~~
        _
/Users/keonta/Documents/MyChannel/MyChannel/Features/Gaming/TournamentService.swift:123:21: warning: initialization of immutable value 'scheduledDate' was never used; consider replacing with assignment to '_' or removing it
                let scheduledDate = (matchData["scheduledDate"] as? Timestamp)?.dateValue()
                ~~~~^~~~~~~~~~~~~
                _
/Users/keonta/Documents/MyChannel/MyChannel/Core/Components/VideoPlayerManager.swift:240:17: warning: variable 'usingHLS' was written to, but never read
            var usingHLS = false
                ^
/Users/keonta/Documents/MyChannel/MyChannel/Core/Components/VideoPlayerManager.swift:761:40: warning: 'tracks(withMediaType:)' was deprecated in iOS 16.0: Use loadTracks(withMediaType:) instead
        if let videoTrack = item.asset.tracks(withMediaType: .video).first {
                                       ^
/Users/keonta/Documents/MyChannel/MyChannel/Core/Components/VideoPlayerManager.swift:762:37: warning: 'nominalFrameRate' was deprecated in iOS 16.0: Use load(.nominalFrameRate) instead
            fps = Double(videoTrack.nominalFrameRate)
                                    ^
/Users/keonta/Documents/MyChannel/MyChannel/Core/Components/VideoPlayerManager.swift:882:35: warning: 'mediaSelectionGroup(forMediaCharacteristic:)' was deprecated in iOS 16.0: Use loadMediaSelectionGroup(for:) instead
        if let group = item.asset.mediaSelectionGroup(forMediaCharacteristic: .legible) {
                                  ^
/Users/keonta/Documents/MyChannel/MyChannel/Core/Components/VideoPlayerManager.swift:890:35: warning: 'mediaSelectionGroup(forMediaCharacteristic:)' was deprecated in iOS 16.0: Use loadMediaSelectionGroup(for:) instead
        if let group = item.asset.mediaSelectionGroup(forMediaCharacteristic: .legible) {
                                  ^
/Users/keonta/Documents/MyChannel/MyChannel/Core/Components/VideoPlayerManager.swift:901:35: warning: 'mediaSelectionGroup(forMediaCharacteristic:)' was deprecated in iOS 16.0: Use loadMediaSelectionGroup(for:) instead
        if let group = item.asset.mediaSelectionGroup(forMediaCharacteristic: .audible) {
                                  ^
/Users/keonta/Documents/MyChannel/MyChannel/Core/Components/VideoPlayerManager.swift:909:35: warning: 'mediaSelectionGroup(forMediaCharacteristic:)' was deprecated in iOS 16.0: Use loadMediaSelectionGroup(for:) instead
        if let group = item.asset.mediaSelectionGroup(forMediaCharacteristic: .audible) {
                                  ^
/Users/keonta/Documents/MyChannel/MyChannel/Core/Config/OwnerProfile.swift:135:9: warning: immutable property will not be decoded because it is declared with an initial value which cannot be overwritten
    let id = UUID()
        ^
/Users/keonta/Documents/MyChannel/MyChannel/Core/Config/OwnerProfile.swift:135:9: note: set the initial value via the initializer or explicitly define a CodingKeys enum including a 'id' case to silence this warning
    let id = UUID()
        ^
/Users/keonta/Documents/MyChannel/MyChannel/Core/Config/OwnerProfile.swift:135:9: note: make the property mutable instead
    let id = UUID()
    ~~~ ^
    var
/Users/keonta/Documents/MyChannel/MyChannel/Core/Managers/CameraManager.swift:108:28: warning: 'flashMode' was deprecated in iOS 10.0: Use AVCapturePhotoSettings.flashMode instead.
                    device.flashMode = .off
                           ^
/Users/keonta/Documents/MyChannel/MyChannel/Core/Managers/CameraManager.swift:110:28: warning: 'flashMode' was deprecated in iOS 10.0: Use AVCapturePhotoSettings.flashMode instead.
                    device.flashMode = .on
                           ^
/Users/keonta/Documents/MyChannel/MyChannel/Core/Managers/CameraManager.swift:112:28: warning: 'flashMode' was deprecated in iOS 10.0: Use AVCapturePhotoSettings.flashMode instead.
                    device.flashMode = .auto
                           ^
/Users/keonta/Documents/MyChannel/MyChannel/Features/OfflineDownloads/OfflineDownloadService.swift:239:17: warning: no 'async' operations occur within 'await' expression
            try await ref.write(toFile: tempURL)
                ^
/Users/keonta/Documents/MyChannel/MyChannel/Features/OfflineDownloads/OfflineDownloadService.swift:239:13: warning: no calls to throwing functions occur within 'try' expression
            try await ref.write(toFile: tempURL)
            ^
/Users/keonta/Documents/MyChannel/MyChannel/Features/Player/AdPlayerOverlay.swift:127:13: warning: variable 'url' was never mutated; consider changing to 'let' constant
        var url = String(vast[range])
        ~~~ ^
        let
/Users/keonta/Documents/MyChannel/MyChannel/Features/Player/CreatorProfileSheet.swift:451:30: warning: no calls to throwing functions occur within 'try' expression
                let videos = try await VideoFirestoreService.shared.fetchVideosByCreator(creatorId: creator.id)
                             ^
/Users/keonta/Documents/MyChannel/MyChannel/Features/Player/CreatorProfileSheet.swift:457:15: warning: 'catch' block is unreachable because no errors are thrown in 'do' block
            } catch {
              ^
/Users/keonta/Documents/MyChannel/MyChannel/Features/Player/DownloadQualitySheet.swift:300:38: warning: result of call to 'downloadVideo(_:quality:)' is unused
            try await offlineService.downloadVideo(video, quality: selectedQuality)
                                     ^            ~~~~~~~~~~~~~~~~~~~~~~~~~~~~~~~~~
/Users/keonta/Documents/MyChannel/MyChannel/Features/Player/SuperThanksSheet.swift:450:9: warning: result of 'try?' is unused
        try? await db.collection("super-thanks").addDocument(data: thanksData)
        ^~~~~~~~~~~~~~~~~~~~~~~~~~~~~~~~~~~~~~~~~~~~~~~~~~~~~~~~~~~~~~~~~~~~~~
/Users/keonta/Documents/MyChannel/MyChannel/Features/Player/TipSheet.swift:440:19: warning: value 'currentUserId' was defined but never used; consider replacing with boolean test
        guard let currentUserId = authManager.currentUser?.id else {
              ~~~~^~~~~~~~~~~~~~~~
              (                                              ) != nil
/Users/keonta/Documents/MyChannel/MyChannel/Features/Player/VideoChaptersSheet.swift:169:21: warning: initialization of immutable value 'timestamp' was never used; consider replacing with assignment to '_' or removing it
                let timestamp = timeString(item.chapter.start)
                ~~~~^~~~~~~~~
                _
/Users/keonta/Documents/MyChannel/MyChannel/Features/Player/VideoChaptersSheet.swift:324:13: warning: no calls to throwing functions occur within 'try' expression
            try? await VideoChapterService.shared.deleteChapter(chapter.id, from: video.id)
            ^
/Users/keonta/Documents/MyChannel/MyChannel/Features/Player/VideoDetailView.swift:1511:48: warning: left side of nil coalescing operator '??' has non-optional type 'String', so the right side is never used
                        Button(opt.displayName ?? "Track") {
                               ~~~~~~~~~~~~~~~~^~~~~~~~~~
                                              
/Users/keonta/Documents/MyChannel/MyChannel/Features/Player/VideoDetailView.swift:1641:45: warning: string interpolation produces a debug description for an optional value; did you mean to make this explicit?
                print("🎥 Video source: \(video.contentSource)")
/Users/keonta/Documents/MyChannel/MyChannel/Features/Player/VideoDetailView.swift:1641:51: note: use a default value parameter to avoid this warning
                print("🎥 Video source: \(video.contentSource)")
/Users/keonta/Documents/MyChannel/MyChannel/Features/Player/VideoDetailView.swift:1641:51: note: provide a default value to avoid this warning
                print("🎥 Video source: \(video.contentSource)")
/Users/keonta/Documents/MyChannel/MyChannel/Features/Player/VideoDetailView.swift:1641:51: note: use 'String(describing:)' to silence this warning
                print("🎥 Video source: \(video.contentSource)")
/Users/keonta/Documents/MyChannel/MyChannel/Features/Player/VideoDetailView.swift:1714:29: warning: no calls to throwing functions occur within 'try' expression
                        if (try? await StoreKitService.shared.hasActiveSubscription()) == true {
                            ^
/Users/keonta/Documents/MyChannel/MyChannel/Features/Player/VideoMoreOptionsSheet.swift:315:9: warning: result of 'try?' is unused
        try? await db.collection("content_reports").addDocument(data: reportData)
        ^~~~~~~~~~~~~~~~~~~~~~~~~~~~~~~~~~~~~~~~~~~~~~~~~~~~~~~~~~~~~~~~~~~~~~~~~
/Users/keonta/Documents/MyChannel/MyChannel/Features/Player/VideoMoreOptionsSheet.swift:345:9: warning: result of 'try?' is unused
        try? await db.collection("content_reports").addDocument(data: reportData)
        ^~~~~~~~~~~~~~~~~~~~~~~~~~~~~~~~~~~~~~~~~~~~~~~~~~~~~~~~~~~~~~~~~~~~~~~~~
/Users/keonta/Documents/MyChannel/MyChannel/Features/Player/VideoMoreOptionsSheet.swift:421:13: warning: no 'async' operations occur within 'await' expression
            await add(videoId, to: id)
            ^
/Users/keonta/Documents/MyChannel/MyChannel/Features/Player/VideoPollOverlayView.swift:546:25: warning: result of 'try?' is unused
                        try? await service.createPoll(newPoll)
                        ^~~~~~~~~~~~~~~~~~~~~~~~~~~~~~~~~~~~~~
/Users/keonta/Documents/MyChannel/MyChannel/Core/Services/PredictiveAnalyticsEngine.swift:579:9: warning: immutable property will not be decoded because it is declared with an initial value which cannot be overwritten
    let id = UUID()
        ^
/Users/keonta/Documents/MyChannel/MyChannel/Core/Services/PredictiveAnalyticsEngine.swift:579:9: note: set the initial value via the initializer or explicitly define a CodingKeys enum including a 'id' case to silence this warning
    let id = UUID()
        ^
/Users/keonta/Documents/MyChannel/MyChannel/Core/Services/PredictiveAnalyticsEngine.swift:579:9: note: make the property mutable instead
    let id = UUID()
    ~~~ ^
    var
/Users/keonta/Documents/MyChannel/MyChannel/Core/Services/PredictiveAnalyticsEngine.swift:596:9: warning: immutable property will not be decoded because it is declared with an initial value which cannot be overwritten
    let id = UUID()
        ^
/Users/keonta/Documents/MyChannel/MyChannel/Core/Services/PredictiveAnalyticsEngine.swift:596:9: note: set the initial value via the initializer or explicitly define a CodingKeys enum including a 'id' case to silence this warning
    let id = UUID()
        ^
/Users/keonta/Documents/MyChannel/MyChannel/Core/Services/PredictiveAnalyticsEngine.swift:596:9: note: make the property mutable instead
    let id = UUID()
    ~~~ ^
    var
/Users/keonta/Documents/MyChannel/MyChannel/Core/Services/PredictiveAnalyticsEngine.swift:609:9: warning: immutable property will not be decoded because it is declared with an initial value which cannot be overwritten
    let id = UUID()
        ^
/Users/keonta/Documents/MyChannel/MyChannel/Core/Services/PredictiveAnalyticsEngine.swift:609:9: note: set the initial value via the initializer or explicitly define a CodingKeys enum including a 'id' case to silence this warning
    let id = UUID()
        ^
/Users/keonta/Documents/MyChannel/MyChannel/Core/Services/PredictiveAnalyticsEngine.swift:609:9: note: make the property mutable instead
    let id = UUID()
    ~~~ ^
    var
/Users/keonta/Documents/MyChannel/MyChannel/Core/Services/PredictiveAnalyticsEngine.swift:638:9: warning: immutable property will not be decoded because it is declared with an initial value which cannot be overwritten
    let id = UUID()
        ^
/Users/keonta/Documents/MyChannel/MyChannel/Core/Services/PredictiveAnalyticsEngine.swift:638:9: note: set the initial value via the initializer or explicitly define a CodingKeys enum including a 'id' case to silence this warning
    let id = UUID()
        ^
/Users/keonta/Documents/MyChannel/MyChannel/Core/Services/PredictiveAnalyticsEngine.swift:638:9: note: make the property mutable instead
    let id = UUID()
    ~~~ ^
    var
/Users/keonta/Documents/MyChannel/MyChannel/Core/Services/PredictiveAnalyticsEngine.swift:579:9: warning: immutable property will not be decoded because it is declared with an initial value which cannot be overwritten
    let id = UUID()
        ^
/Users/keonta/Documents/MyChannel/MyChannel/Core/Services/PredictiveAnalyticsEngine.swift:579:9: note: set the initial value via the initializer or explicitly define a CodingKeys enum including a 'id' case to silence this warning
    let id = UUID()
        ^
/Users/keonta/Documents/MyChannel/MyChannel/Core/Services/PredictiveAnalyticsEngine.swift:579:9: note: make the property mutable instead
    let id = UUID()
    ~~~ ^
    var
/Users/keonta/Documents/MyChannel/MyChannel/Core/Services/PredictiveAnalyticsEngine.swift:596:9: warning: immutable property will not be decoded because it is declared with an initial value which cannot be overwritten
    let id = UUID()
        ^
/Users/keonta/Documents/MyChannel/MyChannel/Core/Services/PredictiveAnalyticsEngine.swift:596:9: note: set the initial value via the initializer or explicitly define a CodingKeys enum including a 'id' case to silence this warning
    let id = UUID()
        ^
/Users/keonta/Documents/MyChannel/MyChannel/Core/Services/PredictiveAnalyticsEngine.swift:596:9: note: make the property mutable instead
    let id = UUID()
    ~~~ ^
    var
/Users/keonta/Documents/MyChannel/MyChannel/Core/Services/PredictiveAnalyticsEngine.swift:609:9: warning: immutable property will not be decoded because it is declared with an initial value which cannot be overwritten
    let id = UUID()
        ^
/Users/keonta/Documents/MyChannel/MyChannel/Core/Services/PredictiveAnalyticsEngine.swift:609:9: note: set the initial value via the initializer or explicitly define a CodingKeys enum including a 'id' case to silence this warning
    let id = UUID()
        ^
/Users/keonta/Documents/MyChannel/MyChannel/Core/Services/PredictiveAnalyticsEngine.swift:609:9: note: make the property mutable instead
    let id = UUID()
    ~~~ ^
    var
/Users/keonta/Documents/MyChannel/MyChannel/Core/Services/PredictiveAnalyticsEngine.swift:638:9: warning: immutable property will not be decoded because it is declared with an initial value which cannot be overwritten
    let id = UUID()
        ^
/Users/keonta/Documents/MyChannel/MyChannel/Core/Services/PredictiveAnalyticsEngine.swift:638:9: note: set the initial value via the initializer or explicitly define a CodingKeys enum including a 'id' case to silence this warning
    let id = UUID()
        ^
/Users/keonta/Documents/MyChannel/MyChannel/Core/Services/PredictiveAnalyticsEngine.swift:638:9: note: make the property mutable instead
    let id = UUID()
    ~~~ ^
    var
/Users/keonta/Documents/MyChannel/MyChannel/Core/Services/PredictiveAnalyticsEngine.swift:579:9: warning: immutable property will not be decoded because it is declared with an initial value which cannot be overwritten
    let id = UUID()
        ^
/Users/keonta/Documents/MyChannel/MyChannel/Core/Services/PredictiveAnalyticsEngine.swift:579:9: note: set the initial value via the initializer or explicitly define a CodingKeys enum including a 'id' case to silence this warning
    let id = UUID()
        ^
/Users/keonta/Documents/MyChannel/MyChannel/Core/Services/PredictiveAnalyticsEngine.swift:579:9: note: make the property mutable instead
    let id = UUID()
    ~~~ ^
    var
/Users/keonta/Documents/MyChannel/MyChannel/Core/Services/PredictiveAnalyticsEngine.swift:596:9: warning: immutable property will not be decoded because it is declared with an initial value which cannot be overwritten
    let id = UUID()
        ^
/Users/keonta/Documents/MyChannel/MyChannel/Core/Services/PredictiveAnalyticsEngine.swift:596:9: note: set the initial value via the initializer or explicitly define a CodingKeys enum including a 'id' case to silence this warning
    let id = UUID()
        ^
/Users/keonta/Documents/MyChannel/MyChannel/Core/Services/PredictiveAnalyticsEngine.swift:596:9: note: make the property mutable instead
    let id = UUID()
    ~~~ ^
    var
/Users/keonta/Documents/MyChannel/MyChannel/Core/Services/PredictiveAnalyticsEngine.swift:609:9: warning: immutable property will not be decoded because it is declared with an initial value which cannot be overwritten
    let id = UUID()
        ^
/Users/keonta/Documents/MyChannel/MyChannel/Core/Services/PredictiveAnalyticsEngine.swift:609:9: note: set the initial value via the initializer or explicitly define a CodingKeys enum including a 'id' case to silence this warning
    let id = UUID()
        ^
/Users/keonta/Documents/MyChannel/MyChannel/Core/Services/PredictiveAnalyticsEngine.swift:609:9: note: make the property mutable instead
    let id = UUID()
    ~~~ ^
    var
/Users/keonta/Documents/MyChannel/MyChannel/Core/Services/PredictiveAnalyticsEngine.swift:638:9: warning: immutable property will not be decoded because it is declared with an initial value which cannot be overwritten
    let id = UUID()
        ^
/Users/keonta/Documents/MyChannel/MyChannel/Core/Services/PredictiveAnalyticsEngine.swift:638:9: note: set the initial value via the initializer or explicitly define a CodingKeys enum including a 'id' case to silence this warning
    let id = UUID()
        ^
/Users/keonta/Documents/MyChannel/MyChannel/Core/Services/PredictiveAnalyticsEngine.swift:638:9: note: make the property mutable instead
    let id = UUID()
    ~~~ ^
    var
/Users/keonta/Documents/MyChannel/MyChannel/Core/Services/PredictiveAnalyticsEngine.swift:579:9: warning: immutable property will not be decoded because it is declared with an initial value which cannot be overwritten
    let id = UUID()
        ^
/Users/keonta/Documents/MyChannel/MyChannel/Core/Services/PredictiveAnalyticsEngine.swift:579:9: note: set the initial value via the initializer or explicitly define a CodingKeys enum including a 'id' case to silence this warning
    let id = UUID()
        ^
/Users/keonta/Documents/MyChannel/MyChannel/Core/Services/PredictiveAnalyticsEngine.swift:579:9: note: make the property mutable instead
    let id = UUID()
    ~~~ ^
    var
/Users/keonta/Documents/MyChannel/MyChannel/Core/Services/PredictiveAnalyticsEngine.swift:596:9: warning: immutable property will not be decoded because it is declared with an initial value which cannot be overwritten
    let id = UUID()
        ^
/Users/keonta/Documents/MyChannel/MyChannel/Core/Services/PredictiveAnalyticsEngine.swift:596:9: note: set the initial value via the initializer or explicitly define a CodingKeys enum including a 'id' case to silence this warning
    let id = UUID()
        ^
/Users/keonta/Documents/MyChannel/MyChannel/Core/Services/PredictiveAnalyticsEngine.swift:596:9: note: make the property mutable instead
    let id = UUID()
    ~~~ ^
    var
/Users/keonta/Documents/MyChannel/MyChannel/Core/Services/PredictiveAnalyticsEngine.swift:609:9: warning: immutable property will not be decoded because it is declared with an initial value which cannot be overwritten
    let id = UUID()
        ^
/Users/keonta/Documents/MyChannel/MyChannel/Core/Services/PredictiveAnalyticsEngine.swift:609:9: note: set the initial value via the initializer or explicitly define a CodingKeys enum including a 'id' case to silence this warning
    let id = UUID()
        ^
/Users/keonta/Documents/MyChannel/MyChannel/Core/Services/PredictiveAnalyticsEngine.swift:609:9: note: make the property mutable instead
    let id = UUID()
    ~~~ ^
    var
/Users/keonta/Documents/MyChannel/MyChannel/Core/Services/PredictiveAnalyticsEngine.swift:638:9: warning: immutable property will not be decoded because it is declared with an initial value which cannot be overwritten
    let id = UUID()
        ^
/Users/keonta/Documents/MyChannel/MyChannel/Core/Services/PredictiveAnalyticsEngine.swift:638:9: note: set the initial value via the initializer or explicitly define a CodingKeys enum including a 'id' case to silence this warning
    let id = UUID()
        ^
/Users/keonta/Documents/MyChannel/MyChannel/Core/Services/PredictiveAnalyticsEngine.swift:638:9: note: make the property mutable instead
    let id = UUID()
    ~~~ ^
    var
/Users/keonta/Documents/MyChannel/MyChannel/Core/Services/PredictiveAnalyticsEngine.swift:579:9: warning: immutable property will not be decoded because it is declared with an initial value which cannot be overwritten
    let id = UUID()
        ^
/Users/keonta/Documents/MyChannel/MyChannel/Core/Services/PredictiveAnalyticsEngine.swift:579:9: note: set the initial value via the initializer or explicitly define a CodingKeys enum including a 'id' case to silence this warning
    let id = UUID()
        ^
/Users/keonta/Documents/MyChannel/MyChannel/Core/Services/PredictiveAnalyticsEngine.swift:579:9: note: make the property mutable instead
    let id = UUID()
    ~~~ ^
    var
/Users/keonta/Documents/MyChannel/MyChannel/Core/Services/PredictiveAnalyticsEngine.swift:596:9: warning: immutable property will not be decoded because it is declared with an initial value which cannot be overwritten
    let id = UUID()
        ^
/Users/keonta/Documents/MyChannel/MyChannel/Core/Services/PredictiveAnalyticsEngine.swift:596:9: note: set the initial value via the initializer or explicitly define a CodingKeys enum including a 'id' case to silence this warning
    let id = UUID()
        ^
/Users/keonta/Documents/MyChannel/MyChannel/Core/Services/PredictiveAnalyticsEngine.swift:596:9: note: make the property mutable instead
    let id = UUID()
    ~~~ ^
    var
/Users/keonta/Documents/MyChannel/MyChannel/Core/Services/PredictiveAnalyticsEngine.swift:609:9: warning: immutable property will not be decoded because it is declared with an initial value which cannot be overwritten
    let id = UUID()
        ^
/Users/keonta/Documents/MyChannel/MyChannel/Core/Services/PredictiveAnalyticsEngine.swift:609:9: note: set the initial value via the initializer or explicitly define a CodingKeys enum including a 'id' case to silence this warning
    let id = UUID()
        ^
/Users/keonta/Documents/MyChannel/MyChannel/Core/Services/PredictiveAnalyticsEngine.swift:609:9: note: make the property mutable instead
    let id = UUID()
    ~~~ ^
    var
/Users/keonta/Documents/MyChannel/MyChannel/Core/Services/PredictiveAnalyticsEngine.swift:638:9: warning: immutable property will not be decoded because it is declared with an initial value which cannot be overwritten
    let id = UUID()
        ^
/Users/keonta/Documents/MyChannel/MyChannel/Core/Services/PredictiveAnalyticsEngine.swift:638:9: note: set the initial value via the initializer or explicitly define a CodingKeys enum including a 'id' case to silence this warning
    let id = UUID()
        ^
/Users/keonta/Documents/MyChannel/MyChannel/Core/Services/PredictiveAnalyticsEngine.swift:638:9: note: make the property mutable instead
    let id = UUID()
    ~~~ ^
    var
/Users/keonta/Documents/MyChannel/MyChannel/Core/Services/PredictiveAnalyticsEngine.swift:579:9: warning: immutable property will not be decoded because it is declared with an initial value which cannot be overwritten
    let id = UUID()
        ^
/Users/keonta/Documents/MyChannel/MyChannel/Core/Services/PredictiveAnalyticsEngine.swift:579:9: note: set the initial value via the initializer or explicitly define a CodingKeys enum including a 'id' case to silence this warning
    let id = UUID()
        ^
/Users/keonta/Documents/MyChannel/MyChannel/Core/Services/PredictiveAnalyticsEngine.swift:579:9: note: make the property mutable instead
    let id = UUID()
    ~~~ ^
    var
/Users/keonta/Documents/MyChannel/MyChannel/Core/Services/PredictiveAnalyticsEngine.swift:596:9: warning: immutable property will not be decoded because it is declared with an initial value which cannot be overwritten
    let id = UUID()
        ^
/Users/keonta/Documents/MyChannel/MyChannel/Core/Services/PredictiveAnalyticsEngine.swift:596:9: note: set the initial value via the initializer or explicitly define a CodingKeys enum including a 'id' case to silence this warning
    let id = UUID()
        ^
/Users/keonta/Documents/MyChannel/MyChannel/Core/Services/PredictiveAnalyticsEngine.swift:596:9: note: make the property mutable instead
    let id = UUID()
    ~~~ ^
    var
/Users/keonta/Documents/MyChannel/MyChannel/Core/Services/PredictiveAnalyticsEngine.swift:609:9: warning: immutable property will not be decoded because it is declared with an initial value which cannot be overwritten
    let id = UUID()
        ^
/Users/keonta/Documents/MyChannel/MyChannel/Core/Services/PredictiveAnalyticsEngine.swift:609:9: note: set the initial value via the initializer or explicitly define a CodingKeys enum including a 'id' case to silence this warning
    let id = UUID()
        ^
/Users/keonta/Documents/MyChannel/MyChannel/Core/Services/PredictiveAnalyticsEngine.swift:609:9: note: make the property mutable instead
    let id = UUID()
    ~~~ ^
    var
/Users/keonta/Documents/MyChannel/MyChannel/Core/Services/PredictiveAnalyticsEngine.swift:638:9: warning: immutable property will not be decoded because it is declared with an initial value which cannot be overwritten
    let id = UUID()
        ^
/Users/keonta/Documents/MyChannel/MyChannel/Core/Services/PredictiveAnalyticsEngine.swift:638:9: note: set the initial value via the initializer or explicitly define a CodingKeys enum including a 'id' case to silence this warning
    let id = UUID()
        ^
/Users/keonta/Documents/MyChannel/MyChannel/Core/Services/PredictiveAnalyticsEngine.swift:638:9: note: make the property mutable instead
    let id = UUID()
    ~~~ ^
    var
/Users/keonta/Documents/MyChannel/MyChannel/Core/Services/PredictiveAnalyticsEngine.swift:579:9: warning: immutable property will not be decoded because it is declared with an initial value which cannot be overwritten
    let id = UUID()
        ^
/Users/keonta/Documents/MyChannel/MyChannel/Core/Services/PredictiveAnalyticsEngine.swift:579:9: note: set the initial value via the initializer or explicitly define a CodingKeys enum including a 'id' case to silence this warning
    let id = UUID()
        ^
/Users/keonta/Documents/MyChannel/MyChannel/Core/Services/PredictiveAnalyticsEngine.swift:579:9: note: make the property mutable instead
    let id = UUID()
    ~~~ ^
    var
/Users/keonta/Documents/MyChannel/MyChannel/Core/Services/PredictiveAnalyticsEngine.swift:596:9: warning: immutable property will not be decoded because it is declared with an initial value which cannot be overwritten
    let id = UUID()
        ^
/Users/keonta/Documents/MyChannel/MyChannel/Core/Services/PredictiveAnalyticsEngine.swift:596:9: note: set the initial value via the initializer or explicitly define a CodingKeys enum including a 'id' case to silence this warning
    let id = UUID()
        ^
/Users/keonta/Documents/MyChannel/MyChannel/Core/Services/PredictiveAnalyticsEngine.swift:596:9: note: make the property mutable instead
    let id = UUID()
    ~~~ ^
    var
/Users/keonta/Documents/MyChannel/MyChannel/Core/Services/PredictiveAnalyticsEngine.swift:609:9: warning: immutable property will not be decoded because it is declared with an initial value which cannot be overwritten
    let id = UUID()
        ^
/Users/keonta/Documents/MyChannel/MyChannel/Core/Services/PredictiveAnalyticsEngine.swift:609:9: note: set the initial value via the initializer or explicitly define a CodingKeys enum including a 'id' case to silence this warning
    let id = UUID()
        ^
/Users/keonta/Documents/MyChannel/MyChannel/Core/Services/PredictiveAnalyticsEngine.swift:609:9: note: make the property mutable instead
    let id = UUID()
    ~~~ ^
    var
/Users/keonta/Documents/MyChannel/MyChannel/Core/Services/PredictiveAnalyticsEngine.swift:638:9: warning: immutable property will not be decoded because it is declared with an initial value which cannot be overwritten
    let id = UUID()
        ^
/Users/keonta/Documents/MyChannel/MyChannel/Core/Services/PredictiveAnalyticsEngine.swift:638:9: note: set the initial value via the initializer or explicitly define a CodingKeys enum including a 'id' case to silence this warning
    let id = UUID()
        ^
/Users/keonta/Documents/MyChannel/MyChannel/Core/Services/PredictiveAnalyticsEngine.swift:638:9: note: make the property mutable instead
    let id = UUID()
    ~~~ ^
    var
/Users/keonta/Documents/MyChannel/MyChannel/Core/Services/PredictiveAnalyticsEngine.swift:579:9: warning: immutable property will not be decoded because it is declared with an initial value which cannot be overwritten
    let id = UUID()
        ^
/Users/keonta/Documents/MyChannel/MyChannel/Core/Services/PredictiveAnalyticsEngine.swift:579:9: note: set the initial value via the initializer or explicitly define a CodingKeys enum including a 'id' case to silence this warning
    let id = UUID()
        ^
/Users/keonta/Documents/MyChannel/MyChannel/Core/Services/PredictiveAnalyticsEngine.swift:579:9: note: make the property mutable instead
    let id = UUID()
    ~~~ ^
    var
/Users/keonta/Documents/MyChannel/MyChannel/Core/Services/PredictiveAnalyticsEngine.swift:596:9: warning: immutable property will not be decoded because it is declared with an initial value which cannot be overwritten
    let id = UUID()
        ^
/Users/keonta/Documents/MyChannel/MyChannel/Core/Services/PredictiveAnalyticsEngine.swift:596:9: note: set the initial value via the initializer or explicitly define a CodingKeys enum including a 'id' case to silence this warning
    let id = UUID()
        ^
/Users/keonta/Documents/MyChannel/MyChannel/Core/Services/PredictiveAnalyticsEngine.swift:596:9: note: make the property mutable instead
    let id = UUID()
    ~~~ ^
    var
/Users/keonta/Documents/MyChannel/MyChannel/Core/Services/PredictiveAnalyticsEngine.swift:609:9: warning: immutable property will not be decoded because it is declared with an initial value which cannot be overwritten
    let id = UUID()
        ^
/Users/keonta/Documents/MyChannel/MyChannel/Core/Services/PredictiveAnalyticsEngine.swift:609:9: note: set the initial value via the initializer or explicitly define a CodingKeys enum including a 'id' case to silence this warning
    let id = UUID()
        ^
/Users/keonta/Documents/MyChannel/MyChannel/Core/Services/PredictiveAnalyticsEngine.swift:609:9: note: make the property mutable instead
    let id = UUID()
    ~~~ ^
    var
/Users/keonta/Documents/MyChannel/MyChannel/Core/Services/PredictiveAnalyticsEngine.swift:638:9: warning: immutable property will not be decoded because it is declared with an initial value which cannot be overwritten
    let id = UUID()
        ^
/Users/keonta/Documents/MyChannel/MyChannel/Core/Services/PredictiveAnalyticsEngine.swift:638:9: note: set the initial value via the initializer or explicitly define a CodingKeys enum including a 'id' case to silence this warning
    let id = UUID()
        ^
/Users/keonta/Documents/MyChannel/MyChannel/Core/Services/PredictiveAnalyticsEngine.swift:638:9: note: make the property mutable instead
    let id = UUID()
    ~~~ ^
    var
/Users/keonta/Documents/MyChannel/MyChannel/Core/Services/PredictiveAnalyticsEngine.swift:579:9: warning: immutable property will not be decoded because it is declared with an initial value which cannot be overwritten
    let id = UUID()
        ^
/Users/keonta/Documents/MyChannel/MyChannel/Core/Services/PredictiveAnalyticsEngine.swift:579:9: note: set the initial value via the initializer or explicitly define a CodingKeys enum including a 'id' case to silence this warning
    let id = UUID()
        ^
/Users/keonta/Documents/MyChannel/MyChannel/Core/Services/PredictiveAnalyticsEngine.swift:579:9: note: make the property mutable instead
    let id = UUID()
    ~~~ ^
    var
/Users/keonta/Documents/MyChannel/MyChannel/Core/Services/PredictiveAnalyticsEngine.swift:596:9: warning: immutable property will not be decoded because it is declared with an initial value which cannot be overwritten
    let id = UUID()
        ^
/Users/keonta/Documents/MyChannel/MyChannel/Core/Services/PredictiveAnalyticsEngine.swift:596:9: note: set the initial value via the initializer or explicitly define a CodingKeys enum including a 'id' case to silence this warning
    let id = UUID()
        ^
/Users/keonta/Documents/MyChannel/MyChannel/Core/Services/PredictiveAnalyticsEngine.swift:596:9: note: make the property mutable instead
    let id = UUID()
    ~~~ ^
    var
/Users/keonta/Documents/MyChannel/MyChannel/Core/Services/PredictiveAnalyticsEngine.swift:609:9: warning: immutable property will not be decoded because it is declared with an initial value which cannot be overwritten
    let id = UUID()
        ^
/Users/keonta/Documents/MyChannel/MyChannel/Core/Services/PredictiveAnalyticsEngine.swift:609:9: note: set the initial value via the initializer or explicitly define a CodingKeys enum including a 'id' case to silence this warning
    let id = UUID()
        ^
/Users/keonta/Documents/MyChannel/MyChannel/Core/Services/PredictiveAnalyticsEngine.swift:609:9: note: make the property mutable instead
    let id = UUID()
    ~~~ ^
    var
/Users/keonta/Documents/MyChannel/MyChannel/Core/Services/PredictiveAnalyticsEngine.swift:638:9: warning: immutable property will not be decoded because it is declared with an initial value which cannot be overwritten
    let id = UUID()
        ^
/Users/keonta/Documents/MyChannel/MyChannel/Core/Services/PredictiveAnalyticsEngine.swift:638:9: note: set the initial value via the initializer or explicitly define a CodingKeys enum including a 'id' case to silence this warning
    let id = UUID()
        ^
/Users/keonta/Documents/MyChannel/MyChannel/Core/Services/PredictiveAnalyticsEngine.swift:638:9: note: make the property mutable instead
    let id = UUID()
    ~~~ ^
    var
/Users/keonta/Documents/MyChannel/MyChannel/Core/Services/PredictiveAnalyticsEngine.swift:579:9: warning: immutable property will not be decoded because it is declared with an initial value which cannot be overwritten
    let id = UUID()
        ^
/Users/keonta/Documents/MyChannel/MyChannel/Core/Services/PredictiveAnalyticsEngine.swift:579:9: note: set the initial value via the initializer or explicitly define a CodingKeys enum including a 'id' case to silence this warning
    let id = UUID()
        ^
/Users/keonta/Documents/MyChannel/MyChannel/Core/Services/PredictiveAnalyticsEngine.swift:579:9: note: make the property mutable instead
    let id = UUID()
    ~~~ ^
    var
/Users/keonta/Documents/MyChannel/MyChannel/Core/Services/PredictiveAnalyticsEngine.swift:596:9: warning: immutable property will not be decoded because it is declared with an initial value which cannot be overwritten
    let id = UUID()
        ^
/Users/keonta/Documents/MyChannel/MyChannel/Core/Services/PredictiveAnalyticsEngine.swift:596:9: note: set the initial value via the initializer or explicitly define a CodingKeys enum including a 'id' case to silence this warning
    let id = UUID()
        ^
/Users/keonta/Documents/MyChannel/MyChannel/Core/Services/PredictiveAnalyticsEngine.swift:596:9: note: make the property mutable instead
    let id = UUID()
    ~~~ ^
    var
/Users/keonta/Documents/MyChannel/MyChannel/Core/Services/PredictiveAnalyticsEngine.swift:609:9: warning: immutable property will not be decoded because it is declared with an initial value which cannot be overwritten
    let id = UUID()
        ^
/Users/keonta/Documents/MyChannel/MyChannel/Core/Services/PredictiveAnalyticsEngine.swift:609:9: note: set the initial value via the initializer or explicitly define a CodingKeys enum including a 'id' case to silence this warning
    let id = UUID()
        ^
/Users/keonta/Documents/MyChannel/MyChannel/Core/Services/PredictiveAnalyticsEngine.swift:609:9: note: make the property mutable instead
    let id = UUID()
    ~~~ ^
    var
/Users/keonta/Documents/MyChannel/MyChannel/Core/Services/PredictiveAnalyticsEngine.swift:638:9: warning: immutable property will not be decoded because it is declared with an initial value which cannot be overwritten
    let id = UUID()
        ^
/Users/keonta/Documents/MyChannel/MyChannel/Core/Services/PredictiveAnalyticsEngine.swift:638:9: note: set the initial value via the initializer or explicitly define a CodingKeys enum including a 'id' case to silence this warning
    let id = UUID()
        ^
/Users/keonta/Documents/MyChannel/MyChannel/Core/Services/PredictiveAnalyticsEngine.swift:638:9: note: make the property mutable instead
    let id = UUID()
    ~~~ ^
    var
/Users/keonta/Documents/MyChannel/MyChannel/Core/Services/PredictiveAnalyticsEngine.swift:579:9: warning: immutable property will not be decoded because it is declared with an initial value which cannot be overwritten
    let id = UUID()
        ^
/Users/keonta/Documents/MyChannel/MyChannel/Core/Services/PredictiveAnalyticsEngine.swift:579:9: note: set the initial value via the initializer or explicitly define a CodingKeys enum including a 'id' case to silence this warning
    let id = UUID()
        ^
/Users/keonta/Documents/MyChannel/MyChannel/Core/Services/PredictiveAnalyticsEngine.swift:579:9: note: make the property mutable instead
    let id = UUID()
    ~~~ ^
    var
/Users/keonta/Documents/MyChannel/MyChannel/Core/Services/PredictiveAnalyticsEngine.swift:596:9: warning: immutable property will not be decoded because it is declared with an initial value which cannot be overwritten
    let id = UUID()
        ^
/Users/keonta/Documents/MyChannel/MyChannel/Core/Services/PredictiveAnalyticsEngine.swift:596:9: note: set the initial value via the initializer or explicitly define a CodingKeys enum including a 'id' case to silence this warning
    let id = UUID()
        ^
/Users/keonta/Documents/MyChannel/MyChannel/Core/Services/PredictiveAnalyticsEngine.swift:596:9: note: make the property mutable instead
    let id = UUID()
    ~~~ ^
    var
/Users/keonta/Documents/MyChannel/MyChannel/Core/Services/PredictiveAnalyticsEngine.swift:609:9: warning: immutable property will not be decoded because it is declared with an initial value which cannot be overwritten
    let id = UUID()
        ^
/Users/keonta/Documents/MyChannel/MyChannel/Core/Services/PredictiveAnalyticsEngine.swift:609:9: note: set the initial value via the initializer or explicitly define a CodingKeys enum including a 'id' case to silence this warning
    let id = UUID()
        ^
/Users/keonta/Documents/MyChannel/MyChannel/Core/Services/PredictiveAnalyticsEngine.swift:609:9: note: make the property mutable instead
    let id = UUID()
    ~~~ ^
    var
/Users/keonta/Documents/MyChannel/MyChannel/Core/Services/PredictiveAnalyticsEngine.swift:638:9: warning: immutable property will not be decoded because it is declared with an initial value which cannot be overwritten
    let id = UUID()
        ^
/Users/keonta/Documents/MyChannel/MyChannel/Core/Services/PredictiveAnalyticsEngine.swift:638:9: note: set the initial value via the initializer or explicitly define a CodingKeys enum including a 'id' case to silence this warning
    let id = UUID()
        ^
/Users/keonta/Documents/MyChannel/MyChannel/Core/Services/PredictiveAnalyticsEngine.swift:638:9: note: make the property mutable instead
    let id = UUID()
    ~~~ ^
    var
/Users/keonta/Documents/MyChannel/MyChannel/Core/Services/PredictiveAnalyticsEngine.swift:579:9: warning: immutable property will not be decoded because it is declared with an initial value which cannot be overwritten
    let id = UUID()
        ^
/Users/keonta/Documents/MyChannel/MyChannel/Core/Services/PredictiveAnalyticsEngine.swift:579:9: note: set the initial value via the initializer or explicitly define a CodingKeys enum including a 'id' case to silence this warning
    let id = UUID()
        ^
/Users/keonta/Documents/MyChannel/MyChannel/Core/Services/PredictiveAnalyticsEngine.swift:579:9: note: make the property mutable instead
    let id = UUID()
    ~~~ ^
    var
/Users/keonta/Documents/MyChannel/MyChannel/Core/Services/PredictiveAnalyticsEngine.swift:596:9: warning: immutable property will not be decoded because it is declared with an initial value which cannot be overwritten
    let id = UUID()
        ^
/Users/keonta/Documents/MyChannel/MyChannel/Core/Services/PredictiveAnalyticsEngine.swift:596:9: note: set the initial value via the initializer or explicitly define a CodingKeys enum including a 'id' case to silence this warning
    let id = UUID()
        ^
/Users/keonta/Documents/MyChannel/MyChannel/Core/Services/PredictiveAnalyticsEngine.swift:596:9: note: make the property mutable instead
    let id = UUID()
    ~~~ ^
    var
/Users/keonta/Documents/MyChannel/MyChannel/Core/Services/PredictiveAnalyticsEngine.swift:609:9: warning: immutable property will not be decoded because it is declared with an initial value which cannot be overwritten
    let id = UUID()
        ^
/Users/keonta/Documents/MyChannel/MyChannel/Core/Services/PredictiveAnalyticsEngine.swift:609:9: note: set the initial value via the initializer or explicitly define a CodingKeys enum including a 'id' case to silence this warning
    let id = UUID()
        ^
/Users/keonta/Documents/MyChannel/MyChannel/Core/Services/PredictiveAnalyticsEngine.swift:609:9: note: make the property mutable instead
    let id = UUID()
    ~~~ ^
    var
/Users/keonta/Documents/MyChannel/MyChannel/Core/Services/PredictiveAnalyticsEngine.swift:638:9: warning: immutable property will not be decoded because it is declared with an initial value which cannot be overwritten
    let id = UUID()
        ^
/Users/keonta/Documents/MyChannel/MyChannel/Core/Services/PredictiveAnalyticsEngine.swift:638:9: note: set the initial value via the initializer or explicitly define a CodingKeys enum including a 'id' case to silence this warning
    let id = UUID()
        ^
/Users/keonta/Documents/MyChannel/MyChannel/Core/Services/PredictiveAnalyticsEngine.swift:638:9: note: make the property mutable instead
    let id = UUID()
    ~~~ ^
    var
/Users/keonta/Documents/MyChannel/MyChannel/Core/Services/PredictiveAnalyticsEngine.swift:579:9: warning: immutable property will not be decoded because it is declared with an initial value which cannot be overwritten
    let id = UUID()
        ^
/Users/keonta/Documents/MyChannel/MyChannel/Core/Services/PredictiveAnalyticsEngine.swift:579:9: note: set the initial value via the initializer or explicitly define a CodingKeys enum including a 'id' case to silence this warning
    let id = UUID()
        ^
/Users/keonta/Documents/MyChannel/MyChannel/Core/Services/PredictiveAnalyticsEngine.swift:579:9: note: make the property mutable instead
    let id = UUID()
    ~~~ ^
    var
/Users/keonta/Documents/MyChannel/MyChannel/Core/Services/PredictiveAnalyticsEngine.swift:596:9: warning: immutable property will not be decoded because it is declared with an initial value which cannot be overwritten
    let id = UUID()
        ^
/Users/keonta/Documents/MyChannel/MyChannel/Core/Services/PredictiveAnalyticsEngine.swift:596:9: note: set the initial value via the initializer or explicitly define a CodingKeys enum including a 'id' case to silence this warning
    let id = UUID()
        ^
/Users/keonta/Documents/MyChannel/MyChannel/Core/Services/PredictiveAnalyticsEngine.swift:596:9: note: make the property mutable instead
    let id = UUID()
    ~~~ ^
    var
/Users/keonta/Documents/MyChannel/MyChannel/Core/Services/PredictiveAnalyticsEngine.swift:609:9: warning: immutable property will not be decoded because it is declared with an initial value which cannot be overwritten
    let id = UUID()
        ^
/Users/keonta/Documents/MyChannel/MyChannel/Core/Services/PredictiveAnalyticsEngine.swift:609:9: note: set the initial value via the initializer or explicitly define a CodingKeys enum including a 'id' case to silence this warning
    let id = UUID()
        ^
/Users/keonta/Documents/MyChannel/MyChannel/Core/Services/PredictiveAnalyticsEngine.swift:609:9: note: make the property mutable instead
    let id = UUID()
    ~~~ ^
    var
/Users/keonta/Documents/MyChannel/MyChannel/Core/Services/PredictiveAnalyticsEngine.swift:638:9: warning: immutable property will not be decoded because it is declared with an initial value which cannot be overwritten
    let id = UUID()
        ^
/Users/keonta/Documents/MyChannel/MyChannel/Core/Services/PredictiveAnalyticsEngine.swift:638:9: note: set the initial value via the initializer or explicitly define a CodingKeys enum including a 'id' case to silence this warning
    let id = UUID()
        ^
/Users/keonta/Documents/MyChannel/MyChannel/Core/Services/PredictiveAnalyticsEngine.swift:638:9: note: make the property mutable instead
    let id = UUID()
    ~~~ ^
    var
/Users/keonta/Documents/MyChannel/MyChannel/Core/Services/PredictiveAnalyticsEngine.swift:579:9: warning: immutable property will not be decoded because it is declared with an initial value which cannot be overwritten
    let id = UUID()
        ^
/Users/keonta/Documents/MyChannel/MyChannel/Core/Services/PredictiveAnalyticsEngine.swift:579:9: note: set the initial value via the initializer or explicitly define a CodingKeys enum including a 'id' case to silence this warning
    let id = UUID()
        ^
/Users/keonta/Documents/MyChannel/MyChannel/Core/Services/PredictiveAnalyticsEngine.swift:579:9: note: make the property mutable instead
    let id = UUID()
    ~~~ ^
    var
/Users/keonta/Documents/MyChannel/MyChannel/Core/Services/PredictiveAnalyticsEngine.swift:596:9: warning: immutable property will not be decoded because it is declared with an initial value which cannot be overwritten
    let id = UUID()
        ^
/Users/keonta/Documents/MyChannel/MyChannel/Core/Services/PredictiveAnalyticsEngine.swift:596:9: note: set the initial value via the initializer or explicitly define a CodingKeys enum including a 'id' case to silence this warning
    let id = UUID()
        ^
/Users/keonta/Documents/MyChannel/MyChannel/Core/Services/PredictiveAnalyticsEngine.swift:596:9: note: make the property mutable instead
    let id = UUID()
    ~~~ ^
    var
/Users/keonta/Documents/MyChannel/MyChannel/Core/Services/PredictiveAnalyticsEngine.swift:609:9: warning: immutable property will not be decoded because it is declared with an initial value which cannot be overwritten
    let id = UUID()
        ^
/Users/keonta/Documents/MyChannel/MyChannel/Core/Services/PredictiveAnalyticsEngine.swift:609:9: note: set the initial value via the initializer or explicitly define a CodingKeys enum including a 'id' case to silence this warning
    let id = UUID()
        ^
/Users/keonta/Documents/MyChannel/MyChannel/Core/Services/PredictiveAnalyticsEngine.swift:609:9: note: make the property mutable instead
    let id = UUID()
    ~~~ ^
    var
/Users/keonta/Documents/MyChannel/MyChannel/Core/Services/PredictiveAnalyticsEngine.swift:638:9: warning: immutable property will not be decoded because it is declared with an initial value which cannot be overwritten
    let id = UUID()
        ^
/Users/keonta/Documents/MyChannel/MyChannel/Core/Services/PredictiveAnalyticsEngine.swift:638:9: note: set the initial value via the initializer or explicitly define a CodingKeys enum including a 'id' case to silence this warning
    let id = UUID()
        ^
/Users/keonta/Documents/MyChannel/MyChannel/Core/Services/PredictiveAnalyticsEngine.swift:638:9: note: make the property mutable instead
    let id = UUID()
    ~~~ ^
    var
/Users/keonta/Documents/MyChannel/MyChannel/Core/Services/PredictiveAnalyticsEngine.swift:579:9: warning: immutable property will not be decoded because it is declared with an initial value which cannot be overwritten
    let id = UUID()
        ^
/Users/keonta/Documents/MyChannel/MyChannel/Core/Services/PredictiveAnalyticsEngine.swift:579:9: note: set the initial value via the initializer or explicitly define a CodingKeys enum including a 'id' case to silence this warning
    let id = UUID()
        ^
/Users/keonta/Documents/MyChannel/MyChannel/Core/Services/PredictiveAnalyticsEngine.swift:579:9: note: make the property mutable instead
    let id = UUID()
    ~~~ ^
    var
/Users/keonta/Documents/MyChannel/MyChannel/Core/Services/PredictiveAnalyticsEngine.swift:596:9: warning: immutable property will not be decoded because it is declared with an initial value which cannot be overwritten
    let id = UUID()
        ^
/Users/keonta/Documents/MyChannel/MyChannel/Core/Services/PredictiveAnalyticsEngine.swift:596:9: note: set the initial value via the initializer or explicitly define a CodingKeys enum including a 'id' case to silence this warning
    let id = UUID()
        ^
/Users/keonta/Documents/MyChannel/MyChannel/Core/Services/PredictiveAnalyticsEngine.swift:596:9: note: make the property mutable instead
    let id = UUID()
    ~~~ ^
    var
/Users/keonta/Documents/MyChannel/MyChannel/Core/Services/PredictiveAnalyticsEngine.swift:609:9: warning: immutable property will not be decoded because it is declared with an initial value which cannot be overwritten
    let id = UUID()
        ^
/Users/keonta/Documents/MyChannel/MyChannel/Core/Services/PredictiveAnalyticsEngine.swift:609:9: note: set the initial value via the initializer or explicitly define a CodingKeys enum including a 'id' case to silence this warning
    let id = UUID()
        ^
/Users/keonta/Documents/MyChannel/MyChannel/Core/Services/PredictiveAnalyticsEngine.swift:609:9: note: make the property mutable instead
    let id = UUID()
    ~~~ ^
    var
/Users/keonta/Documents/MyChannel/MyChannel/Core/Services/PredictiveAnalyticsEngine.swift:638:9: warning: immutable property will not be decoded because it is declared with an initial value which cannot be overwritten
    let id = UUID()
        ^
/Users/keonta/Documents/MyChannel/MyChannel/Core/Services/PredictiveAnalyticsEngine.swift:638:9: note: set the initial value via the initializer or explicitly define a CodingKeys enum including a 'id' case to silence this warning
    let id = UUID()
        ^
/Users/keonta/Documents/MyChannel/MyChannel/Core/Services/PredictiveAnalyticsEngine.swift:638:9: note: make the property mutable instead
    let id = UUID()
    ~~~ ^
    var
/Users/keonta/Documents/MyChannel/MyChannel/Core/Services/PredictiveAnalyticsEngine.swift:579:9: warning: immutable property will not be decoded because it is declared with an initial value which cannot be overwritten
    let id = UUID()
        ^
/Users/keonta/Documents/MyChannel/MyChannel/Core/Services/PredictiveAnalyticsEngine.swift:579:9: note: set the initial value via the initializer or explicitly define a CodingKeys enum including a 'id' case to silence this warning
    let id = UUID()
        ^
/Users/keonta/Documents/MyChannel/MyChannel/Core/Services/PredictiveAnalyticsEngine.swift:579:9: note: make the property mutable instead
    let id = UUID()
    ~~~ ^
    var
/Users/keonta/Documents/MyChannel/MyChannel/Core/Services/PredictiveAnalyticsEngine.swift:596:9: warning: immutable property will not be decoded because it is declared with an initial value which cannot be overwritten
    let id = UUID()
        ^
/Users/keonta/Documents/MyChannel/MyChannel/Core/Services/PredictiveAnalyticsEngine.swift:596:9: note: set the initial value via the initializer or explicitly define a CodingKeys enum including a 'id' case to silence this warning
    let id = UUID()
        ^
/Users/keonta/Documents/MyChannel/MyChannel/Core/Services/PredictiveAnalyticsEngine.swift:596:9: note: make the property mutable instead
    let id = UUID()
    ~~~ ^
    var
/Users/keonta/Documents/MyChannel/MyChannel/Core/Services/PredictiveAnalyticsEngine.swift:609:9: warning: immutable property will not be decoded because it is declared with an initial value which cannot be overwritten
    let id = UUID()
        ^
/Users/keonta/Documents/MyChannel/MyChannel/Core/Services/PredictiveAnalyticsEngine.swift:609:9: note: set the initial value via the initializer or explicitly define a CodingKeys enum including a 'id' case to silence this warning
    let id = UUID()
        ^
/Users/keonta/Documents/MyChannel/MyChannel/Core/Services/PredictiveAnalyticsEngine.swift:609:9: note: make the property mutable instead
    let id = UUID()
    ~~~ ^
    var
/Users/keonta/Documents/MyChannel/MyChannel/Core/Services/PredictiveAnalyticsEngine.swift:638:9: warning: immutable property will not be decoded because it is declared with an initial value which cannot be overwritten
    let id = UUID()
        ^
/Users/keonta/Documents/MyChannel/MyChannel/Core/Services/PredictiveAnalyticsEngine.swift:638:9: note: set the initial value via the initializer or explicitly define a CodingKeys enum including a 'id' case to silence this warning
    let id = UUID()
        ^
/Users/keonta/Documents/MyChannel/MyChannel/Core/Services/PredictiveAnalyticsEngine.swift:638:9: note: make the property mutable instead
    let id = UUID()
    ~~~ ^
    var
/Users/keonta/Documents/MyChannel/MyChannel/Core/Services/PredictiveAnalyticsEngine.swift:579:9: warning: immutable property will not be decoded because it is declared with an initial value which cannot be overwritten
    let id = UUID()
        ^
/Users/keonta/Documents/MyChannel/MyChannel/Core/Services/PredictiveAnalyticsEngine.swift:579:9: note: set the initial value via the initializer or explicitly define a CodingKeys enum including a 'id' case to silence this warning
    let id = UUID()
        ^
/Users/keonta/Documents/MyChannel/MyChannel/Core/Services/PredictiveAnalyticsEngine.swift:579:9: note: make the property mutable instead
    let id = UUID()
    ~~~ ^
    var
/Users/keonta/Documents/MyChannel/MyChannel/Core/Services/PredictiveAnalyticsEngine.swift:596:9: warning: immutable property will not be decoded because it is declared with an initial value which cannot be overwritten
    let id = UUID()
        ^
/Users/keonta/Documents/MyChannel/MyChannel/Core/Services/PredictiveAnalyticsEngine.swift:596:9: note: set the initial value via the initializer or explicitly define a CodingKeys enum including a 'id' case to silence this warning
    let id = UUID()
        ^
/Users/keonta/Documents/MyChannel/MyChannel/Core/Services/PredictiveAnalyticsEngine.swift:596:9: note: make the property mutable instead
    let id = UUID()
    ~~~ ^
    var
/Users/keonta/Documents/MyChannel/MyChannel/Core/Services/PredictiveAnalyticsEngine.swift:609:9: warning: immutable property will not be decoded because it is declared with an initial value which cannot be overwritten
    let id = UUID()
        ^
/Users/keonta/Documents/MyChannel/MyChannel/Core/Services/PredictiveAnalyticsEngine.swift:609:9: note: set the initial value via the initializer or explicitly define a CodingKeys enum including a 'id' case to silence this warning
    let id = UUID()
        ^
/Users/keonta/Documents/MyChannel/MyChannel/Core/Services/PredictiveAnalyticsEngine.swift:609:9: note: make the property mutable instead
    let id = UUID()
    ~~~ ^
    var
/Users/keonta/Documents/MyChannel/MyChannel/Core/Services/PredictiveAnalyticsEngine.swift:638:9: warning: immutable property will not be decoded because it is declared with an initial value which cannot be overwritten
    let id = UUID()
        ^
/Users/keonta/Documents/MyChannel/MyChannel/Core/Services/PredictiveAnalyticsEngine.swift:638:9: note: set the initial value via the initializer or explicitly define a CodingKeys enum including a 'id' case to silence this warning
    let id = UUID()
        ^
/Users/keonta/Documents/MyChannel/MyChannel/Core/Services/PredictiveAnalyticsEngine.swift:638:9: note: make the property mutable instead
    let id = UUID()
    ~~~ ^
    var
/Users/keonta/Documents/MyChannel/MyChannel/Core/Services/PredictiveAnalyticsEngine.swift:579:9: warning: immutable property will not be decoded because it is declared with an initial value which cannot be overwritten
    let id = UUID()
        ^
/Users/keonta/Documents/MyChannel/MyChannel/Core/Services/PredictiveAnalyticsEngine.swift:579:9: note: set the initial value via the initializer or explicitly define a CodingKeys enum including a 'id' case to silence this warning
    let id = UUID()
        ^
/Users/keonta/Documents/MyChannel/MyChannel/Core/Services/PredictiveAnalyticsEngine.swift:579:9: note: make the property mutable instead
    let id = UUID()
    ~~~ ^
    var
/Users/keonta/Documents/MyChannel/MyChannel/Core/Services/PredictiveAnalyticsEngine.swift:596:9: warning: immutable property will not be decoded because it is declared with an initial value which cannot be overwritten
    let id = UUID()
        ^
/Users/keonta/Documents/MyChannel/MyChannel/Core/Services/PredictiveAnalyticsEngine.swift:596:9: note: set the initial value via the initializer or explicitly define a CodingKeys enum including a 'id' case to silence this warning
    let id = UUID()
        ^
/Users/keonta/Documents/MyChannel/MyChannel/Core/Services/PredictiveAnalyticsEngine.swift:596:9: note: make the property mutable instead
    let id = UUID()
    ~~~ ^
    var
/Users/keonta/Documents/MyChannel/MyChannel/Core/Services/PredictiveAnalyticsEngine.swift:609:9: warning: immutable property will not be decoded because it is declared with an initial value which cannot be overwritten
    let id = UUID()
        ^
/Users/keonta/Documents/MyChannel/MyChannel/Core/Services/PredictiveAnalyticsEngine.swift:609:9: note: set the initial value via the initializer or explicitly define a CodingKeys enum including a 'id' case to silence this warning
    let id = UUID()
        ^
/Users/keonta/Documents/MyChannel/MyChannel/Core/Services/PredictiveAnalyticsEngine.swift:609:9: note: make the property mutable instead
    let id = UUID()
    ~~~ ^
    var
/Users/keonta/Documents/MyChannel/MyChannel/Core/Services/PredictiveAnalyticsEngine.swift:638:9: warning: immutable property will not be decoded because it is declared with an initial value which cannot be overwritten
    let id = UUID()
        ^
/Users/keonta/Documents/MyChannel/MyChannel/Core/Services/PredictiveAnalyticsEngine.swift:638:9: note: set the initial value via the initializer or explicitly define a CodingKeys enum including a 'id' case to silence this warning
    let id = UUID()
        ^
/Users/keonta/Documents/MyChannel/MyChannel/Core/Services/PredictiveAnalyticsEngine.swift:638:9: note: make the property mutable instead
    let id = UUID()
    ~~~ ^
    var
/Users/keonta/Documents/MyChannel/MyChannel/Core/Services/PredictiveAnalyticsEngine.swift:579:9: warning: immutable property will not be decoded because it is declared with an initial value which cannot be overwritten
    let id = UUID()
        ^
/Users/keonta/Documents/MyChannel/MyChannel/Core/Services/PredictiveAnalyticsEngine.swift:579:9: note: set the initial value via the initializer or explicitly define a CodingKeys enum including a 'id' case to silence this warning
    let id = UUID()
        ^
/Users/keonta/Documents/MyChannel/MyChannel/Core/Services/PredictiveAnalyticsEngine.swift:579:9: note: make the property mutable instead
    let id = UUID()
    ~~~ ^
    var
/Users/keonta/Documents/MyChannel/MyChannel/Core/Services/PredictiveAnalyticsEngine.swift:596:9: warning: immutable property will not be decoded because it is declared with an initial value which cannot be overwritten
    let id = UUID()
        ^
/Users/keonta/Documents/MyChannel/MyChannel/Core/Services/PredictiveAnalyticsEngine.swift:596:9: note: set the initial value via the initializer or explicitly define a CodingKeys enum including a 'id' case to silence this warning
    let id = UUID()
        ^
/Users/keonta/Documents/MyChannel/MyChannel/Core/Services/PredictiveAnalyticsEngine.swift:596:9: note: make the property mutable instead
    let id = UUID()
    ~~~ ^
    var
/Users/keonta/Documents/MyChannel/MyChannel/Core/Services/PredictiveAnalyticsEngine.swift:609:9: warning: immutable property will not be decoded because it is declared with an initial value which cannot be overwritten
    let id = UUID()
        ^
/Users/keonta/Documents/MyChannel/MyChannel/Core/Services/PredictiveAnalyticsEngine.swift:609:9: note: set the initial value via the initializer or explicitly define a CodingKeys enum including a 'id' case to silence this warning
    let id = UUID()
        ^
/Users/keonta/Documents/MyChannel/MyChannel/Core/Services/PredictiveAnalyticsEngine.swift:609:9: note: make the property mutable instead
    let id = UUID()
    ~~~ ^
    var
/Users/keonta/Documents/MyChannel/MyChannel/Core/Services/PredictiveAnalyticsEngine.swift:638:9: warning: immutable property will not be decoded because it is declared with an initial value which cannot be overwritten
    let id = UUID()
        ^
/Users/keonta/Documents/MyChannel/MyChannel/Core/Services/PredictiveAnalyticsEngine.swift:638:9: note: set the initial value via the initializer or explicitly define a CodingKeys enum including a 'id' case to silence this warning
    let id = UUID()
        ^
/Users/keonta/Documents/MyChannel/MyChannel/Core/Services/PredictiveAnalyticsEngine.swift:638:9: note: make the property mutable instead
    let id = UUID()
    ~~~ ^
    var
/Users/keonta/Documents/MyChannel/MyChannel/Core/Services/PredictiveAnalyticsEngine.swift:579:9: warning: immutable property will not be decoded because it is declared with an initial value which cannot be overwritten
    let id = UUID()
        ^
/Users/keonta/Documents/MyChannel/MyChannel/Core/Services/PredictiveAnalyticsEngine.swift:579:9: note: set the initial value via the initializer or explicitly define a CodingKeys enum including a 'id' case to silence this warning
    let id = UUID()
        ^
/Users/keonta/Documents/MyChannel/MyChannel/Core/Services/PredictiveAnalyticsEngine.swift:579:9: note: make the property mutable instead
    let id = UUID()
    ~~~ ^
    var
/Users/keonta/Documents/MyChannel/MyChannel/Core/Services/PredictiveAnalyticsEngine.swift:596:9: warning: immutable property will not be decoded because it is declared with an initial value which cannot be overwritten
    let id = UUID()
        ^
/Users/keonta/Documents/MyChannel/MyChannel/Core/Services/PredictiveAnalyticsEngine.swift:596:9: note: set the initial value via the initializer or explicitly define a CodingKeys enum including a 'id' case to silence this warning
    let id = UUID()
        ^
/Users/keonta/Documents/MyChannel/MyChannel/Core/Services/PredictiveAnalyticsEngine.swift:596:9: note: make the property mutable instead
    let id = UUID()
    ~~~ ^
    var
/Users/keonta/Documents/MyChannel/MyChannel/Core/Services/PredictiveAnalyticsEngine.swift:609:9: warning: immutable property will not be decoded because it is declared with an initial value which cannot be overwritten
    let id = UUID()
        ^
/Users/keonta/Documents/MyChannel/MyChannel/Core/Services/PredictiveAnalyticsEngine.swift:609:9: note: set the initial value via the initializer or explicitly define a CodingKeys enum including a 'id' case to silence this warning
    let id = UUID()
        ^
/Users/keonta/Documents/MyChannel/MyChannel/Core/Services/PredictiveAnalyticsEngine.swift:609:9: note: make the property mutable instead
    let id = UUID()
    ~~~ ^
    var
/Users/keonta/Documents/MyChannel/MyChannel/Core/Services/PredictiveAnalyticsEngine.swift:638:9: warning: immutable property will not be decoded because it is declared with an initial value which cannot be overwritten
    let id = UUID()
        ^
/Users/keonta/Documents/MyChannel/MyChannel/Core/Services/PredictiveAnalyticsEngine.swift:638:9: note: set the initial value via the initializer or explicitly define a CodingKeys enum including a 'id' case to silence this warning
    let id = UUID()
        ^
/Users/keonta/Documents/MyChannel/MyChannel/Core/Services/PredictiveAnalyticsEngine.swift:638:9: note: make the property mutable instead
    let id = UUID()
    ~~~ ^
    var
/Users/keonta/Documents/MyChannel/MyChannel/Core/Services/PredictiveAnalyticsEngine.swift:579:9: warning: immutable property will not be decoded because it is declared with an initial value which cannot be overwritten
    let id = UUID()
        ^
/Users/keonta/Documents/MyChannel/MyChannel/Core/Services/PredictiveAnalyticsEngine.swift:579:9: note: set the initial value via the initializer or explicitly define a CodingKeys enum including a 'id' case to silence this warning
    let id = UUID()
        ^
/Users/keonta/Documents/MyChannel/MyChannel/Core/Services/PredictiveAnalyticsEngine.swift:579:9: note: make the property mutable instead
    let id = UUID()
    ~~~ ^
    var
/Users/keonta/Documents/MyChannel/MyChannel/Core/Services/PredictiveAnalyticsEngine.swift:596:9: warning: immutable property will not be decoded because it is declared with an initial value which cannot be overwritten
    let id = UUID()
        ^
/Users/keonta/Documents/MyChannel/MyChannel/Core/Services/PredictiveAnalyticsEngine.swift:596:9: note: set the initial value via the initializer or explicitly define a CodingKeys enum including a 'id' case to silence this warning
    let id = UUID()
        ^
/Users/keonta/Documents/MyChannel/MyChannel/Core/Services/PredictiveAnalyticsEngine.swift:596:9: note: make the property mutable instead
    let id = UUID()
    ~~~ ^
    var
/Users/keonta/Documents/MyChannel/MyChannel/Core/Services/PredictiveAnalyticsEngine.swift:609:9: warning: immutable property will not be decoded because it is declared with an initial value which cannot be overwritten
    let id = UUID()
        ^
/Users/keonta/Documents/MyChannel/MyChannel/Core/Services/PredictiveAnalyticsEngine.swift:609:9: note: set the initial value via the initializer or explicitly define a CodingKeys enum including a 'id' case to silence this warning
    let id = UUID()
        ^
/Users/keonta/Documents/MyChannel/MyChannel/Core/Services/PredictiveAnalyticsEngine.swift:609:9: note: make the property mutable instead
    let id = UUID()
    ~~~ ^
    var
/Users/keonta/Documents/MyChannel/MyChannel/Core/Services/PredictiveAnalyticsEngine.swift:638:9: warning: immutable property will not be decoded because it is declared with an initial value which cannot be overwritten
    let id = UUID()
        ^
/Users/keonta/Documents/MyChannel/MyChannel/Core/Services/PredictiveAnalyticsEngine.swift:638:9: note: set the initial value via the initializer or explicitly define a CodingKeys enum including a 'id' case to silence this warning
    let id = UUID()
        ^
/Users/keonta/Documents/MyChannel/MyChannel/Core/Services/PredictiveAnalyticsEngine.swift:638:9: note: make the property mutable instead
    let id = UUID()
    ~~~ ^
    var
/Users/keonta/Documents/MyChannel/MyChannel/Core/Services/PredictiveAnalyticsEngine.swift:579:9: warning: immutable property will not be decoded because it is declared with an initial value which cannot be overwritten
    let id = UUID()
        ^
/Users/keonta/Documents/MyChannel/MyChannel/Core/Services/PredictiveAnalyticsEngine.swift:579:9: note: set the initial value via the initializer or explicitly define a CodingKeys enum including a 'id' case to silence this warning
    let id = UUID()
        ^
/Users/keonta/Documents/MyChannel/MyChannel/Core/Services/PredictiveAnalyticsEngine.swift:579:9: note: make the property mutable instead
    let id = UUID()
    ~~~ ^
    var
/Users/keonta/Documents/MyChannel/MyChannel/Core/Services/PredictiveAnalyticsEngine.swift:596:9: warning: immutable property will not be decoded because it is declared with an initial value which cannot be overwritten
    let id = UUID()
        ^
/Users/keonta/Documents/MyChannel/MyChannel/Core/Services/PredictiveAnalyticsEngine.swift:596:9: note: set the initial value via the initializer or explicitly define a CodingKeys enum including a 'id' case to silence this warning
    let id = UUID()
        ^
/Users/keonta/Documents/MyChannel/MyChannel/Core/Services/PredictiveAnalyticsEngine.swift:596:9: note: make the property mutable instead
    let id = UUID()
    ~~~ ^
    var
/Users/keonta/Documents/MyChannel/MyChannel/Core/Services/PredictiveAnalyticsEngine.swift:609:9: warning: immutable property will not be decoded because it is declared with an initial value which cannot be overwritten
    let id = UUID()
        ^
/Users/keonta/Documents/MyChannel/MyChannel/Core/Services/PredictiveAnalyticsEngine.swift:609:9: note: set the initial value via the initializer or explicitly define a CodingKeys enum including a 'id' case to silence this warning
    let id = UUID()
        ^
/Users/keonta/Documents/MyChannel/MyChannel/Core/Services/PredictiveAnalyticsEngine.swift:609:9: note: make the property mutable instead
    let id = UUID()
    ~~~ ^
    var
/Users/keonta/Documents/MyChannel/MyChannel/Core/Services/PredictiveAnalyticsEngine.swift:638:9: warning: immutable property will not be decoded because it is declared with an initial value which cannot be overwritten
    let id = UUID()
        ^
/Users/keonta/Documents/MyChannel/MyChannel/Core/Services/PredictiveAnalyticsEngine.swift:638:9: note: set the initial value via the initializer or explicitly define a CodingKeys enum including a 'id' case to silence this warning
    let id = UUID()
        ^
/Users/keonta/Documents/MyChannel/MyChannel/Core/Services/PredictiveAnalyticsEngine.swift:638:9: note: make the property mutable instead
    let id = UUID()
    ~~~ ^
    var
/Users/keonta/Documents/MyChannel/MyChannel/Core/Services/PredictiveAnalyticsEngine.swift:579:9: warning: immutable property will not be decoded because it is declared with an initial value which cannot be overwritten
    let id = UUID()
        ^
/Users/keonta/Documents/MyChannel/MyChannel/Core/Services/PredictiveAnalyticsEngine.swift:579:9: note: set the initial value via the initializer or explicitly define a CodingKeys enum including a 'id' case to silence this warning
    let id = UUID()
        ^
/Users/keonta/Documents/MyChannel/MyChannel/Core/Services/PredictiveAnalyticsEngine.swift:579:9: note: make the property mutable instead
    let id = UUID()
    ~~~ ^
    var
/Users/keonta/Documents/MyChannel/MyChannel/Core/Services/PredictiveAnalyticsEngine.swift:596:9: warning: immutable property will not be decoded because it is declared with an initial value which cannot be overwritten
    let id = UUID()
        ^
/Users/keonta/Documents/MyChannel/MyChannel/Core/Services/PredictiveAnalyticsEngine.swift:596:9: note: set the initial value via the initializer or explicitly define a CodingKeys enum including a 'id' case to silence this warning
    let id = UUID()
        ^
/Users/keonta/Documents/MyChannel/MyChannel/Core/Services/PredictiveAnalyticsEngine.swift:596:9: note: make the property mutable instead
    let id = UUID()
    ~~~ ^
    var
/Users/keonta/Documents/MyChannel/MyChannel/Core/Services/PredictiveAnalyticsEngine.swift:609:9: warning: immutable property will not be decoded because it is declared with an initial value which cannot be overwritten
    let id = UUID()
        ^
/Users/keonta/Documents/MyChannel/MyChannel/Core/Services/PredictiveAnalyticsEngine.swift:609:9: note: set the initial value via the initializer or explicitly define a CodingKeys enum including a 'id' case to silence this warning
    let id = UUID()
        ^
/Users/keonta/Documents/MyChannel/MyChannel/Core/Services/PredictiveAnalyticsEngine.swift:609:9: note: make the property mutable instead
    let id = UUID()
    ~~~ ^
    var
/Users/keonta/Documents/MyChannel/MyChannel/Core/Services/PredictiveAnalyticsEngine.swift:638:9: warning: immutable property will not be decoded because it is declared with an initial value which cannot be overwritten
    let id = UUID()
        ^
/Users/keonta/Documents/MyChannel/MyChannel/Core/Services/PredictiveAnalyticsEngine.swift:638:9: note: set the initial value via the initializer or explicitly define a CodingKeys enum including a 'id' case to silence this warning
    let id = UUID()
        ^
/Users/keonta/Documents/MyChannel/MyChannel/Core/Services/PredictiveAnalyticsEngine.swift:638:9: note: make the property mutable instead
    let id = UUID()
    ~~~ ^
    var
/Users/keonta/Documents/MyChannel/MyChannel/Core/Services/PredictiveAnalyticsEngine.swift:579:9: warning: immutable property will not be decoded because it is declared with an initial value which cannot be overwritten
    let id = UUID()
        ^
/Users/keonta/Documents/MyChannel/MyChannel/Core/Services/PredictiveAnalyticsEngine.swift:579:9: note: set the initial value via the initializer or explicitly define a CodingKeys enum including a 'id' case to silence this warning
    let id = UUID()
        ^
/Users/keonta/Documents/MyChannel/MyChannel/Core/Services/PredictiveAnalyticsEngine.swift:579:9: note: make the property mutable instead
    let id = UUID()
    ~~~ ^
    var
/Users/keonta/Documents/MyChannel/MyChannel/Core/Services/PredictiveAnalyticsEngine.swift:596:9: warning: immutable property will not be decoded because it is declared with an initial value which cannot be overwritten
    let id = UUID()
        ^
/Users/keonta/Documents/MyChannel/MyChannel/Core/Services/PredictiveAnalyticsEngine.swift:596:9: note: set the initial value via the initializer or explicitly define a CodingKeys enum including a 'id' case to silence this warning
    let id = UUID()
        ^
/Users/keonta/Documents/MyChannel/MyChannel/Core/Services/PredictiveAnalyticsEngine.swift:596:9: note: make the property mutable instead
    let id = UUID()
    ~~~ ^
    var
/Users/keonta/Documents/MyChannel/MyChannel/Core/Services/PredictiveAnalyticsEngine.swift:609:9: warning: immutable property will not be decoded because it is declared with an initial value which cannot be overwritten
    let id = UUID()
        ^
/Users/keonta/Documents/MyChannel/MyChannel/Core/Services/PredictiveAnalyticsEngine.swift:609:9: note: set the initial value via the initializer or explicitly define a CodingKeys enum including a 'id' case to silence this warning
    let id = UUID()
        ^
/Users/keonta/Documents/MyChannel/MyChannel/Core/Services/PredictiveAnalyticsEngine.swift:609:9: note: make the property mutable instead
    let id = UUID()
    ~~~ ^
    var
/Users/keonta/Documents/MyChannel/MyChannel/Core/Services/PredictiveAnalyticsEngine.swift:638:9: warning: immutable property will not be decoded because it is declared with an initial value which cannot be overwritten
    let id = UUID()
        ^
/Users/keonta/Documents/MyChannel/MyChannel/Core/Services/PredictiveAnalyticsEngine.swift:638:9: note: set the initial value via the initializer or explicitly define a CodingKeys enum including a 'id' case to silence this warning
    let id = UUID()
        ^
/Users/keonta/Documents/MyChannel/MyChannel/Core/Services/PredictiveAnalyticsEngine.swift:638:9: note: make the property mutable instead
    let id = UUID()
    ~~~ ^
    var
/Users/keonta/Documents/MyChannel/MyChannel/Core/Services/PredictiveAnalyticsEngine.swift:579:9: warning: immutable property will not be decoded because it is declared with an initial value which cannot be overwritten
    let id = UUID()
        ^
/Users/keonta/Documents/MyChannel/MyChannel/Core/Services/PredictiveAnalyticsEngine.swift:579:9: note: set the initial value via the initializer or explicitly define a CodingKeys enum including a 'id' case to silence this warning
    let id = UUID()
        ^
/Users/keonta/Documents/MyChannel/MyChannel/Core/Services/PredictiveAnalyticsEngine.swift:579:9: note: make the property mutable instead
    let id = UUID()
    ~~~ ^
    var
/Users/keonta/Documents/MyChannel/MyChannel/Core/Services/PredictiveAnalyticsEngine.swift:596:9: warning: immutable property will not be decoded because it is declared with an initial value which cannot be overwritten
    let id = UUID()
        ^
/Users/keonta/Documents/MyChannel/MyChannel/Core/Services/PredictiveAnalyticsEngine.swift:596:9: note: set the initial value via the initializer or explicitly define a CodingKeys enum including a 'id' case to silence this warning
    let id = UUID()
        ^
/Users/keonta/Documents/MyChannel/MyChannel/Core/Services/PredictiveAnalyticsEngine.swift:596:9: note: make the property mutable instead
    let id = UUID()
    ~~~ ^
    var
/Users/keonta/Documents/MyChannel/MyChannel/Core/Services/PredictiveAnalyticsEngine.swift:609:9: warning: immutable property will not be decoded because it is declared with an initial value which cannot be overwritten
    let id = UUID()
        ^
/Users/keonta/Documents/MyChannel/MyChannel/Core/Services/PredictiveAnalyticsEngine.swift:609:9: note: set the initial value via the initializer or explicitly define a CodingKeys enum including a 'id' case to silence this warning
    let id = UUID()
        ^
/Users/keonta/Documents/MyChannel/MyChannel/Core/Services/PredictiveAnalyticsEngine.swift:609:9: note: make the property mutable instead
    let id = UUID()
    ~~~ ^
    var
/Users/keonta/Documents/MyChannel/MyChannel/Core/Services/PredictiveAnalyticsEngine.swift:638:9: warning: immutable property will not be decoded because it is declared with an initial value which cannot be overwritten
    let id = UUID()
        ^
/Users/keonta/Documents/MyChannel/MyChannel/Core/Services/PredictiveAnalyticsEngine.swift:638:9: note: set the initial value via the initializer or explicitly define a CodingKeys enum including a 'id' case to silence this warning
    let id = UUID()
        ^
/Users/keonta/Documents/MyChannel/MyChannel/Core/Services/PredictiveAnalyticsEngine.swift:638:9: note: make the property mutable instead
    let id = UUID()
    ~~~ ^
    var
/Users/keonta/Documents/MyChannel/MyChannel/Core/AI/PlatformMonitorService.swift:97:14: warning: consider using asynchronous alternative function
            .getDocuments { [weak self] snap, _ in
             ^
FirebaseFirestoreInternal.Query.getDocuments:2:11: note: 'getDocuments()' declared here
open func getDocuments() async throws -> QuerySnapshot}
          ^
/Users/keonta/Documents/MyChannel/MyChannel/Core/AI/PlatformMonitorService.swift:123:14: warning: consider using asynchronous alternative function
            .getDocuments { [weak self] snap, _ in
             ^
FirebaseFirestoreInternal.Query.getDocuments:2:11: note: 'getDocuments()' declared here
open func getDocuments() async throws -> QuerySnapshot}
          ^
/Users/keonta/Documents/MyChannel/MyChannel/Core/AI/PlatformMonitorService.swift:155:14: warning: consider using asynchronous alternative function
            .getDocuments { [weak self] snap, _ in
             ^
FirebaseFirestoreInternal.Query.getDocuments:2:11: note: 'getDocuments()' declared here
open func getDocuments() async throws -> QuerySnapshot}
          ^
/Users/keonta/Documents/MyChannel/MyChannel/Core/AI/PlatformMonitorService.swift:185:14: warning: consider using asynchronous alternative function
            .getDocuments { [weak self] snap, _ in
             ^
FirebaseFirestoreInternal.Query.getDocuments:2:11: note: 'getDocuments()' declared here
open func getDocuments() async throws -> QuerySnapshot}
          ^
/Users/keonta/Documents/MyChannel/MyChannel/Core/AI/PlatformMonitorService.swift:212:14: warning: consider using asynchronous alternative function
            .getDocuments { [weak self] snap, _ in
             ^
FirebaseFirestoreInternal.Query.getDocuments:2:11: note: 'getDocuments()' declared here
open func getDocuments() async throws -> QuerySnapshot}
          ^
/Users/keonta/Documents/MyChannel/MyChannel/Core/AI/PlatformMonitorService.swift:247:14: warning: consider using asynchronous alternative function
            .getDocuments { [weak self] snap, _ in
             ^
FirebaseFirestoreInternal.Query.getDocuments:2:11: note: 'getDocuments()' declared here
open func getDocuments() async throws -> QuerySnapshot}
          ^
/Users/keonta/Documents/MyChannel/MyChannel/Core/AI/PlatformMonitorService.swift:281:14: warning: consider using asynchronous alternative function
            .getDocuments { [weak self] snap, _ in
             ^
FirebaseFirestoreInternal.Query.getDocuments:2:11: note: 'getDocuments()' declared here
open func getDocuments() async throws -> QuerySnapshot}
          ^
/Users/keonta/Documents/MyChannel/MyChannel/Core/AI/PlatformMonitorService.swift:261:45: warning: call to main actor-isolated instance method 'detectViolation(in:)' in a synchronous nonisolated context
                    if let violation = self.detectViolation(in: combined) {
                                            ^
/Users/keonta/Documents/MyChannel/MyChannel/Core/AI/PlatformMonitorService.swift:501:18: note: calls to instance method 'detectViolation(in:)' from outside of its actor context are implicitly asynchronous
    private func detectViolation(in text: String) -> ViolationResult? {
                 ^
/Users/keonta/Documents/MyChannel/MyChannel/Core/AI/PlatformMonitorService.swift:289:45: warning: call to main actor-isolated instance method 'detectViolation(in:)' in a synchronous nonisolated context
                    if let violation = self.detectViolation(in: text) {
                                            ^
/Users/keonta/Documents/MyChannel/MyChannel/Core/AI/PlatformMonitorService.swift:501:18: note: calls to instance method 'detectViolation(in:)' from outside of its actor context are implicitly asynchronous
    private func detectViolation(in text: String) -> ViolationResult? {
                 ^
/Users/keonta/Documents/MyChannel/MyChannel/Core/AI/PlatformMonitorService.swift:316:14: warning: consider using asynchronous alternative function
            .getDocuments { [weak self] snap, _ in
             ^
FirebaseFirestoreInternal.Query.getDocuments:2:11: note: 'getDocuments()' declared here
open func getDocuments() async throws -> QuerySnapshot}
          ^
/Users/keonta/Documents/MyChannel/MyChannel/Core/AI/PlatformMonitorService.swift:326:22: warning: main actor-isolated property 'db' can not be referenced from a Sendable closure
                self.db.collection("platformMetrics").addDocument(data: data)
                     ^
/Users/keonta/Documents/MyChannel/MyChannel/Core/AI/PlatformMonitorService.swift:27:17: note: property declared here
    private var db = Firestore.firestore()
                ^
/Users/keonta/Documents/MyChannel/MyChannel/Core/AI/PlatformMonitorService.swift:489:13: warning: result of 'try?' is unused
            try? await db.collection("strikeCases").addDocument(data: newCase)
            ^~~~~~~~~~~~~~~~~~~~~~~~~~~~~~~~~~~~~~~~~~~~~~~~~~~~~~~~~~~~~~~~~~
/Users/keonta/Documents/MyChannel/MyChannel/Features/Shopping/LiveShoppingView.swift:413:60: warning: left side of nil coalescing operator '??' has non-optional type 'Color', so the right side is never used
                                Color(hexString: "2C2C2E") ?? .gray,
                                ~~~~~~~~~~~~~~~~~~~~~~~~~~~^~~~~~~~
                                                          
/Users/keonta/Documents/MyChannel/MyChannel/Features/Shopping/LiveShoppingView.swift:414:60: warning: left side of nil coalescing operator '??' has non-optional type 'Color', so the right side is never used
                                Color(hexString: "1C1C1E") ?? .black
                                ~~~~~~~~~~~~~~~~~~~~~~~~~~~^~~~~~~~~
                                                          
/Users/keonta/Documents/MyChannel/MyChannel/Features/Shopping/LiveShoppingView.swift:1253:52: warning: left side of nil coalescing operator '??' has non-optional type 'Color', so the right side is never used
                        Color(hexString: "1a1a2e") ?? .black,
                        ~~~~~~~~~~~~~~~~~~~~~~~~~~~^~~~~~~~~
                                                  
/Users/keonta/Documents/MyChannel/MyChannel/Features/Shopping/LiveShoppingView.swift:1254:52: warning: left side of nil coalescing operator '??' has non-optional type 'Color', so the right side is never used
                        Color(hexString: "16213e") ?? .black,
                        ~~~~~~~~~~~~~~~~~~~~~~~~~~~^~~~~~~~~
                                                  
/Users/keonta/Documents/MyChannel/MyChannel/Features/Shopping/LiveShoppingView.swift:1255:52: warning: left side of nil coalescing operator '??' has non-optional type 'Color', so the right side is never used
                        Color(hexString: "0f3460") ?? .black
                        ~~~~~~~~~~~~~~~~~~~~~~~~~~~^~~~~~~~~
                                                  
/Users/keonta/Documents/MyChannel/MyChannel/Features/Stories/CreateStoryViewModel.swift:380:54: warning: left side of nil coalescing operator '??' has non-optional type 'Color', so the right side is never used
                color: Color(hexString: $0.colorHex) ?? .white
                       ~~~~~~~~~~~~~~~~~~~~~~~~~~~~~~^~~~~~~~~
                                                    
/Users/keonta/Documents/MyChannel/MyChannel/Features/OfflineDownloads/OfflineDownloadService.swift:239:17: warning: no 'async' operations occur within 'await' expression
            try await ref.write(toFile: tempURL)
                ^
/Users/keonta/Documents/MyChannel/MyChannel/Features/OfflineDownloads/OfflineDownloadService.swift:239:13: warning: no calls to throwing functions occur within 'try' expression
            try await ref.write(toFile: tempURL)
            ^
/Users/keonta/Documents/MyChannel/MyChannel/Features/Player/AdPlayerOverlay.swift:127:13: warning: variable 'url' was never mutated; consider changing to 'let' constant
        var url = String(vast[range])
        ~~~ ^
        let
/Users/keonta/Documents/MyChannel/MyChannel/Features/Player/CreatorProfileSheet.swift:451:30: warning: no calls to throwing functions occur within 'try' expression
                let videos = try await VideoFirestoreService.shared.fetchVideosByCreator(creatorId: creator.id)
                             ^
/Users/keonta/Documents/MyChannel/MyChannel/Features/Player/CreatorProfileSheet.swift:457:15: warning: 'catch' block is unreachable because no errors are thrown in 'do' block
            } catch {
              ^
/Users/keonta/Documents/MyChannel/MyChannel/Features/Player/DownloadQualitySheet.swift:300:38: warning: result of call to 'downloadVideo(_:quality:)' is unused
            try await offlineService.downloadVideo(video, quality: selectedQuality)
                                     ^            ~~~~~~~~~~~~~~~~~~~~~~~~~~~~~~~~~
/Users/keonta/Documents/MyChannel/MyChannel/Features/Player/SuperThanksSheet.swift:450:9: warning: result of 'try?' is unused
        try? await db.collection("super-thanks").addDocument(data: thanksData)
        ^~~~~~~~~~~~~~~~~~~~~~~~~~~~~~~~~~~~~~~~~~~~~~~~~~~~~~~~~~~~~~~~~~~~~~
/Users/keonta/Documents/MyChannel/MyChannel/Features/Player/TipSheet.swift:440:19: warning: value 'currentUserId' was defined but never used; consider replacing with boolean test
        guard let currentUserId = authManager.currentUser?.id else {
              ~~~~^~~~~~~~~~~~~~~~
              (                                              ) != nil
/Users/keonta/Documents/MyChannel/MyChannel/Features/Player/VideoChaptersSheet.swift:169:21: warning: initialization of immutable value 'timestamp' was never used; consider replacing with assignment to '_' or removing it
                let timestamp = timeString(item.chapter.start)
                ~~~~^~~~~~~~~
                _
/Users/keonta/Documents/MyChannel/MyChannel/Features/Player/VideoChaptersSheet.swift:324:13: warning: no calls to throwing functions occur within 'try' expression
            try? await VideoChapterService.shared.deleteChapter(chapter.id, from: video.id)
            ^
/Users/keonta/Documents/MyChannel/MyChannel/Features/Player/VideoDetailView.swift:1511:48: warning: left side of nil coalescing operator '??' has non-optional type 'String', so the right side is never used
                        Button(opt.displayName ?? "Track") {
                               ~~~~~~~~~~~~~~~~^~~~~~~~~~
                                              
/Users/keonta/Documents/MyChannel/MyChannel/Features/Player/VideoDetailView.swift:1641:45: warning: string interpolation produces a debug description for an optional value; did you mean to make this explicit?
                print("🎥 Video source: \(video.contentSource)")
/Users/keonta/Documents/MyChannel/MyChannel/Features/Player/VideoDetailView.swift:1641:51: note: use a default value parameter to avoid this warning
                print("🎥 Video source: \(video.contentSource)")
/Users/keonta/Documents/MyChannel/MyChannel/Features/Player/VideoDetailView.swift:1641:51: note: provide a default value to avoid this warning
                print("🎥 Video source: \(video.contentSource)")
/Users/keonta/Documents/MyChannel/MyChannel/Features/Player/VideoDetailView.swift:1641:51: note: use 'String(describing:)' to silence this warning
                print("🎥 Video source: \(video.contentSource)")
/Users/keonta/Documents/MyChannel/MyChannel/Features/Player/VideoDetailView.swift:1714:29: warning: no calls to throwing functions occur within 'try' expression
                        if (try? await StoreKitService.shared.hasActiveSubscription()) == true {
                            ^
/Users/keonta/Documents/MyChannel/MyChannel/Features/Player/VideoMoreOptionsSheet.swift:315:9: warning: result of 'try?' is unused
        try? await db.collection("content_reports").addDocument(data: reportData)
        ^~~~~~~~~~~~~~~~~~~~~~~~~~~~~~~~~~~~~~~~~~~~~~~~~~~~~~~~~~~~~~~~~~~~~~~~~
/Users/keonta/Documents/MyChannel/MyChannel/Features/Player/VideoMoreOptionsSheet.swift:345:9: warning: result of 'try?' is unused
        try? await db.collection("content_reports").addDocument(data: reportData)
        ^~~~~~~~~~~~~~~~~~~~~~~~~~~~~~~~~~~~~~~~~~~~~~~~~~~~~~~~~~~~~~~~~~~~~~~~~
/Users/keonta/Documents/MyChannel/MyChannel/Features/Player/VideoMoreOptionsSheet.swift:421:13: warning: no 'async' operations occur within 'await' expression
            await add(videoId, to: id)
            ^
/Users/keonta/Documents/MyChannel/MyChannel/Features/Player/VideoPollOverlayView.swift:546:25: warning: result of 'try?' is unused
                        try? await service.createPoll(newPoll)
                        ^~~~~~~~~~~~~~~~~~~~~~~~~~~~~~~~~~~~~~
/Users/keonta/Documents/MyChannel/MyChannel/Features/Stories/InteractiveStoryStickerView.swift:200:68: warning: left side of nil coalescing operator '??' has non-optional type 'Color', so the right side is never used
                    let barColor = (Color(hexString: option.color) ?? AppTheme.Colors.primary).opacity(0.6)
                                    ~~~~~~~~~~~~~~~~~~~~~~~~~~~~~~~^~~~~~~~~~~~~~~~~~~~~~~~~~
                                                                  
/Users/keonta/Documents/MyChannel/MyChannel/Features/Stories/MultiClipEngine.swift:317:51: warning: capture of 'exportSession' with non-Sendable type 'AVAssetExportSession' in a '@Sendable' closure
                self?.processingProgress = Double(exportSession.progress)
                                                  ^
/Applications/Xcode.app/Contents/Developer/Platforms/iPhoneSimulator.platform/Developer/SDKs/iPhoneSimulator26.4.sdk/System/Library/Frameworks/AVFoundation.framework/Headers/AVAssetExportSession.h:159:12: note: class 'AVAssetExportSession' does not conform to the 'Sendable' protocol
@interface AVAssetExportSession : NSObject
           ^
/Users/keonta/Documents/MyChannel/MyChannel/Features/Stories/ProCameraEngine.swift:76:19: warning: call to main actor-isolated instance method 'configureSession()' in a synchronous nonisolated context
            self?.configureSession()
                  ^
/Users/keonta/Documents/MyChannel/MyChannel/Features/Stories/ProCameraEngine.swift:100:18: note: calls to instance method 'configureSession()' from outside of its actor context are implicitly asynchronous
    private func configureSession() {
                 ^
/Users/keonta/Documents/MyChannel/MyChannel/Features/Stories/ProCameraEngine.swift:78:22: warning: main actor-isolated property 'setupResult' can not be referenced from a Sendable closure
            if self?.setupResult == .success {
                     ^
/Users/keonta/Documents/MyChannel/MyChannel/Features/Stories/ProCameraEngine.swift:35:17: note: property declared here
    private var setupResult: SessionSetupResult = .success
                ^
/Users/keonta/Documents/MyChannel/MyChannel/Features/Stories/ProCameraEngine.swift:79:23: warning: main actor-isolated property 'captureSession' can not be referenced from a Sendable closure
                self?.captureSession.startRunning()
                      ^
/Users/keonta/Documents/MyChannel/MyChannel/Features/Stories/ProCameraEngine.swift:28:9: note: property declared here
    let captureSession = AVCaptureSession()
        ^
/Users/keonta/Documents/MyChannel/MyChannel/Features/Stories/ProCameraEngine.swift:90:22: warning: main actor-isolated property 'setupResult' can not be referenced from a Sendable closure
            if self?.setupResult == .success {
                     ^
/Users/keonta/Documents/MyChannel/MyChannel/Features/Stories/ProCameraEngine.swift:35:17: note: property declared here
    private var setupResult: SessionSetupResult = .success
                ^
/Users/keonta/Documents/MyChannel/MyChannel/Features/Stories/ProCameraEngine.swift:91:23: warning: main actor-isolated property 'captureSession' can not be referenced from a Sendable closure
                self?.captureSession.stopRunning()
                      ^
/Users/keonta/Documents/MyChannel/MyChannel/Features/Stories/ProCameraEngine.swift:28:9: note: property declared here
    let captureSession = AVCaptureSession()
        ^
/Users/keonta/Documents/MyChannel/MyChannel/Features/Stories/ProCameraEngine.swift:141:25: warning: 'isHighResolutionCaptureEnabled' was deprecated in iOS 16.0: Use maxPhotoDimensions instead.
            photoOutput.isHighResolutionCaptureEnabled = true
                        ^
/Users/keonta/Documents/MyChannel/MyChannel/Features/Stories/ProCameraEngine.swift:165:62: warning: main actor-isolated property 'cameraPosition' can not be referenced from a Sendable closure
            let newPosition: AVCaptureDevice.Position = self.cameraPosition == .back ? .front : .back
                                                             ^
/Users/keonta/Documents/MyChannel/MyChannel/Features/Stories/ProCameraEngine.swift:21:20: note: property declared here
    @Published var cameraPosition: AVCaptureDevice.Position = .back
                   ^
/Users/keonta/Documents/MyChannel/MyChannel/Features/Stories/ProCameraEngine.swift:167:43: warning: main actor-isolated property 'videoDeviceInput' can not be referenced from a Sendable closure
            guard let currentInput = self.videoDeviceInput else { return }
                                          ^
/Users/keonta/Documents/MyChannel/MyChannel/Features/Stories/ProCameraEngine.swift:29:17: note: property declared here
    private var videoDeviceInput: AVCaptureDeviceInput?
                ^
/Users/keonta/Documents/MyChannel/MyChannel/Features/Stories/ProCameraEngine.swift:178:22: warning: main actor-isolated property 'captureSession' can not be referenced from a Sendable closure
                self.captureSession.beginConfiguration()
                     ^
/Users/keonta/Documents/MyChannel/MyChannel/Features/Stories/ProCameraEngine.swift:28:9: note: property declared here
    let captureSession = AVCaptureSession()
        ^
/Users/keonta/Documents/MyChannel/MyChannel/Features/Stories/ProCameraEngine.swift:179:22: warning: main actor-isolated property 'captureSession' can not be referenced from a Sendable closure
                self.captureSession.removeInput(currentInput)
                     ^
/Users/keonta/Documents/MyChannel/MyChannel/Features/Stories/ProCameraEngine.swift:28:9: note: property declared here
    let captureSession = AVCaptureSession()
        ^
/Users/keonta/Documents/MyChannel/MyChannel/Features/Stories/ProCameraEngine.swift:181:25: warning: main actor-isolated property 'captureSession' can not be referenced from a Sendable closure
                if self.captureSession.canAddInput(newInput) {
                        ^
/Users/keonta/Documents/MyChannel/MyChannel/Features/Stories/ProCameraEngine.swift:28:9: note: property declared here
    let captureSession = AVCaptureSession()
        ^
/Users/keonta/Documents/MyChannel/MyChannel/Features/Stories/ProCameraEngine.swift:182:26: warning: main actor-isolated property 'captureSession' can not be referenced from a Sendable closure
                    self.captureSession.addInput(newInput)
                         ^
/Users/keonta/Documents/MyChannel/MyChannel/Features/Stories/ProCameraEngine.swift:28:9: note: property declared here
    let captureSession = AVCaptureSession()
        ^
/Users/keonta/Documents/MyChannel/MyChannel/Features/Stories/ProCameraEngine.swift:183:26: warning: main actor-isolated property 'videoDeviceInput' can not be mutated from a Sendable closure
                    self.videoDeviceInput = newInput
                         ^
/Users/keonta/Documents/MyChannel/MyChannel/Features/Stories/ProCameraEngine.swift:29:17: note: mutation of this property is only permitted within the actor
    private var videoDeviceInput: AVCaptureDeviceInput?
                ^
/Users/keonta/Documents/MyChannel/MyChannel/Features/Stories/ProCameraEngine.swift:185:26: warning: main actor-isolated property 'captureSession' can not be referenced from a Sendable closure
                    self.captureSession.addInput(currentInput)
                         ^
/Users/keonta/Documents/MyChannel/MyChannel/Features/Stories/ProCameraEngine.swift:28:9: note: property declared here
    let captureSession = AVCaptureSession()
        ^
/Users/keonta/Documents/MyChannel/MyChannel/Features/Stories/ProCameraEngine.swift:188:22: warning: main actor-isolated property 'captureSession' can not be referenced from a Sendable closure
                self.captureSession.commitConfiguration()
                     ^
/Users/keonta/Documents/MyChannel/MyChannel/Features/Stories/ProCameraEngine.swift:28:9: note: property declared here
    let captureSession = AVCaptureSession()
        ^
/Users/keonta/Documents/MyChannel/MyChannel/Features/Stories/StoryViewerView.swift:252:17: warning: no 'async' operations occur within 'await' expression
                await StoryViewTracker.shared.stopTracking()
                ^
/Users/keonta/Documents/MyChannel/MyChannel/Features/Stories/StoryViewerView.swift:404:51: warning: main actor-isolated property 'viewerCount' can not be referenced from a Sendable closure
            viewerCount = StoryViewTracker.shared.viewerCount
                                                  ^
/Users/keonta/Documents/MyChannel/MyChannel/Core/Services/StoryViewTracker.swift:21:20: note: property declared here
    @Published var viewerCount: Int = 0
                   ^
/Users/keonta/Documents/MyChannel/MyChannel/Features/Stories/StoryViewerView.swift:404:44: warning: main actor-isolated static property 'shared' can not be referenced from a Sendable closure
            viewerCount = StoryViewTracker.shared.viewerCount
                                           ^
/Users/keonta/Documents/MyChannel/MyChannel/Core/Services/StoryViewTracker.swift:19:16: note: static property declared here
    static let shared = StoryViewTracker()
               ^
/Users/keonta/Documents/MyChannel/MyChannel/Features/Stories/UltimateStoryViewModel.swift:297:31: warning: immutable value 'sticker' was never used; consider replacing with '_' or removing it
            case .sticker(let sticker):
                          ~~~~^~~~~~~
                          _
/Users/keonta/Documents/MyChannel/MyChannel/Features/Stories/UltimateStoryViewModel.swift:318:35: warning: immutable value 'text' was never used; consider replacing with '_' or removing it
                if case .text(let text) = $0.type {
                              ~~~~^~~~
                              _
/Users/keonta/Documents/MyChannel/MyChannel/Features/Stories/UltimateStoryViewModel.swift:522:9: warning: immutable property will not be decoded because it is declared with an initial value which cannot be overwritten
    let id = UUID()
        ^
/Users/keonta/Documents/MyChannel/MyChannel/Features/Stories/UltimateStoryViewModel.swift:522:9: note: set the initial value via the initializer or explicitly define a CodingKeys enum including a 'id' case to silence this warning
    let id = UUID()
        ^
/Users/keonta/Documents/MyChannel/MyChannel/Features/Stories/UltimateStoryViewModel.swift:522:9: note: make the property mutable instead
    let id = UUID()
    ~~~ ^
    var
/Users/keonta/Documents/MyChannel/MyChannel/Features/Stories/UltimateStoryViewModel.swift:535:9: warning: immutable property will not be decoded because it is declared with an initial value which cannot be overwritten
    let id = UUID()
        ^
/Users/keonta/Documents/MyChannel/MyChannel/Features/Stories/UltimateStoryViewModel.swift:535:9: note: set the initial value via the initializer or explicitly define a CodingKeys enum including a 'id' case to silence this warning
    let id = UUID()
        ^
/Users/keonta/Documents/MyChannel/MyChannel/Features/Stories/UltimateStoryViewModel.swift:535:9: note: make the property mutable instead
    let id = UUID()
    ~~~ ^
    var
/Users/keonta/Documents/MyChannel/MyChannel/Features/Stories/VoiceEffectsEngine.swift:223:9: warning: no calls to throwing functions occur within 'try' expression
        try await player.scheduleFile(audioFile, at: nil)
        ^
/Users/keonta/Documents/MyChannel/MyChannel/Core/Services/PredictiveAnalyticsEngine.swift:579:9: warning: immutable property will not be decoded because it is declared with an initial value which cannot be overwritten
    let id = UUID()
        ^
/Users/keonta/Documents/MyChannel/MyChannel/Core/Services/PredictiveAnalyticsEngine.swift:579:9: note: set the initial value via the initializer or explicitly define a CodingKeys enum including a 'id' case to silence this warning
    let id = UUID()
        ^
/Users/keonta/Documents/MyChannel/MyChannel/Core/Services/PredictiveAnalyticsEngine.swift:579:9: note: make the property mutable instead
    let id = UUID()
    ~~~ ^
    var
/Users/keonta/Documents/MyChannel/MyChannel/Core/Services/PredictiveAnalyticsEngine.swift:596:9: warning: immutable property will not be decoded because it is declared with an initial value which cannot be overwritten
    let id = UUID()
        ^
/Users/keonta/Documents/MyChannel/MyChannel/Core/Services/PredictiveAnalyticsEngine.swift:596:9: note: set the initial value via the initializer or explicitly define a CodingKeys enum including a 'id' case to silence this warning
    let id = UUID()
        ^
/Users/keonta/Documents/MyChannel/MyChannel/Core/Services/PredictiveAnalyticsEngine.swift:596:9: note: make the property mutable instead
    let id = UUID()
    ~~~ ^
    var
/Users/keonta/Documents/MyChannel/MyChannel/Core/Services/PredictiveAnalyticsEngine.swift:609:9: warning: immutable property will not be decoded because it is declared with an initial value which cannot be overwritten
    let id = UUID()
        ^
/Users/keonta/Documents/MyChannel/MyChannel/Core/Services/PredictiveAnalyticsEngine.swift:609:9: note: set the initial value via the initializer or explicitly define a CodingKeys enum including a 'id' case to silence this warning
    let id = UUID()
        ^
/Users/keonta/Documents/MyChannel/MyChannel/Core/Services/PredictiveAnalyticsEngine.swift:609:9: note: make the property mutable instead
    let id = UUID()
    ~~~ ^
    var
/Users/keonta/Documents/MyChannel/MyChannel/Core/Services/PredictiveAnalyticsEngine.swift:638:9: warning: immutable property will not be decoded because it is declared with an initial value which cannot be overwritten
    let id = UUID()
        ^
/Users/keonta/Documents/MyChannel/MyChannel/Core/Services/PredictiveAnalyticsEngine.swift:638:9: note: set the initial value via the initializer or explicitly define a CodingKeys enum including a 'id' case to silence this warning
    let id = UUID()
        ^
/Users/keonta/Documents/MyChannel/MyChannel/Core/Services/PredictiveAnalyticsEngine.swift:638:9: note: make the property mutable instead
    let id = UUID()
    ~~~ ^
    var
/Users/keonta/Documents/MyChannel/MyChannel/Core/Services/PredictiveAnalyticsEngine.swift:579:9: warning: immutable property will not be decoded because it is declared with an initial value which cannot be overwritten
    let id = UUID()
        ^
/Users/keonta/Documents/MyChannel/MyChannel/Core/Services/PredictiveAnalyticsEngine.swift:579:9: note: set the initial value via the initializer or explicitly define a CodingKeys enum including a 'id' case to silence this warning
    let id = UUID()
        ^
/Users/keonta/Documents/MyChannel/MyChannel/Core/Services/PredictiveAnalyticsEngine.swift:579:9: note: make the property mutable instead
    let id = UUID()
    ~~~ ^
    var
/Users/keonta/Documents/MyChannel/MyChannel/Core/Services/PredictiveAnalyticsEngine.swift:596:9: warning: immutable property will not be decoded because it is declared with an initial value which cannot be overwritten
    let id = UUID()
        ^
/Users/keonta/Documents/MyChannel/MyChannel/Core/Services/PredictiveAnalyticsEngine.swift:596:9: note: set the initial value via the initializer or explicitly define a CodingKeys enum including a 'id' case to silence this warning
    let id = UUID()
        ^
/Users/keonta/Documents/MyChannel/MyChannel/Core/Services/PredictiveAnalyticsEngine.swift:596:9: note: make the property mutable instead
    let id = UUID()
    ~~~ ^
    var
/Users/keonta/Documents/MyChannel/MyChannel/Core/Services/PredictiveAnalyticsEngine.swift:609:9: warning: immutable property will not be decoded because it is declared with an initial value which cannot be overwritten
    let id = UUID()
        ^
/Users/keonta/Documents/MyChannel/MyChannel/Core/Services/PredictiveAnalyticsEngine.swift:609:9: note: set the initial value via the initializer or explicitly define a CodingKeys enum including a 'id' case to silence this warning
    let id = UUID()
        ^
/Users/keonta/Documents/MyChannel/MyChannel/Core/Services/PredictiveAnalyticsEngine.swift:609:9: note: make the property mutable instead
    let id = UUID()
    ~~~ ^
    var
/Users/keonta/Documents/MyChannel/MyChannel/Core/Services/PredictiveAnalyticsEngine.swift:638:9: warning: immutable property will not be decoded because it is declared with an initial value which cannot be overwritten
    let id = UUID()
        ^
/Users/keonta/Documents/MyChannel/MyChannel/Core/Services/PredictiveAnalyticsEngine.swift:638:9: note: set the initial value via the initializer or explicitly define a CodingKeys enum including a 'id' case to silence this warning
    let id = UUID()
        ^
/Users/keonta/Documents/MyChannel/MyChannel/Core/Services/PredictiveAnalyticsEngine.swift:638:9: note: make the property mutable instead
    let id = UUID()
    ~~~ ^
    var
/Users/keonta/Documents/MyChannel/MyChannel/Core/Services/PredictiveAnalyticsEngine.swift:579:9: warning: immutable property will not be decoded because it is declared with an initial value which cannot be overwritten
    let id = UUID()
        ^
/Users/keonta/Documents/MyChannel/MyChannel/Core/Services/PredictiveAnalyticsEngine.swift:579:9: note: set the initial value via the initializer or explicitly define a CodingKeys enum including a 'id' case to silence this warning
    let id = UUID()
        ^
/Users/keonta/Documents/MyChannel/MyChannel/Core/Services/PredictiveAnalyticsEngine.swift:579:9: note: make the property mutable instead
    let id = UUID()
    ~~~ ^
    var
/Users/keonta/Documents/MyChannel/MyChannel/Core/Services/PredictiveAnalyticsEngine.swift:596:9: warning: immutable property will not be decoded because it is declared with an initial value which cannot be overwritten
    let id = UUID()
        ^
/Users/keonta/Documents/MyChannel/MyChannel/Core/Services/PredictiveAnalyticsEngine.swift:596:9: note: set the initial value via the initializer or explicitly define a CodingKeys enum including a 'id' case to silence this warning
    let id = UUID()
        ^
/Users/keonta/Documents/MyChannel/MyChannel/Core/Services/PredictiveAnalyticsEngine.swift:596:9: note: make the property mutable instead
    let id = UUID()
    ~~~ ^
    var
/Users/keonta/Documents/MyChannel/MyChannel/Core/Services/PredictiveAnalyticsEngine.swift:609:9: warning: immutable property will not be decoded because it is declared with an initial value which cannot be overwritten
    let id = UUID()
        ^
/Users/keonta/Documents/MyChannel/MyChannel/Core/Services/PredictiveAnalyticsEngine.swift:609:9: note: set the initial value via the initializer or explicitly define a CodingKeys enum including a 'id' case to silence this warning
    let id = UUID()
        ^
/Users/keonta/Documents/MyChannel/MyChannel/Core/Services/PredictiveAnalyticsEngine.swift:609:9: note: make the property mutable instead
    let id = UUID()
    ~~~ ^
    var
/Users/keonta/Documents/MyChannel/MyChannel/Core/Services/PredictiveAnalyticsEngine.swift:638:9: warning: immutable property will not be decoded because it is declared with an initial value which cannot be overwritten
    let id = UUID()
        ^
/Users/keonta/Documents/MyChannel/MyChannel/Core/Services/PredictiveAnalyticsEngine.swift:638:9: note: set the initial value via the initializer or explicitly define a CodingKeys enum including a 'id' case to silence this warning
    let id = UUID()
        ^
/Users/keonta/Documents/MyChannel/MyChannel/Core/Services/PredictiveAnalyticsEngine.swift:638:9: note: make the property mutable instead
    let id = UUID()
    ~~~ ^
    var
/Users/keonta/Documents/MyChannel/MyChannel/Core/Services/PredictiveAnalyticsEngine.swift:579:9: warning: immutable property will not be decoded because it is declared with an initial value which cannot be overwritten
    let id = UUID()
        ^
/Users/keonta/Documents/MyChannel/MyChannel/Core/Services/PredictiveAnalyticsEngine.swift:579:9: note: set the initial value via the initializer or explicitly define a CodingKeys enum including a 'id' case to silence this warning
    let id = UUID()
        ^
/Users/keonta/Documents/MyChannel/MyChannel/Core/Services/PredictiveAnalyticsEngine.swift:579:9: note: make the property mutable instead
    let id = UUID()
    ~~~ ^
    var
/Users/keonta/Documents/MyChannel/MyChannel/Core/Services/PredictiveAnalyticsEngine.swift:596:9: warning: immutable property will not be decoded because it is declared with an initial value which cannot be overwritten
    let id = UUID()
        ^
/Users/keonta/Documents/MyChannel/MyChannel/Core/Services/PredictiveAnalyticsEngine.swift:596:9: note: set the initial value via the initializer or explicitly define a CodingKeys enum including a 'id' case to silence this warning
    let id = UUID()
        ^
/Users/keonta/Documents/MyChannel/MyChannel/Core/Services/PredictiveAnalyticsEngine.swift:596:9: note: make the property mutable instead
    let id = UUID()
    ~~~ ^
    var
/Users/keonta/Documents/MyChannel/MyChannel/Core/Services/PredictiveAnalyticsEngine.swift:609:9: warning: immutable property will not be decoded because it is declared with an initial value which cannot be overwritten
    let id = UUID()
        ^
/Users/keonta/Documents/MyChannel/MyChannel/Core/Services/PredictiveAnalyticsEngine.swift:609:9: note: set the initial value via the initializer or explicitly define a CodingKeys enum including a 'id' case to silence this warning
    let id = UUID()
        ^
/Users/keonta/Documents/MyChannel/MyChannel/Core/Services/PredictiveAnalyticsEngine.swift:609:9: note: make the property mutable instead
    let id = UUID()
    ~~~ ^
    var
/Users/keonta/Documents/MyChannel/MyChannel/Core/Services/PredictiveAnalyticsEngine.swift:638:9: warning: immutable property will not be decoded because it is declared with an initial value which cannot be overwritten
    let id = UUID()
        ^
/Users/keonta/Documents/MyChannel/MyChannel/Core/Services/PredictiveAnalyticsEngine.swift:638:9: note: set the initial value via the initializer or explicitly define a CodingKeys enum including a 'id' case to silence this warning
    let id = UUID()
        ^
/Users/keonta/Documents/MyChannel/MyChannel/Core/Services/PredictiveAnalyticsEngine.swift:638:9: note: make the property mutable instead
    let id = UUID()
    ~~~ ^
    var
/Users/keonta/Documents/MyChannel/MyChannel/Core/Services/PredictiveAnalyticsEngine.swift:579:9: warning: immutable property will not be decoded because it is declared with an initial value which cannot be overwritten
    let id = UUID()
        ^
/Users/keonta/Documents/MyChannel/MyChannel/Core/Services/PredictiveAnalyticsEngine.swift:579:9: note: set the initial value via the initializer or explicitly define a CodingKeys enum including a 'id' case to silence this warning
    let id = UUID()
        ^
/Users/keonta/Documents/MyChannel/MyChannel/Core/Services/PredictiveAnalyticsEngine.swift:579:9: note: make the property mutable instead
    let id = UUID()
    ~~~ ^
    var
/Users/keonta/Documents/MyChannel/MyChannel/Core/Services/PredictiveAnalyticsEngine.swift:596:9: warning: immutable property will not be decoded because it is declared with an initial value which cannot be overwritten
    let id = UUID()
        ^
/Users/keonta/Documents/MyChannel/MyChannel/Core/Services/PredictiveAnalyticsEngine.swift:596:9: note: set the initial value via the initializer or explicitly define a CodingKeys enum including a 'id' case to silence this warning
    let id = UUID()
        ^
/Users/keonta/Documents/MyChannel/MyChannel/Core/Services/PredictiveAnalyticsEngine.swift:596:9: note: make the property mutable instead
    let id = UUID()
    ~~~ ^
    var
/Users/keonta/Documents/MyChannel/MyChannel/Core/Services/PredictiveAnalyticsEngine.swift:609:9: warning: immutable property will not be decoded because it is declared with an initial value which cannot be overwritten
    let id = UUID()
        ^
/Users/keonta/Documents/MyChannel/MyChannel/Core/Services/PredictiveAnalyticsEngine.swift:609:9: note: set the initial value via the initializer or explicitly define a CodingKeys enum including a 'id' case to silence this warning
    let id = UUID()
        ^
/Users/keonta/Documents/MyChannel/MyChannel/Core/Services/PredictiveAnalyticsEngine.swift:609:9: note: make the property mutable instead
    let id = UUID()
    ~~~ ^
    var
/Users/keonta/Documents/MyChannel/MyChannel/Core/Services/PredictiveAnalyticsEngine.swift:638:9: warning: immutable property will not be decoded because it is declared with an initial value which cannot be overwritten
    let id = UUID()
        ^
/Users/keonta/Documents/MyChannel/MyChannel/Core/Services/PredictiveAnalyticsEngine.swift:638:9: note: set the initial value via the initializer or explicitly define a CodingKeys enum including a 'id' case to silence this warning
    let id = UUID()
        ^
/Users/keonta/Documents/MyChannel/MyChannel/Core/Services/PredictiveAnalyticsEngine.swift:638:9: note: make the property mutable instead
    let id = UUID()
    ~~~ ^
    var
/Users/keonta/Documents/MyChannel/MyChannel/Core/Services/PredictiveAnalyticsEngine.swift:579:9: warning: immutable property will not be decoded because it is declared with an initial value which cannot be overwritten
    let id = UUID()
        ^
/Users/keonta/Documents/MyChannel/MyChannel/Core/Services/PredictiveAnalyticsEngine.swift:579:9: note: set the initial value via the initializer or explicitly define a CodingKeys enum including a 'id' case to silence this warning
    let id = UUID()
        ^
/Users/keonta/Documents/MyChannel/MyChannel/Core/Services/PredictiveAnalyticsEngine.swift:579:9: note: make the property mutable instead
    let id = UUID()
    ~~~ ^
    var
/Users/keonta/Documents/MyChannel/MyChannel/Core/Services/PredictiveAnalyticsEngine.swift:596:9: warning: immutable property will not be decoded because it is declared with an initial value which cannot be overwritten
    let id = UUID()
        ^
/Users/keonta/Documents/MyChannel/MyChannel/Core/Services/PredictiveAnalyticsEngine.swift:596:9: note: set the initial value via the initializer or explicitly define a CodingKeys enum including a 'id' case to silence this warning
    let id = UUID()
        ^
/Users/keonta/Documents/MyChannel/MyChannel/Core/Services/PredictiveAnalyticsEngine.swift:596:9: note: make the property mutable instead
    let id = UUID()
    ~~~ ^
    var
/Users/keonta/Documents/MyChannel/MyChannel/Core/Services/PredictiveAnalyticsEngine.swift:609:9: warning: immutable property will not be decoded because it is declared with an initial value which cannot be overwritten
    let id = UUID()
        ^
/Users/keonta/Documents/MyChannel/MyChannel/Core/Services/PredictiveAnalyticsEngine.swift:609:9: note: set the initial value via the initializer or explicitly define a CodingKeys enum including a 'id' case to silence this warning
    let id = UUID()
        ^
/Users/keonta/Documents/MyChannel/MyChannel/Core/Services/PredictiveAnalyticsEngine.swift:609:9: note: make the property mutable instead
    let id = UUID()
    ~~~ ^
    var
/Users/keonta/Documents/MyChannel/MyChannel/Core/Services/PredictiveAnalyticsEngine.swift:638:9: warning: immutable property will not be decoded because it is declared with an initial value which cannot be overwritten
    let id = UUID()
        ^
/Users/keonta/Documents/MyChannel/MyChannel/Core/Services/PredictiveAnalyticsEngine.swift:638:9: note: set the initial value via the initializer or explicitly define a CodingKeys enum including a 'id' case to silence this warning
    let id = UUID()
        ^
/Users/keonta/Documents/MyChannel/MyChannel/Core/Services/PredictiveAnalyticsEngine.swift:638:9: note: make the property mutable instead
    let id = UUID()
    ~~~ ^
    var
/Users/keonta/Documents/MyChannel/MyChannel/Core/Services/PredictiveAnalyticsEngine.swift:579:9: warning: immutable property will not be decoded because it is declared with an initial value which cannot be overwritten
    let id = UUID()
        ^
/Users/keonta/Documents/MyChannel/MyChannel/Core/Services/PredictiveAnalyticsEngine.swift:579:9: note: set the initial value via the initializer or explicitly define a CodingKeys enum including a 'id' case to silence this warning
    let id = UUID()
        ^
/Users/keonta/Documents/MyChannel/MyChannel/Core/Services/PredictiveAnalyticsEngine.swift:579:9: note: make the property mutable instead
    let id = UUID()
    ~~~ ^
    var
/Users/keonta/Documents/MyChannel/MyChannel/Core/Services/PredictiveAnalyticsEngine.swift:596:9: warning: immutable property will not be decoded because it is declared with an initial value which cannot be overwritten
    let id = UUID()
        ^
/Users/keonta/Documents/MyChannel/MyChannel/Core/Services/PredictiveAnalyticsEngine.swift:596:9: note: set the initial value via the initializer or explicitly define a CodingKeys enum including a 'id' case to silence this warning
    let id = UUID()
        ^
/Users/keonta/Documents/MyChannel/MyChannel/Core/Services/PredictiveAnalyticsEngine.swift:596:9: note: make the property mutable instead
    let id = UUID()
    ~~~ ^
    var
/Users/keonta/Documents/MyChannel/MyChannel/Core/Services/PredictiveAnalyticsEngine.swift:609:9: warning: immutable property will not be decoded because it is declared with an initial value which cannot be overwritten
    let id = UUID()
        ^
/Users/keonta/Documents/MyChannel/MyChannel/Core/Services/PredictiveAnalyticsEngine.swift:609:9: note: set the initial value via the initializer or explicitly define a CodingKeys enum including a 'id' case to silence this warning
    let id = UUID()
        ^
/Users/keonta/Documents/MyChannel/MyChannel/Core/Services/PredictiveAnalyticsEngine.swift:609:9: note: make the property mutable instead
    let id = UUID()
    ~~~ ^
    var
/Users/keonta/Documents/MyChannel/MyChannel/Core/Services/PredictiveAnalyticsEngine.swift:638:9: warning: immutable property will not be decoded because it is declared with an initial value which cannot be overwritten
    let id = UUID()
        ^
/Users/keonta/Documents/MyChannel/MyChannel/Core/Services/PredictiveAnalyticsEngine.swift:638:9: note: set the initial value via the initializer or explicitly define a CodingKeys enum including a 'id' case to silence this warning
    let id = UUID()
        ^
/Users/keonta/Documents/MyChannel/MyChannel/Core/Services/PredictiveAnalyticsEngine.swift:638:9: note: make the property mutable instead
    let id = UUID()
    ~~~ ^
    var
/Users/keonta/Documents/MyChannel/MyChannel/Core/Services/PredictiveAnalyticsEngine.swift:579:9: warning: immutable property will not be decoded because it is declared with an initial value which cannot be overwritten
    let id = UUID()
        ^
/Users/keonta/Documents/MyChannel/MyChannel/Core/Services/PredictiveAnalyticsEngine.swift:579:9: note: set the initial value via the initializer or explicitly define a CodingKeys enum including a 'id' case to silence this warning
    let id = UUID()
        ^
/Users/keonta/Documents/MyChannel/MyChannel/Core/Services/PredictiveAnalyticsEngine.swift:579:9: note: make the property mutable instead
    let id = UUID()
    ~~~ ^
    var
/Users/keonta/Documents/MyChannel/MyChannel/Core/Services/PredictiveAnalyticsEngine.swift:596:9: warning: immutable property will not be decoded because it is declared with an initial value which cannot be overwritten
    let id = UUID()
        ^
/Users/keonta/Documents/MyChannel/MyChannel/Core/Services/PredictiveAnalyticsEngine.swift:596:9: note: set the initial value via the initializer or explicitly define a CodingKeys enum including a 'id' case to silence this warning
    let id = UUID()
        ^
/Users/keonta/Documents/MyChannel/MyChannel/Core/Services/PredictiveAnalyticsEngine.swift:596:9: note: make the property mutable instead
    let id = UUID()
    ~~~ ^
    var
/Users/keonta/Documents/MyChannel/MyChannel/Core/Services/PredictiveAnalyticsEngine.swift:609:9: warning: immutable property will not be decoded because it is declared with an initial value which cannot be overwritten
    let id = UUID()
        ^
/Users/keonta/Documents/MyChannel/MyChannel/Core/Services/PredictiveAnalyticsEngine.swift:609:9: note: set the initial value via the initializer or explicitly define a CodingKeys enum including a 'id' case to silence this warning
    let id = UUID()
        ^
/Users/keonta/Documents/MyChannel/MyChannel/Core/Services/PredictiveAnalyticsEngine.swift:609:9: note: make the property mutable instead
    let id = UUID()
    ~~~ ^
    var
/Users/keonta/Documents/MyChannel/MyChannel/Core/Services/PredictiveAnalyticsEngine.swift:638:9: warning: immutable property will not be decoded because it is declared with an initial value which cannot be overwritten
    let id = UUID()
        ^
/Users/keonta/Documents/MyChannel/MyChannel/Core/Services/PredictiveAnalyticsEngine.swift:638:9: note: set the initial value via the initializer or explicitly define a CodingKeys enum including a 'id' case to silence this warning
    let id = UUID()
        ^
/Users/keonta/Documents/MyChannel/MyChannel/Core/Services/PredictiveAnalyticsEngine.swift:638:9: note: make the property mutable instead
    let id = UUID()
    ~~~ ^
    var
/Users/keonta/Documents/MyChannel/MyChannel/Core/Services/PredictiveAnalyticsEngine.swift:579:9: warning: immutable property will not be decoded because it is declared with an initial value which cannot be overwritten
    let id = UUID()
        ^
/Users/keonta/Documents/MyChannel/MyChannel/Core/Services/PredictiveAnalyticsEngine.swift:579:9: note: set the initial value via the initializer or explicitly define a CodingKeys enum including a 'id' case to silence this warning
    let id = UUID()
        ^
/Users/keonta/Documents/MyChannel/MyChannel/Core/Services/PredictiveAnalyticsEngine.swift:579:9: note: make the property mutable instead
    let id = UUID()
    ~~~ ^
    var
/Users/keonta/Documents/MyChannel/MyChannel/Core/Services/PredictiveAnalyticsEngine.swift:596:9: warning: immutable property will not be decoded because it is declared with an initial value which cannot be overwritten
    let id = UUID()
        ^
/Users/keonta/Documents/MyChannel/MyChannel/Core/Services/PredictiveAnalyticsEngine.swift:596:9: note: set the initial value via the initializer or explicitly define a CodingKeys enum including a 'id' case to silence this warning
    let id = UUID()
        ^
/Users/keonta/Documents/MyChannel/MyChannel/Core/Services/PredictiveAnalyticsEngine.swift:596:9: note: make the property mutable instead
    let id = UUID()
    ~~~ ^
    var
/Users/keonta/Documents/MyChannel/MyChannel/Core/Services/PredictiveAnalyticsEngine.swift:609:9: warning: immutable property will not be decoded because it is declared with an initial value which cannot be overwritten
    let id = UUID()
        ^
/Users/keonta/Documents/MyChannel/MyChannel/Core/Services/PredictiveAnalyticsEngine.swift:609:9: note: set the initial value via the initializer or explicitly define a CodingKeys enum including a 'id' case to silence this warning
    let id = UUID()
        ^
/Users/keonta/Documents/MyChannel/MyChannel/Core/Services/PredictiveAnalyticsEngine.swift:609:9: note: make the property mutable instead
    let id = UUID()
    ~~~ ^
    var
/Users/keonta/Documents/MyChannel/MyChannel/Core/Services/PredictiveAnalyticsEngine.swift:638:9: warning: immutable property will not be decoded because it is declared with an initial value which cannot be overwritten
    let id = UUID()
        ^
/Users/keonta/Documents/MyChannel/MyChannel/Core/Services/PredictiveAnalyticsEngine.swift:638:9: note: set the initial value via the initializer or explicitly define a CodingKeys enum including a 'id' case to silence this warning
    let id = UUID()
        ^
/Users/keonta/Documents/MyChannel/MyChannel/Core/Services/PredictiveAnalyticsEngine.swift:638:9: note: make the property mutable instead
    let id = UUID()
    ~~~ ^
    var
/Users/keonta/Documents/MyChannel/MyChannel/Core/Services/PredictiveAnalyticsEngine.swift:579:9: warning: immutable property will not be decoded because it is declared with an initial value which cannot be overwritten
    let id = UUID()
        ^
/Users/keonta/Documents/MyChannel/MyChannel/Core/Services/PredictiveAnalyticsEngine.swift:579:9: note: set the initial value via the initializer or explicitly define a CodingKeys enum including a 'id' case to silence this warning
    let id = UUID()
        ^
/Users/keonta/Documents/MyChannel/MyChannel/Core/Services/PredictiveAnalyticsEngine.swift:579:9: note: make the property mutable instead
    let id = UUID()
    ~~~ ^
    var
/Users/keonta/Documents/MyChannel/MyChannel/Core/Services/PredictiveAnalyticsEngine.swift:596:9: warning: immutable property will not be decoded because it is declared with an initial value which cannot be overwritten
    let id = UUID()
        ^
/Users/keonta/Documents/MyChannel/MyChannel/Core/Services/PredictiveAnalyticsEngine.swift:596:9: note: set the initial value via the initializer or explicitly define a CodingKeys enum including a 'id' case to silence this warning
    let id = UUID()
        ^
/Users/keonta/Documents/MyChannel/MyChannel/Core/Services/PredictiveAnalyticsEngine.swift:596:9: note: make the property mutable instead
    let id = UUID()
    ~~~ ^
    var
/Users/keonta/Documents/MyChannel/MyChannel/Core/Services/PredictiveAnalyticsEngine.swift:609:9: warning: immutable property will not be decoded because it is declared with an initial value which cannot be overwritten
    let id = UUID()
        ^
/Users/keonta/Documents/MyChannel/MyChannel/Core/Services/PredictiveAnalyticsEngine.swift:609:9: note: set the initial value via the initializer or explicitly define a CodingKeys enum including a 'id' case to silence this warning
    let id = UUID()
        ^
/Users/keonta/Documents/MyChannel/MyChannel/Core/Services/PredictiveAnalyticsEngine.swift:609:9: note: make the property mutable instead
    let id = UUID()
    ~~~ ^
    var
/Users/keonta/Documents/MyChannel/MyChannel/Core/Services/PredictiveAnalyticsEngine.swift:638:9: warning: immutable property will not be decoded because it is declared with an initial value which cannot be overwritten
    let id = UUID()
        ^
/Users/keonta/Documents/MyChannel/MyChannel/Core/Services/PredictiveAnalyticsEngine.swift:638:9: note: set the initial value via the initializer or explicitly define a CodingKeys enum including a 'id' case to silence this warning
    let id = UUID()
        ^
/Users/keonta/Documents/MyChannel/MyChannel/Core/Services/PredictiveAnalyticsEngine.swift:638:9: note: make the property mutable instead
    let id = UUID()
    ~~~ ^
    var
/Users/keonta/Documents/MyChannel/MyChannel/Core/Services/PredictiveAnalyticsEngine.swift:579:9: warning: immutable property will not be decoded because it is declared with an initial value which cannot be overwritten
    let id = UUID()
        ^
/Users/keonta/Documents/MyChannel/MyChannel/Core/Services/PredictiveAnalyticsEngine.swift:579:9: note: set the initial value via the initializer or explicitly define a CodingKeys enum including a 'id' case to silence this warning
    let id = UUID()
        ^
/Users/keonta/Documents/MyChannel/MyChannel/Core/Services/PredictiveAnalyticsEngine.swift:579:9: note: make the property mutable instead
    let id = UUID()
    ~~~ ^
    var
/Users/keonta/Documents/MyChannel/MyChannel/Core/Services/PredictiveAnalyticsEngine.swift:596:9: warning: immutable property will not be decoded because it is declared with an initial value which cannot be overwritten
    let id = UUID()
        ^
/Users/keonta/Documents/MyChannel/MyChannel/Core/Services/PredictiveAnalyticsEngine.swift:596:9: note: set the initial value via the initializer or explicitly define a CodingKeys enum including a 'id' case to silence this warning
    let id = UUID()
        ^
/Users/keonta/Documents/MyChannel/MyChannel/Core/Services/PredictiveAnalyticsEngine.swift:596:9: note: make the property mutable instead
    let id = UUID()
    ~~~ ^
    var
/Users/keonta/Documents/MyChannel/MyChannel/Core/Services/PredictiveAnalyticsEngine.swift:609:9: warning: immutable property will not be decoded because it is declared with an initial value which cannot be overwritten
    let id = UUID()
        ^
/Users/keonta/Documents/MyChannel/MyChannel/Core/Services/PredictiveAnalyticsEngine.swift:609:9: note: set the initial value via the initializer or explicitly define a CodingKeys enum including a 'id' case to silence this warning
    let id = UUID()
        ^
/Users/keonta/Documents/MyChannel/MyChannel/Core/Services/PredictiveAnalyticsEngine.swift:609:9: note: make the property mutable instead
    let id = UUID()
    ~~~ ^
    var
/Users/keonta/Documents/MyChannel/MyChannel/Core/Services/PredictiveAnalyticsEngine.swift:638:9: warning: immutable property will not be decoded because it is declared with an initial value which cannot be overwritten
    let id = UUID()
        ^
/Users/keonta/Documents/MyChannel/MyChannel/Core/Services/PredictiveAnalyticsEngine.swift:638:9: note: set the initial value via the initializer or explicitly define a CodingKeys enum including a 'id' case to silence this warning
    let id = UUID()
        ^
/Users/keonta/Documents/MyChannel/MyChannel/Core/Services/PredictiveAnalyticsEngine.swift:638:9: note: make the property mutable instead
    let id = UUID()
    ~~~ ^
    var
/Users/keonta/Documents/MyChannel/MyChannel/Core/Services/PredictiveAnalyticsEngine.swift:579:9: warning: immutable property will not be decoded because it is declared with an initial value which cannot be overwritten
    let id = UUID()
        ^
/Users/keonta/Documents/MyChannel/MyChannel/Core/Services/PredictiveAnalyticsEngine.swift:579:9: note: set the initial value via the initializer or explicitly define a CodingKeys enum including a 'id' case to silence this warning
    let id = UUID()
        ^
/Users/keonta/Documents/MyChannel/MyChannel/Core/Services/PredictiveAnalyticsEngine.swift:579:9: note: make the property mutable instead
    let id = UUID()
    ~~~ ^
    var
/Users/keonta/Documents/MyChannel/MyChannel/Core/Services/PredictiveAnalyticsEngine.swift:596:9: warning: immutable property will not be decoded because it is declared with an initial value which cannot be overwritten
    let id = UUID()
        ^
/Users/keonta/Documents/MyChannel/MyChannel/Core/Services/PredictiveAnalyticsEngine.swift:596:9: note: set the initial value via the initializer or explicitly define a CodingKeys enum including a 'id' case to silence this warning
    let id = UUID()
        ^
/Users/keonta/Documents/MyChannel/MyChannel/Core/Services/PredictiveAnalyticsEngine.swift:596:9: note: make the property mutable instead
    let id = UUID()
    ~~~ ^
    var
/Users/keonta/Documents/MyChannel/MyChannel/Core/Services/PredictiveAnalyticsEngine.swift:609:9: warning: immutable property will not be decoded because it is declared with an initial value which cannot be overwritten
    let id = UUID()
        ^
/Users/keonta/Documents/MyChannel/MyChannel/Core/Services/PredictiveAnalyticsEngine.swift:609:9: note: set the initial value via the initializer or explicitly define a CodingKeys enum including a 'id' case to silence this warning
    let id = UUID()
        ^
/Users/keonta/Documents/MyChannel/MyChannel/Core/Services/PredictiveAnalyticsEngine.swift:609:9: note: make the property mutable instead
    let id = UUID()
    ~~~ ^
    var
/Users/keonta/Documents/MyChannel/MyChannel/Core/Services/PredictiveAnalyticsEngine.swift:638:9: warning: immutable property will not be decoded because it is declared with an initial value which cannot be overwritten
    let id = UUID()
        ^
/Users/keonta/Documents/MyChannel/MyChannel/Core/Services/PredictiveAnalyticsEngine.swift:638:9: note: set the initial value via the initializer or explicitly define a CodingKeys enum including a 'id' case to silence this warning
    let id = UUID()
        ^
/Users/keonta/Documents/MyChannel/MyChannel/Core/Services/PredictiveAnalyticsEngine.swift:638:9: note: make the property mutable instead
    let id = UUID()
    ~~~ ^
    var
/Users/keonta/Documents/MyChannel/MyChannel/Core/Services/PredictiveAnalyticsEngine.swift:579:9: warning: immutable property will not be decoded because it is declared with an initial value which cannot be overwritten
    let id = UUID()
        ^
/Users/keonta/Documents/MyChannel/MyChannel/Core/Services/PredictiveAnalyticsEngine.swift:579:9: note: set the initial value via the initializer or explicitly define a CodingKeys enum including a 'id' case to silence this warning
    let id = UUID()
        ^
/Users/keonta/Documents/MyChannel/MyChannel/Core/Services/PredictiveAnalyticsEngine.swift:579:9: note: make the property mutable instead
    let id = UUID()
    ~~~ ^
    var
/Users/keonta/Documents/MyChannel/MyChannel/Core/Services/PredictiveAnalyticsEngine.swift:596:9: warning: immutable property will not be decoded because it is declared with an initial value which cannot be overwritten
    let id = UUID()
        ^
/Users/keonta/Documents/MyChannel/MyChannel/Core/Services/PredictiveAnalyticsEngine.swift:596:9: note: set the initial value via the initializer or explicitly define a CodingKeys enum including a 'id' case to silence this warning
    let id = UUID()
        ^
/Users/keonta/Documents/MyChannel/MyChannel/Core/Services/PredictiveAnalyticsEngine.swift:596:9: note: make the property mutable instead
    let id = UUID()
    ~~~ ^
    var
/Users/keonta/Documents/MyChannel/MyChannel/Core/Services/PredictiveAnalyticsEngine.swift:609:9: warning: immutable property will not be decoded because it is declared with an initial value which cannot be overwritten
    let id = UUID()
        ^
/Users/keonta/Documents/MyChannel/MyChannel/Core/Services/PredictiveAnalyticsEngine.swift:609:9: note: set the initial value via the initializer or explicitly define a CodingKeys enum including a 'id' case to silence this warning
    let id = UUID()
        ^
/Users/keonta/Documents/MyChannel/MyChannel/Core/Services/PredictiveAnalyticsEngine.swift:609:9: note: make the property mutable instead
    let id = UUID()
    ~~~ ^
    var
/Users/keonta/Documents/MyChannel/MyChannel/Core/Services/PredictiveAnalyticsEngine.swift:638:9: warning: immutable property will not be decoded because it is declared with an initial value which cannot be overwritten
    let id = UUID()
        ^
/Users/keonta/Documents/MyChannel/MyChannel/Core/Services/PredictiveAnalyticsEngine.swift:638:9: note: set the initial value via the initializer or explicitly define a CodingKeys enum including a 'id' case to silence this warning
    let id = UUID()
        ^
/Users/keonta/Documents/MyChannel/MyChannel/Core/Services/PredictiveAnalyticsEngine.swift:638:9: note: make the property mutable instead
    let id = UUID()
    ~~~ ^
    var
/Users/keonta/Documents/MyChannel/MyChannel/Core/Services/PredictiveAnalyticsEngine.swift:579:9: warning: immutable property will not be decoded because it is declared with an initial value which cannot be overwritten
    let id = UUID()
        ^
/Users/keonta/Documents/MyChannel/MyChannel/Core/Services/PredictiveAnalyticsEngine.swift:579:9: note: set the initial value via the initializer or explicitly define a CodingKeys enum including a 'id' case to silence this warning
    let id = UUID()
        ^
/Users/keonta/Documents/MyChannel/MyChannel/Core/Services/PredictiveAnalyticsEngine.swift:579:9: note: make the property mutable instead
    let id = UUID()
    ~~~ ^
    var
/Users/keonta/Documents/MyChannel/MyChannel/Core/Services/PredictiveAnalyticsEngine.swift:596:9: warning: immutable property will not be decoded because it is declared with an initial value which cannot be overwritten
    let id = UUID()
        ^
/Users/keonta/Documents/MyChannel/MyChannel/Core/Services/PredictiveAnalyticsEngine.swift:596:9: note: set the initial value via the initializer or explicitly define a CodingKeys enum including a 'id' case to silence this warning
    let id = UUID()
        ^
/Users/keonta/Documents/MyChannel/MyChannel/Core/Services/PredictiveAnalyticsEngine.swift:596:9: note: make the property mutable instead
    let id = UUID()
    ~~~ ^
    var
/Users/keonta/Documents/MyChannel/MyChannel/Core/Services/PredictiveAnalyticsEngine.swift:609:9: warning: immutable property will not be decoded because it is declared with an initial value which cannot be overwritten
    let id = UUID()
        ^
/Users/keonta/Documents/MyChannel/MyChannel/Core/Services/PredictiveAnalyticsEngine.swift:609:9: note: set the initial value via the initializer or explicitly define a CodingKeys enum including a 'id' case to silence this warning
    let id = UUID()
        ^
/Users/keonta/Documents/MyChannel/MyChannel/Core/Services/PredictiveAnalyticsEngine.swift:609:9: note: make the property mutable instead
    let id = UUID()
    ~~~ ^
    var
/Users/keonta/Documents/MyChannel/MyChannel/Core/Services/PredictiveAnalyticsEngine.swift:638:9: warning: immutable property will not be decoded because it is declared with an initial value which cannot be overwritten
    let id = UUID()
        ^
/Users/keonta/Documents/MyChannel/MyChannel/Core/Services/PredictiveAnalyticsEngine.swift:638:9: note: set the initial value via the initializer or explicitly define a CodingKeys enum including a 'id' case to silence this warning
    let id = UUID()
        ^
/Users/keonta/Documents/MyChannel/MyChannel/Core/Services/PredictiveAnalyticsEngine.swift:638:9: note: make the property mutable instead
    let id = UUID()
    ~~~ ^
    var
/Users/keonta/Documents/MyChannel/MyChannel/Core/Services/PredictiveAnalyticsEngine.swift:579:9: warning: immutable property will not be decoded because it is declared with an initial value which cannot be overwritten
    let id = UUID()
        ^
/Users/keonta/Documents/MyChannel/MyChannel/Core/Services/PredictiveAnalyticsEngine.swift:579:9: note: set the initial value via the initializer or explicitly define a CodingKeys enum including a 'id' case to silence this warning
    let id = UUID()
        ^
/Users/keonta/Documents/MyChannel/MyChannel/Core/Services/PredictiveAnalyticsEngine.swift:579:9: note: make the property mutable instead
    let id = UUID()
    ~~~ ^
    var
/Users/keonta/Documents/MyChannel/MyChannel/Core/Services/PredictiveAnalyticsEngine.swift:596:9: warning: immutable property will not be decoded because it is declared with an initial value which cannot be overwritten
    let id = UUID()
        ^
/Users/keonta/Documents/MyChannel/MyChannel/Core/Services/PredictiveAnalyticsEngine.swift:596:9: note: set the initial value via the initializer or explicitly define a CodingKeys enum including a 'id' case to silence this warning
    let id = UUID()
        ^
/Users/keonta/Documents/MyChannel/MyChannel/Core/Services/PredictiveAnalyticsEngine.swift:596:9: note: make the property mutable instead
    let id = UUID()
    ~~~ ^
    var
/Users/keonta/Documents/MyChannel/MyChannel/Core/Services/PredictiveAnalyticsEngine.swift:609:9: warning: immutable property will not be decoded because it is declared with an initial value which cannot be overwritten
    let id = UUID()
        ^
/Users/keonta/Documents/MyChannel/MyChannel/Core/Services/PredictiveAnalyticsEngine.swift:609:9: note: set the initial value via the initializer or explicitly define a CodingKeys enum including a 'id' case to silence this warning
    let id = UUID()
        ^
/Users/keonta/Documents/MyChannel/MyChannel/Core/Services/PredictiveAnalyticsEngine.swift:609:9: note: make the property mutable instead
    let id = UUID()
    ~~~ ^
    var
/Users/keonta/Documents/MyChannel/MyChannel/Core/Services/PredictiveAnalyticsEngine.swift:638:9: warning: immutable property will not be decoded because it is declared with an initial value which cannot be overwritten
    let id = UUID()
        ^
/Users/keonta/Documents/MyChannel/MyChannel/Core/Services/PredictiveAnalyticsEngine.swift:638:9: note: set the initial value via the initializer or explicitly define a CodingKeys enum including a 'id' case to silence this warning
    let id = UUID()
        ^
/Users/keonta/Documents/MyChannel/MyChannel/Core/Services/PredictiveAnalyticsEngine.swift:638:9: note: make the property mutable instead
    let id = UUID()
    ~~~ ^
    var
/Users/keonta/Documents/MyChannel/MyChannel/Core/Services/PredictiveAnalyticsEngine.swift:579:9: warning: immutable property will not be decoded because it is declared with an initial value which cannot be overwritten
    let id = UUID()
        ^
/Users/keonta/Documents/MyChannel/MyChannel/Core/Services/PredictiveAnalyticsEngine.swift:579:9: note: set the initial value via the initializer or explicitly define a CodingKeys enum including a 'id' case to silence this warning
    let id = UUID()
        ^
/Users/keonta/Documents/MyChannel/MyChannel/Core/Services/PredictiveAnalyticsEngine.swift:579:9: note: make the property mutable instead
    let id = UUID()
    ~~~ ^
    var
/Users/keonta/Documents/MyChannel/MyChannel/Core/Services/PredictiveAnalyticsEngine.swift:596:9: warning: immutable property will not be decoded because it is declared with an initial value which cannot be overwritten
    let id = UUID()
        ^
/Users/keonta/Documents/MyChannel/MyChannel/Core/Services/PredictiveAnalyticsEngine.swift:596:9: note: set the initial value via the initializer or explicitly define a CodingKeys enum including a 'id' case to silence this warning
    let id = UUID()
        ^
/Users/keonta/Documents/MyChannel/MyChannel/Core/Services/PredictiveAnalyticsEngine.swift:596:9: note: make the property mutable instead
    let id = UUID()
    ~~~ ^
    var
/Users/keonta/Documents/MyChannel/MyChannel/Core/Services/PredictiveAnalyticsEngine.swift:609:9: warning: immutable property will not be decoded because it is declared with an initial value which cannot be overwritten
    let id = UUID()
        ^
/Users/keonta/Documents/MyChannel/MyChannel/Core/Services/PredictiveAnalyticsEngine.swift:609:9: note: set the initial value via the initializer or explicitly define a CodingKeys enum including a 'id' case to silence this warning
    let id = UUID()
        ^
/Users/keonta/Documents/MyChannel/MyChannel/Core/Services/PredictiveAnalyticsEngine.swift:609:9: note: make the property mutable instead
    let id = UUID()
    ~~~ ^
    var
/Users/keonta/Documents/MyChannel/MyChannel/Core/Services/PredictiveAnalyticsEngine.swift:638:9: warning: immutable property will not be decoded because it is declared with an initial value which cannot be overwritten
    let id = UUID()
        ^
/Users/keonta/Documents/MyChannel/MyChannel/Core/Services/PredictiveAnalyticsEngine.swift:638:9: note: set the initial value via the initializer or explicitly define a CodingKeys enum including a 'id' case to silence this warning
    let id = UUID()
        ^
/Users/keonta/Documents/MyChannel/MyChannel/Core/Services/PredictiveAnalyticsEngine.swift:638:9: note: make the property mutable instead
    let id = UUID()
    ~~~ ^
    var
/Users/keonta/Documents/MyChannel/MyChannel/Core/Services/PredictiveAnalyticsEngine.swift:579:9: warning: immutable property will not be decoded because it is declared with an initial value which cannot be overwritten
    let id = UUID()
        ^
/Users/keonta/Documents/MyChannel/MyChannel/Core/Services/PredictiveAnalyticsEngine.swift:579:9: note: set the initial value via the initializer or explicitly define a CodingKeys enum including a 'id' case to silence this warning
    let id = UUID()
        ^
/Users/keonta/Documents/MyChannel/MyChannel/Core/Services/PredictiveAnalyticsEngine.swift:579:9: note: make the property mutable instead
    let id = UUID()
    ~~~ ^
    var
/Users/keonta/Documents/MyChannel/MyChannel/Core/Services/PredictiveAnalyticsEngine.swift:596:9: warning: immutable property will not be decoded because it is declared with an initial value which cannot be overwritten
    let id = UUID()
        ^
/Users/keonta/Documents/MyChannel/MyChannel/Core/Services/PredictiveAnalyticsEngine.swift:596:9: note: set the initial value via the initializer or explicitly define a CodingKeys enum including a 'id' case to silence this warning
    let id = UUID()
        ^
/Users/keonta/Documents/MyChannel/MyChannel/Core/Services/PredictiveAnalyticsEngine.swift:596:9: note: make the property mutable instead
    let id = UUID()
    ~~~ ^
    var
/Users/keonta/Documents/MyChannel/MyChannel/Core/Services/PredictiveAnalyticsEngine.swift:609:9: warning: immutable property will not be decoded because it is declared with an initial value which cannot be overwritten
    let id = UUID()
        ^
/Users/keonta/Documents/MyChannel/MyChannel/Core/Services/PredictiveAnalyticsEngine.swift:609:9: note: set the initial value via the initializer or explicitly define a CodingKeys enum including a 'id' case to silence this warning
    let id = UUID()
        ^
/Users/keonta/Documents/MyChannel/MyChannel/Core/Services/PredictiveAnalyticsEngine.swift:609:9: note: make the property mutable instead
    let id = UUID()
    ~~~ ^
    var
/Users/keonta/Documents/MyChannel/MyChannel/Core/Services/PredictiveAnalyticsEngine.swift:638:9: warning: immutable property will not be decoded because it is declared with an initial value which cannot be overwritten
    let id = UUID()
        ^
/Users/keonta/Documents/MyChannel/MyChannel/Core/Services/PredictiveAnalyticsEngine.swift:638:9: note: set the initial value via the initializer or explicitly define a CodingKeys enum including a 'id' case to silence this warning
    let id = UUID()
        ^
/Users/keonta/Documents/MyChannel/MyChannel/Core/Services/PredictiveAnalyticsEngine.swift:638:9: note: make the property mutable instead
    let id = UUID()
    ~~~ ^
    var
/Users/keonta/Documents/MyChannel/MyChannel/Core/Services/PredictiveAnalyticsEngine.swift:579:9: warning: immutable property will not be decoded because it is declared with an initial value which cannot be overwritten
    let id = UUID()
        ^
/Users/keonta/Documents/MyChannel/MyChannel/Core/Services/PredictiveAnalyticsEngine.swift:579:9: note: set the initial value via the initializer or explicitly define a CodingKeys enum including a 'id' case to silence this warning
    let id = UUID()
        ^
/Users/keonta/Documents/MyChannel/MyChannel/Core/Services/PredictiveAnalyticsEngine.swift:579:9: note: make the property mutable instead
    let id = UUID()
    ~~~ ^
    var
/Users/keonta/Documents/MyChannel/MyChannel/Core/Services/PredictiveAnalyticsEngine.swift:596:9: warning: immutable property will not be decoded because it is declared with an initial value which cannot be overwritten
    let id = UUID()
        ^
/Users/keonta/Documents/MyChannel/MyChannel/Core/Services/PredictiveAnalyticsEngine.swift:596:9: note: set the initial value via the initializer or explicitly define a CodingKeys enum including a 'id' case to silence this warning
    let id = UUID()
        ^
/Users/keonta/Documents/MyChannel/MyChannel/Core/Services/PredictiveAnalyticsEngine.swift:596:9: note: make the property mutable instead
    let id = UUID()
    ~~~ ^
    var
/Users/keonta/Documents/MyChannel/MyChannel/Core/Services/PredictiveAnalyticsEngine.swift:609:9: warning: immutable property will not be decoded because it is declared with an initial value which cannot be overwritten
    let id = UUID()
        ^
/Users/keonta/Documents/MyChannel/MyChannel/Core/Services/PredictiveAnalyticsEngine.swift:609:9: note: set the initial value via the initializer or explicitly define a CodingKeys enum including a 'id' case to silence this warning
    let id = UUID()
        ^
/Users/keonta/Documents/MyChannel/MyChannel/Core/Services/PredictiveAnalyticsEngine.swift:609:9: note: make the property mutable instead
    let id = UUID()
    ~~~ ^
    var
/Users/keonta/Documents/MyChannel/MyChannel/Core/Services/PredictiveAnalyticsEngine.swift:638:9: warning: immutable property will not be decoded because it is declared with an initial value which cannot be overwritten
    let id = UUID()
        ^
/Users/keonta/Documents/MyChannel/MyChannel/Core/Services/PredictiveAnalyticsEngine.swift:638:9: note: set the initial value via the initializer or explicitly define a CodingKeys enum including a 'id' case to silence this warning
    let id = UUID()
        ^
/Users/keonta/Documents/MyChannel/MyChannel/Core/Services/PredictiveAnalyticsEngine.swift:638:9: note: make the property mutable instead
    let id = UUID()
    ~~~ ^
    var
/Users/keonta/Documents/MyChannel/MyChannel/Core/Services/PredictiveAnalyticsEngine.swift:579:9: warning: immutable property will not be decoded because it is declared with an initial value which cannot be overwritten
    let id = UUID()
        ^
/Users/keonta/Documents/MyChannel/MyChannel/Core/Services/PredictiveAnalyticsEngine.swift:579:9: note: set the initial value via the initializer or explicitly define a CodingKeys enum including a 'id' case to silence this warning
    let id = UUID()
        ^
/Users/keonta/Documents/MyChannel/MyChannel/Core/Services/PredictiveAnalyticsEngine.swift:579:9: note: make the property mutable instead
    let id = UUID()
    ~~~ ^
    var
/Users/keonta/Documents/MyChannel/MyChannel/Core/Services/PredictiveAnalyticsEngine.swift:596:9: warning: immutable property will not be decoded because it is declared with an initial value which cannot be overwritten
    let id = UUID()
        ^
/Users/keonta/Documents/MyChannel/MyChannel/Core/Services/PredictiveAnalyticsEngine.swift:596:9: note: set the initial value via the initializer or explicitly define a CodingKeys enum including a 'id' case to silence this warning
    let id = UUID()
        ^
/Users/keonta/Documents/MyChannel/MyChannel/Core/Services/PredictiveAnalyticsEngine.swift:596:9: note: make the property mutable instead
    let id = UUID()
    ~~~ ^
    var
/Users/keonta/Documents/MyChannel/MyChannel/Core/Services/PredictiveAnalyticsEngine.swift:609:9: warning: immutable property will not be decoded because it is declared with an initial value which cannot be overwritten
    let id = UUID()
        ^
/Users/keonta/Documents/MyChannel/MyChannel/Core/Services/PredictiveAnalyticsEngine.swift:609:9: note: set the initial value via the initializer or explicitly define a CodingKeys enum including a 'id' case to silence this warning
    let id = UUID()
        ^
/Users/keonta/Documents/MyChannel/MyChannel/Core/Services/PredictiveAnalyticsEngine.swift:609:9: note: make the property mutable instead
    let id = UUID()
    ~~~ ^
    var
/Users/keonta/Documents/MyChannel/MyChannel/Core/Services/PredictiveAnalyticsEngine.swift:638:9: warning: immutable property will not be decoded because it is declared with an initial value which cannot be overwritten
    let id = UUID()
        ^
/Users/keonta/Documents/MyChannel/MyChannel/Core/Services/PredictiveAnalyticsEngine.swift:638:9: note: set the initial value via the initializer or explicitly define a CodingKeys enum including a 'id' case to silence this warning
    let id = UUID()
        ^
/Users/keonta/Documents/MyChannel/MyChannel/Core/Services/PredictiveAnalyticsEngine.swift:638:9: note: make the property mutable instead
    let id = UUID()
    ~~~ ^
    var
/Users/keonta/Documents/MyChannel/MyChannel/Core/Services/PredictiveAnalyticsEngine.swift:579:9: warning: immutable property will not be decoded because it is declared with an initial value which cannot be overwritten
    let id = UUID()
        ^
/Users/keonta/Documents/MyChannel/MyChannel/Core/Services/PredictiveAnalyticsEngine.swift:579:9: note: set the initial value via the initializer or explicitly define a CodingKeys enum including a 'id' case to silence this warning
    let id = UUID()
        ^
/Users/keonta/Documents/MyChannel/MyChannel/Core/Services/PredictiveAnalyticsEngine.swift:579:9: note: make the property mutable instead
    let id = UUID()
    ~~~ ^
    var
/Users/keonta/Documents/MyChannel/MyChannel/Core/Services/PredictiveAnalyticsEngine.swift:596:9: warning: immutable property will not be decoded because it is declared with an initial value which cannot be overwritten
    let id = UUID()
        ^
/Users/keonta/Documents/MyChannel/MyChannel/Core/Services/PredictiveAnalyticsEngine.swift:596:9: note: set the initial value via the initializer or explicitly define a CodingKeys enum including a 'id' case to silence this warning
    let id = UUID()
        ^
/Users/keonta/Documents/MyChannel/MyChannel/Core/Services/PredictiveAnalyticsEngine.swift:596:9: note: make the property mutable instead
    let id = UUID()
    ~~~ ^
    var
/Users/keonta/Documents/MyChannel/MyChannel/Core/Services/PredictiveAnalyticsEngine.swift:609:9: warning: immutable property will not be decoded because it is declared with an initial value which cannot be overwritten
    let id = UUID()
        ^
/Users/keonta/Documents/MyChannel/MyChannel/Core/Services/PredictiveAnalyticsEngine.swift:609:9: note: set the initial value via the initializer or explicitly define a CodingKeys enum including a 'id' case to silence this warning
    let id = UUID()
        ^
/Users/keonta/Documents/MyChannel/MyChannel/Core/Services/PredictiveAnalyticsEngine.swift:609:9: note: make the property mutable instead
    let id = UUID()
    ~~~ ^
    var
/Users/keonta/Documents/MyChannel/MyChannel/Core/Services/PredictiveAnalyticsEngine.swift:638:9: warning: immutable property will not be decoded because it is declared with an initial value which cannot be overwritten
    let id = UUID()
        ^
/Users/keonta/Documents/MyChannel/MyChannel/Core/Services/PredictiveAnalyticsEngine.swift:638:9: note: set the initial value via the initializer or explicitly define a CodingKeys enum including a 'id' case to silence this warning
    let id = UUID()
        ^
/Users/keonta/Documents/MyChannel/MyChannel/Core/Services/PredictiveAnalyticsEngine.swift:638:9: note: make the property mutable instead
    let id = UUID()
    ~~~ ^
    var
/Users/keonta/Documents/MyChannel/MyChannel/Core/Services/PredictiveAnalyticsEngine.swift:579:9: warning: immutable property will not be decoded because it is declared with an initial value which cannot be overwritten
    let id = UUID()
        ^
/Users/keonta/Documents/MyChannel/MyChannel/Core/Services/PredictiveAnalyticsEngine.swift:579:9: note: set the initial value via the initializer or explicitly define a CodingKeys enum including a 'id' case to silence this warning
    let id = UUID()
        ^
/Users/keonta/Documents/MyChannel/MyChannel/Core/Services/PredictiveAnalyticsEngine.swift:579:9: note: make the property mutable instead
    let id = UUID()
    ~~~ ^
    var
/Users/keonta/Documents/MyChannel/MyChannel/Core/Services/PredictiveAnalyticsEngine.swift:596:9: warning: immutable property will not be decoded because it is declared with an initial value which cannot be overwritten
    let id = UUID()
        ^
/Users/keonta/Documents/MyChannel/MyChannel/Core/Services/PredictiveAnalyticsEngine.swift:596:9: note: set the initial value via the initializer or explicitly define a CodingKeys enum including a 'id' case to silence this warning
    let id = UUID()
        ^
/Users/keonta/Documents/MyChannel/MyChannel/Core/Services/PredictiveAnalyticsEngine.swift:596:9: note: make the property mutable instead
    let id = UUID()
    ~~~ ^
    var
/Users/keonta/Documents/MyChannel/MyChannel/Core/Services/PredictiveAnalyticsEngine.swift:609:9: warning: immutable property will not be decoded because it is declared with an initial value which cannot be overwritten
    let id = UUID()
        ^
/Users/keonta/Documents/MyChannel/MyChannel/Core/Services/PredictiveAnalyticsEngine.swift:609:9: note: set the initial value via the initializer or explicitly define a CodingKeys enum including a 'id' case to silence this warning
    let id = UUID()
        ^
/Users/keonta/Documents/MyChannel/MyChannel/Core/Services/PredictiveAnalyticsEngine.swift:609:9: note: make the property mutable instead
    let id = UUID()
    ~~~ ^
    var
/Users/keonta/Documents/MyChannel/MyChannel/Core/Services/PredictiveAnalyticsEngine.swift:638:9: warning: immutable property will not be decoded because it is declared with an initial value which cannot be overwritten
    let id = UUID()
        ^
/Users/keonta/Documents/MyChannel/MyChannel/Core/Services/PredictiveAnalyticsEngine.swift:638:9: note: set the initial value via the initializer or explicitly define a CodingKeys enum including a 'id' case to silence this warning
    let id = UUID()
        ^
/Users/keonta/Documents/MyChannel/MyChannel/Core/Services/PredictiveAnalyticsEngine.swift:638:9: note: make the property mutable instead
    let id = UUID()
    ~~~ ^
    var
/Users/keonta/Documents/MyChannel/MyChannel/Core/Services/PredictiveAnalyticsEngine.swift:579:9: warning: immutable property will not be decoded because it is declared with an initial value which cannot be overwritten
    let id = UUID()
        ^
/Users/keonta/Documents/MyChannel/MyChannel/Core/Services/PredictiveAnalyticsEngine.swift:579:9: note: set the initial value via the initializer or explicitly define a CodingKeys enum including a 'id' case to silence this warning
    let id = UUID()
        ^
/Users/keonta/Documents/MyChannel/MyChannel/Core/Services/PredictiveAnalyticsEngine.swift:579:9: note: make the property mutable instead
    let id = UUID()
    ~~~ ^
    var
/Users/keonta/Documents/MyChannel/MyChannel/Core/Services/PredictiveAnalyticsEngine.swift:596:9: warning: immutable property will not be decoded because it is declared with an initial value which cannot be overwritten
    let id = UUID()
        ^
/Users/keonta/Documents/MyChannel/MyChannel/Core/Services/PredictiveAnalyticsEngine.swift:596:9: note: set the initial value via the initializer or explicitly define a CodingKeys enum including a 'id' case to silence this warning
    let id = UUID()
        ^
/Users/keonta/Documents/MyChannel/MyChannel/Core/Services/PredictiveAnalyticsEngine.swift:596:9: note: make the property mutable instead
    let id = UUID()
    ~~~ ^
    var
/Users/keonta/Documents/MyChannel/MyChannel/Core/Services/PredictiveAnalyticsEngine.swift:609:9: warning: immutable property will not be decoded because it is declared with an initial value which cannot be overwritten
    let id = UUID()
        ^
/Users/keonta/Documents/MyChannel/MyChannel/Core/Services/PredictiveAnalyticsEngine.swift:609:9: note: set the initial value via the initializer or explicitly define a CodingKeys enum including a 'id' case to silence this warning
    let id = UUID()
        ^
/Users/keonta/Documents/MyChannel/MyChannel/Core/Services/PredictiveAnalyticsEngine.swift:609:9: note: make the property mutable instead
    let id = UUID()
    ~~~ ^
    var
/Users/keonta/Documents/MyChannel/MyChannel/Core/Services/PredictiveAnalyticsEngine.swift:638:9: warning: immutable property will not be decoded because it is declared with an initial value which cannot be overwritten
    let id = UUID()
        ^
/Users/keonta/Documents/MyChannel/MyChannel/Core/Services/PredictiveAnalyticsEngine.swift:638:9: note: set the initial value via the initializer or explicitly define a CodingKeys enum including a 'id' case to silence this warning
    let id = UUID()
        ^
/Users/keonta/Documents/MyChannel/MyChannel/Core/Services/PredictiveAnalyticsEngine.swift:638:9: note: make the property mutable instead
    let id = UUID()
    ~~~ ^
    var
/Users/keonta/Documents/MyChannel/MyChannel/Core/Services/PredictiveAnalyticsEngine.swift:579:9: warning: immutable property will not be decoded because it is declared with an initial value which cannot be overwritten
    let id = UUID()
        ^
/Users/keonta/Documents/MyChannel/MyChannel/Core/Services/PredictiveAnalyticsEngine.swift:579:9: note: set the initial value via the initializer or explicitly define a CodingKeys enum including a 'id' case to silence this warning
    let id = UUID()
        ^
/Users/keonta/Documents/MyChannel/MyChannel/Core/Services/PredictiveAnalyticsEngine.swift:579:9: note: make the property mutable instead
    let id = UUID()
    ~~~ ^
    var
/Users/keonta/Documents/MyChannel/MyChannel/Core/Services/PredictiveAnalyticsEngine.swift:596:9: warning: immutable property will not be decoded because it is declared with an initial value which cannot be overwritten
    let id = UUID()
        ^
/Users/keonta/Documents/MyChannel/MyChannel/Core/Services/PredictiveAnalyticsEngine.swift:596:9: note: set the initial value via the initializer or explicitly define a CodingKeys enum including a 'id' case to silence this warning
    let id = UUID()
        ^
/Users/keonta/Documents/MyChannel/MyChannel/Core/Services/PredictiveAnalyticsEngine.swift:596:9: note: make the property mutable instead
    let id = UUID()
    ~~~ ^
    var
/Users/keonta/Documents/MyChannel/MyChannel/Core/Services/PredictiveAnalyticsEngine.swift:609:9: warning: immutable property will not be decoded because it is declared with an initial value which cannot be overwritten
    let id = UUID()
        ^
/Users/keonta/Documents/MyChannel/MyChannel/Core/Services/PredictiveAnalyticsEngine.swift:609:9: note: set the initial value via the initializer or explicitly define a CodingKeys enum including a 'id' case to silence this warning
    let id = UUID()
        ^
/Users/keonta/Documents/MyChannel/MyChannel/Core/Services/PredictiveAnalyticsEngine.swift:609:9: note: make the property mutable instead
    let id = UUID()
    ~~~ ^
    var
/Users/keonta/Documents/MyChannel/MyChannel/Core/Services/PredictiveAnalyticsEngine.swift:638:9: warning: immutable property will not be decoded because it is declared with an initial value which cannot be overwritten
    let id = UUID()
        ^
/Users/keonta/Documents/MyChannel/MyChannel/Core/Services/PredictiveAnalyticsEngine.swift:638:9: note: set the initial value via the initializer or explicitly define a CodingKeys enum including a 'id' case to silence this warning
    let id = UUID()
        ^
/Users/keonta/Documents/MyChannel/MyChannel/Core/Services/PredictiveAnalyticsEngine.swift:638:9: note: make the property mutable instead
    let id = UUID()
    ~~~ ^
    var
/Users/keonta/Documents/MyChannel/MyChannel/Core/Services/PredictiveAnalyticsEngine.swift:579:9: warning: immutable property will not be decoded because it is declared with an initial value which cannot be overwritten
    let id = UUID()
        ^
/Users/keonta/Documents/MyChannel/MyChannel/Core/Services/PredictiveAnalyticsEngine.swift:579:9: note: set the initial value via the initializer or explicitly define a CodingKeys enum including a 'id' case to silence this warning
    let id = UUID()
        ^
/Users/keonta/Documents/MyChannel/MyChannel/Core/Services/PredictiveAnalyticsEngine.swift:579:9: note: make the property mutable instead
    let id = UUID()
    ~~~ ^
    var
/Users/keonta/Documents/MyChannel/MyChannel/Core/Services/PredictiveAnalyticsEngine.swift:596:9: warning: immutable property will not be decoded because it is declared with an initial value which cannot be overwritten
    let id = UUID()
        ^
/Users/keonta/Documents/MyChannel/MyChannel/Core/Services/PredictiveAnalyticsEngine.swift:596:9: note: set the initial value via the initializer or explicitly define a CodingKeys enum including a 'id' case to silence this warning
    let id = UUID()
        ^
/Users/keonta/Documents/MyChannel/MyChannel/Core/Services/PredictiveAnalyticsEngine.swift:596:9: note: make the property mutable instead
    let id = UUID()
    ~~~ ^
    var
/Users/keonta/Documents/MyChannel/MyChannel/Core/Services/PredictiveAnalyticsEngine.swift:609:9: warning: immutable property will not be decoded because it is declared with an initial value which cannot be overwritten
    let id = UUID()
        ^
/Users/keonta/Documents/MyChannel/MyChannel/Core/Services/PredictiveAnalyticsEngine.swift:609:9: note: set the initial value via the initializer or explicitly define a CodingKeys enum including a 'id' case to silence this warning
    let id = UUID()
        ^
/Users/keonta/Documents/MyChannel/MyChannel/Core/Services/PredictiveAnalyticsEngine.swift:609:9: note: make the property mutable instead
    let id = UUID()
    ~~~ ^
    var
/Users/keonta/Documents/MyChannel/MyChannel/Core/Services/PredictiveAnalyticsEngine.swift:638:9: warning: immutable property will not be decoded because it is declared with an initial value which cannot be overwritten
    let id = UUID()
        ^
/Users/keonta/Documents/MyChannel/MyChannel/Core/Services/PredictiveAnalyticsEngine.swift:638:9: note: set the initial value via the initializer or explicitly define a CodingKeys enum including a 'id' case to silence this warning
    let id = UUID()
        ^
/Users/keonta/Documents/MyChannel/MyChannel/Core/Services/PredictiveAnalyticsEngine.swift:638:9: note: make the property mutable instead
    let id = UUID()
    ~~~ ^
    var
/Users/keonta/Documents/MyChannel/MyChannel/Core/Services/PredictiveAnalyticsEngine.swift:579:9: warning: immutable property will not be decoded because it is declared with an initial value which cannot be overwritten
    let id = UUID()
        ^
/Users/keonta/Documents/MyChannel/MyChannel/Core/Services/PredictiveAnalyticsEngine.swift:579:9: note: set the initial value via the initializer or explicitly define a CodingKeys enum including a 'id' case to silence this warning
    let id = UUID()
        ^
/Users/keonta/Documents/MyChannel/MyChannel/Core/Services/PredictiveAnalyticsEngine.swift:579:9: note: make the property mutable instead
    let id = UUID()
    ~~~ ^
    var
/Users/keonta/Documents/MyChannel/MyChannel/Core/Services/PredictiveAnalyticsEngine.swift:596:9: warning: immutable property will not be decoded because it is declared with an initial value which cannot be overwritten
    let id = UUID()
        ^
/Users/keonta/Documents/MyChannel/MyChannel/Core/Services/PredictiveAnalyticsEngine.swift:596:9: note: set the initial value via the initializer or explicitly define a CodingKeys enum including a 'id' case to silence this warning
    let id = UUID()
        ^
/Users/keonta/Documents/MyChannel/MyChannel/Core/Services/PredictiveAnalyticsEngine.swift:596:9: note: make the property mutable instead
    let id = UUID()
    ~~~ ^
    var
/Users/keonta/Documents/MyChannel/MyChannel/Core/Services/PredictiveAnalyticsEngine.swift:609:9: warning: immutable property will not be decoded because it is declared with an initial value which cannot be overwritten
    let id = UUID()
        ^
/Users/keonta/Documents/MyChannel/MyChannel/Core/Services/PredictiveAnalyticsEngine.swift:609:9: note: set the initial value via the initializer or explicitly define a CodingKeys enum including a 'id' case to silence this warning
    let id = UUID()
        ^
/Users/keonta/Documents/MyChannel/MyChannel/Core/Services/PredictiveAnalyticsEngine.swift:609:9: note: make the property mutable instead
    let id = UUID()
    ~~~ ^
    var
/Users/keonta/Documents/MyChannel/MyChannel/Core/Services/PredictiveAnalyticsEngine.swift:638:9: warning: immutable property will not be decoded because it is declared with an initial value which cannot be overwritten
    let id = UUID()
        ^
/Users/keonta/Documents/MyChannel/MyChannel/Core/Services/PredictiveAnalyticsEngine.swift:638:9: note: set the initial value via the initializer or explicitly define a CodingKeys enum including a 'id' case to silence this warning
    let id = UUID()
        ^
/Users/keonta/Documents/MyChannel/MyChannel/Core/Services/PredictiveAnalyticsEngine.swift:638:9: note: make the property mutable instead
    let id = UUID()
    ~~~ ^
    var
/Users/keonta/Documents/MyChannel/MyChannel/Core/Services/QueryProcessor.swift:131:31: warning: immutable value 'channelName' was never used; consider replacing with '_' or removing it
            case .channel(let channelName):
                          ~~~~^~~~~~~~~~~
                          _
/Users/keonta/Documents/MyChannel/MyChannel/Core/Services/RealtimeAnalyticsWebSocket.swift:294:39: warning: no 'async' operations occur within 'await' expression
                      let creatorId = await AuthenticationManager.shared.currentUser?.id else {
                                      ^
/Users/keonta/Documents/MyChannel/MyChannel/Core/Services/RealTimeRevenueTracker.swift:209:17: warning: initialization of immutable value 'hourEnd' was never used; consider replacing with assignment to '_' or removing it
            let hourEnd = calendar.date(byAdding: .hour, value: 1, to: hourDate)!
            ~~~~^~~~~~~
            _
/Users/keonta/Documents/MyChannel/MyChannel/Features/Growth/LocalizationService.swift:81:20: warning: no 'async' operations occur within 'await' expression
            title: await generateLocalizedAppTitle(for: locale),
                   ^
/Users/keonta/Documents/MyChannel/MyChannel/Features/Growth/LocalizationService.swift:82:23: warning: no 'async' operations occur within 'await' expression
            subtitle: await generateLocalizedSubtitle(for: locale, category: category),
                      ^
/Users/keonta/Documents/MyChannel/MyChannel/Features/Growth/LocalizationService.swift:84:26: warning: no 'async' operations occur within 'await' expression
            description: await generateLocalizedDescription(for: locale),
                         ^
/Users/keonta/Documents/MyChannel/MyChannel/Features/Growth/LocalizationService.swift:85:33: warning: no 'async' operations occur within 'await' expression
            screenshotCaptions: await generateScreenshotCaptions(for: locale),
                                ^
/Users/keonta/Documents/MyChannel/MyChannel/Features/Growth/LocalizationService.swift:86:24: warning: no 'async' operations occur within 'await' expression
            promoText: await generatePromoText(for: locale),
                       ^
/Users/keonta/Documents/MyChannel/MyChannel/Features/Growth/LocalizationService.swift:133:29: warning: no 'async' operations occur within 'await' expression
        let localizedTags = await generateLocalizedTags(for: locale)
                            ^
/Users/keonta/Documents/MyChannel/MyChannel/Features/Home/Stories/AssetStoriesPagerView.swift:523:25: warning: immutable value 'resource' was never used; consider replacing with '_' or removing it
        case .video(let resource):
                    ~~~~^~~~~~~~
                    _
/Users/keonta/Documents/MyChannel/MyChannel/Features/Home/Stories/AssetStoriesPagerView.swift:1112:13: warning: default will never be executed
            default:
            ^
/Users/keonta/Documents/MyChannel/MyChannel/Core/Services/NeuralContentEvolutionEngine.swift:664:9: warning: immutable property will not be decoded because it is declared with an initial value which cannot be overwritten
    let id = UUID()
        ^
/Users/keonta/Documents/MyChannel/MyChannel/Core/Services/NeuralContentEvolutionEngine.swift:664:9: note: set the initial value via the initializer or explicitly define a CodingKeys enum including a 'id' case to silence this warning
    let id = UUID()
        ^
/Users/keonta/Documents/MyChannel/MyChannel/Core/Services/NeuralContentEvolutionEngine.swift:664:9: note: make the property mutable instead
    let id = UUID()
    ~~~ ^
    var
/Users/keonta/Documents/MyChannel/MyChannel/Core/Services/NeuralContentEvolutionEngine.swift:664:9: warning: immutable property will not be decoded because it is declared with an initial value which cannot be overwritten
    let id = UUID()
        ^
/Users/keonta/Documents/MyChannel/MyChannel/Core/Services/NeuralContentEvolutionEngine.swift:664:9: note: set the initial value via the initializer or explicitly define a CodingKeys enum including a 'id' case to silence this warning
    let id = UUID()
        ^
/Users/keonta/Documents/MyChannel/MyChannel/Core/Services/NeuralContentEvolutionEngine.swift:664:9: note: make the property mutable instead
    let id = UUID()
    ~~~ ^
    var
/Users/keonta/Documents/MyChannel/MyChannel/Core/Services/NeuralContentEvolutionEngine.swift:664:9: warning: immutable property will not be decoded because it is declared with an initial value which cannot be overwritten
    let id = UUID()
        ^
/Users/keonta/Documents/MyChannel/MyChannel/Core/Services/NeuralContentEvolutionEngine.swift:664:9: note: set the initial value via the initializer or explicitly define a CodingKeys enum including a 'id' case to silence this warning
    let id = UUID()
        ^
/Users/keonta/Documents/MyChannel/MyChannel/Core/Services/NeuralContentEvolutionEngine.swift:664:9: note: make the property mutable instead
    let id = UUID()
    ~~~ ^
    var
/Users/keonta/Documents/MyChannel/MyChannel/Core/Services/NewUserDiscoveryEngine.swift:126:13: warning: variable 'query' was never mutated; consider changing to 'let' constant
        var query = db.collection("videos")
        ~~~ ^
        let
/Users/keonta/Documents/MyChannel/MyChannel/Core/Services/NewUserDiscoveryEngine.swift:162:13: warning: variable 'query' was never mutated; consider changing to 'let' constant
        var query = db.collection("videos")
        ~~~ ^
        let
/Users/keonta/Documents/MyChannel/MyChannel/Core/Services/NewUserDiscoveryEngine.swift:197:13: warning: variable 'query' was never mutated; consider changing to 'let' constant
        var query = db.collection("videos")
        ~~~ ^
        let
/Users/keonta/Documents/MyChannel/MyChannel/Core/Services/NewUserDiscoveryEngine.swift:350:17: warning: variable 'boostedVideo' was never mutated; consider changing to 'let' constant
            var boostedVideo = video
            ~~~ ^
            let
/Users/keonta/Documents/MyChannel/MyChannel/Core/Services/NeuralContentEvolutionEngine.swift:664:9: warning: immutable property will not be decoded because it is declared with an initial value which cannot be overwritten
    let id = UUID()
        ^
/Users/keonta/Documents/MyChannel/MyChannel/Core/Services/NeuralContentEvolutionEngine.swift:664:9: note: set the initial value via the initializer or explicitly define a CodingKeys enum including a 'id' case to silence this warning
    let id = UUID()
        ^
/Users/keonta/Documents/MyChannel/MyChannel/Core/Services/NeuralContentEvolutionEngine.swift:664:9: note: make the property mutable instead
    let id = UUID()
    ~~~ ^
    var
/Users/keonta/Documents/MyChannel/MyChannel/Core/Services/NeuralContentEvolutionEngine.swift:664:9: warning: immutable property will not be decoded because it is declared with an initial value which cannot be overwritten
    let id = UUID()
        ^
/Users/keonta/Documents/MyChannel/MyChannel/Core/Services/NeuralContentEvolutionEngine.swift:664:9: note: set the initial value via the initializer or explicitly define a CodingKeys enum including a 'id' case to silence this warning
    let id = UUID()
        ^
/Users/keonta/Documents/MyChannel/MyChannel/Core/Services/NeuralContentEvolutionEngine.swift:664:9: note: make the property mutable instead
    let id = UUID()
    ~~~ ^
    var
/Users/keonta/Documents/MyChannel/MyChannel/Features/Admin/StrikeReviewView.swift:1407:13: warning: result of 'try?' is unused
            try? await db.collection("userNotifications").addDocument(data: notification)
            ^~~~~~~~~~~~~~~~~~~~~~~~~~~~~~~~~~~~~~~~~~~~~~~~~~~~~~~~~~~~~~~~~~~~~~~~~~~~~
/Users/keonta/Documents/MyChannel/MyChannel/Features/Admin/StrikeReviewView.swift:1550:13: warning: result of 'try?' is unused
            try? await db.collection("strikeCases").addDocument(data: data)
            ^~~~~~~~~~~~~~~~~~~~~~~~~~~~~~~~~~~~~~~~~~~~~~~~~~~~~~~~~~~~~~~
/Users/keonta/Documents/MyChannel/MyChannel/Features/Admin/StrikeReviewView.swift:1566:9: warning: result of 'try?' is unused
        try? await db.collection("userNotifications").addDocument(data: data)
        ^~~~~~~~~~~~~~~~~~~~~~~~~~~~~~~~~~~~~~~~~~~~~~~~~~~~~~~~~~~~~~~~~~~~~
/Users/keonta/Documents/MyChannel/MyChannel/Features/Admin/StrikeReviewView.swift:1545:51: warning: will never be executed
                "aiRecommendation": aiRisk > 70 ? "Issue Strike" : "Give Warning",
                                                  ^
/Users/keonta/Documents/MyChannel/MyChannel/Features/Admin/StrikeReviewView.swift:1545:44: note: condition always evaluates to false
                "aiRecommendation": aiRisk > 70 ? "Issue Strike" : "Give Warning",
                                           ^
/Users/keonta/Documents/MyChannel/MyChannel/Features/Ads/CampaignCreatorView.swift:357:79: warning: left side of nil coalescing operator '??' has non-optional type 'Int', so the right side is never used
                Text(creative.type == .video ? "Video • \(creative.duration ?? 0)s" : "Image • \(creative.dimensions)")
/Users/keonta/Documents/MyChannel/MyChannel/Features/Ads/CampaignCreatorView.swift:357:102: warning: string interpolation produces a debug description for an optional value; did you mean to make this explicit?
                Text(creative.type == .video ? "Video • \(creative.duration ?? 0)s" : "Image • \(creative.dimensions)")
/Users/keonta/Documents/MyChannel/MyChannel/Features/Ads/CampaignCreatorView.swift:357:111: note: provide a default value to avoid this warning
                Text(creative.type == .video ? "Video • \(creative.duration ?? 0)s" : "Image • \(creative.dimensions)")
/Users/keonta/Documents/MyChannel/MyChannel/Features/Ads/CampaignCreatorView.swift:357:111: note: use 'String(describing:)' to silence this warning
                Text(creative.type == .video ? "Video • \(creative.duration ?? 0)s" : "Image • \(creative.dimensions)")
/Users/keonta/Documents/MyChannel/MyChannel/Features/Ads/CampaignCreatorView.swift:357:101: warning: 'appendInterpolation' is deprecated: Localized string interpolation produces an unlocalized, debug description for this type of value. Use a type supported by LocalizedStringKey.StringInterpolation or initialize a LocalizedStringResource instead with an interpolated value that conforms to CustomLocalizedStringResourceConvertible.
                Text(creative.type == .video ? "Video • \(creative.duration ?? 0)s" : "Image • \(creative.dimensions)")
/Users/keonta/Documents/MyChannel/MyChannel/Features/Ads/CampaignCreatorView.swift:736:13: warning: variable 'width' was never used; consider replacing with '_' or removing it
        var width: CGFloat = 0
            ^~~~~
            _
/Users/keonta/Documents/MyChannel/MyChannel/Features/Ads/CampaignCreatorView.swift:737:13: warning: variable 'height' was never used; consider replacing with '_' or removing it
        var height: CGFloat = 0
            ^~~~~~
            _
/Users/keonta/Documents/MyChannel/MyChannel/Features/AICoCreator/AICoCreatorView.swift:443:21: warning: initialization of immutable value 'script' was never used; consider replacing with assignment to '_' or removing it
                let script = try await aiService.generateScript(
                ~~~~^~~~~~
                _
/Users/keonta/Documents/MyChannel/MyChannel/Core/Services/StreamerAwardsVotingService.swift:138:21: warning: result of call to 'addStateDidChangeListener' is unused
        Auth.auth().addStateDidChangeListener { [weak self] _, user in
                    ^                         ~~~~~~~~~~~~~~~~~~~~~~~~
/Users/keonta/Documents/MyChannel/MyChannel/Core/Services/StreamProcessingEngine.swift:319:9: warning: immutable property will not be decoded because it is declared with an initial value which cannot be overwritten
    let id: String = UUID().uuidString
        ^
/Users/keonta/Documents/MyChannel/MyChannel/Core/Services/StreamProcessingEngine.swift:319:9: note: set the initial value via the initializer or explicitly define a CodingKeys enum including a 'id' case to silence this warning
    let id: String = UUID().uuidString
        ^
/Users/keonta/Documents/MyChannel/MyChannel/Core/Services/StreamProcessingEngine.swift:319:9: note: make the property mutable instead
    let id: String = UUID().uuidString
    ~~~ ^
    var
/Users/keonta/Documents/MyChannel/MyChannel/Core/Services/StreamProcessingEngine.swift:322:9: warning: immutable property will not be decoded because it is declared with an initial value which cannot be overwritten
    let timestamp: Date = Date()
        ^
/Users/keonta/Documents/MyChannel/MyChannel/Core/Services/StreamProcessingEngine.swift:322:9: note: set the initial value via the initializer or explicitly define a CodingKeys enum including a 'timestamp' case to silence this warning
    let timestamp: Date = Date()
        ^
/Users/keonta/Documents/MyChannel/MyChannel/Core/Services/StreamProcessingEngine.swift:322:9: note: make the property mutable instead
    let timestamp: Date = Date()
    ~~~ ^
    var
/Users/keonta/Documents/MyChannel/MyChannel/Core/Services/StripeConnectService.swift:220:13: warning: initialization of immutable value 'amountInCents' was never used; consider replacing with assignment to '_' or removing it
        let amountInCents = Int(amount * 100)
        ~~~~^~~~~~~~~~~~~
        _
/Users/keonta/Documents/MyChannel/MyChannel/Core/Services/SubscriptionNotificationService.swift:61:17: warning: no 'async' operations occur within 'await' expression
                await UIApplication.shared.registerForRemoteNotifications()
                ^
/Users/keonta/Documents/MyChannel/MyChannel/Core/Services/SubscriptionTiersService.swift:99:42: warning: immutable value 'renewal' was never used; consider replacing with '_' or removing it
                guard case .verified(let renewal) = status.renewalInfo,
                                     ~~~~^~~~~~~
                                     _
/Users/keonta/Documents/MyChannel/MyChannel/Core/Services/TeamCollaborationService.swift:76:13: warning: initialization of immutable value 'decoder' was never used; consider replacing with assignment to '_' or removing it
        let decoder = ISO8601DateFormatter()
        ~~~~^~~~~~~
        _
/Users/keonta/Documents/MyChannel/MyChannel/Core/Services/TeamCollaborationService.swift:112:13: warning: initialization of immutable value 'decoder' was never used; consider replacing with assignment to '_' or removing it
        let decoder = ISO8601DateFormatter()
        ~~~~^~~~~~~
        _
/Users/keonta/Documents/MyChannel/MyChannel/Core/Services/TeamCollaborationService.swift:153:13: warning: initialization of immutable value 'decoder' was never used; consider replacing with assignment to '_' or removing it
        let decoder = ISO8601DateFormatter()
        ~~~~^~~~~~~
        _
/Users/keonta/Documents/MyChannel/MyChannel/Features/Admin/StrikeReviewView.swift:1407:13: warning: result of 'try?' is unused
            try? await db.collection("userNotifications").addDocument(data: notification)
            ^~~~~~~~~~~~~~~~~~~~~~~~~~~~~~~~~~~~~~~~~~~~~~~~~~~~~~~~~~~~~~~~~~~~~~~~~~~~~
/Users/keonta/Documents/MyChannel/MyChannel/Features/Admin/StrikeReviewView.swift:1550:13: warning: result of 'try?' is unused
            try? await db.collection("strikeCases").addDocument(data: data)
            ^~~~~~~~~~~~~~~~~~~~~~~~~~~~~~~~~~~~~~~~~~~~~~~~~~~~~~~~~~~~~~~
/Users/keonta/Documents/MyChannel/MyChannel/Features/Admin/StrikeReviewView.swift:1566:9: warning: result of 'try?' is unused
        try? await db.collection("userNotifications").addDocument(data: data)
        ^~~~~~~~~~~~~~~~~~~~~~~~~~~~~~~~~~~~~~~~~~~~~~~~~~~~~~~~~~~~~~~~~~~~~
/Users/keonta/Documents/MyChannel/MyChannel/Features/Admin/StrikeReviewView.swift:1545:51: warning: will never be executed
                "aiRecommendation": aiRisk > 70 ? "Issue Strike" : "Give Warning",
                                                  ^
/Users/keonta/Documents/MyChannel/MyChannel/Features/Admin/StrikeReviewView.swift:1545:44: note: condition always evaluates to false
                "aiRecommendation": aiRisk > 70 ? "Issue Strike" : "Give Warning",
                                           ^
/Users/keonta/Documents/MyChannel/MyChannel/Features/Ads/CampaignCreatorView.swift:357:79: warning: left side of nil coalescing operator '??' has non-optional type 'Int', so the right side is never used
                Text(creative.type == .video ? "Video • \(creative.duration ?? 0)s" : "Image • \(creative.dimensions)")
/Users/keonta/Documents/MyChannel/MyChannel/Features/Ads/CampaignCreatorView.swift:357:102: warning: string interpolation produces a debug description for an optional value; did you mean to make this explicit?
                Text(creative.type == .video ? "Video • \(creative.duration ?? 0)s" : "Image • \(creative.dimensions)")
/Users/keonta/Documents/MyChannel/MyChannel/Features/Ads/CampaignCreatorView.swift:357:111: note: provide a default value to avoid this warning
                Text(creative.type == .video ? "Video • \(creative.duration ?? 0)s" : "Image • \(creative.dimensions)")
/Users/keonta/Documents/MyChannel/MyChannel/Features/Ads/CampaignCreatorView.swift:357:111: note: use 'String(describing:)' to silence this warning
                Text(creative.type == .video ? "Video • \(creative.duration ?? 0)s" : "Image • \(creative.dimensions)")
/Users/keonta/Documents/MyChannel/MyChannel/Features/Ads/CampaignCreatorView.swift:357:101: warning: 'appendInterpolation' is deprecated: Localized string interpolation produces an unlocalized, debug description for this type of value. Use a type supported by LocalizedStringKey.StringInterpolation or initialize a LocalizedStringResource instead with an interpolated value that conforms to CustomLocalizedStringResourceConvertible.
                Text(creative.type == .video ? "Video • \(creative.duration ?? 0)s" : "Image • \(creative.dimensions)")
/Users/keonta/Documents/MyChannel/MyChannel/Features/Ads/CampaignCreatorView.swift:736:13: warning: variable 'width' was never used; consider replacing with '_' or removing it
        var width: CGFloat = 0
            ^~~~~
            _
/Users/keonta/Documents/MyChannel/MyChannel/Features/Ads/CampaignCreatorView.swift:737:13: warning: variable 'height' was never used; consider replacing with '_' or removing it
        var height: CGFloat = 0
            ^~~~~~
            _
/Users/keonta/Documents/MyChannel/MyChannel/Features/AICoCreator/AICoCreatorView.swift:443:21: warning: initialization of immutable value 'script' was never used; consider replacing with assignment to '_' or removing it
                let script = try await aiService.generateScript(
                ~~~~^~~~~~
                _
/Users/keonta/Documents/MyChannel/MyChannel/Core/Services/RevenueAttributionService.swift:97:21: warning: keyword 'return' does not need to be escaped in argument list
                    `return`: $0.return,
                    ^      ~
                           
/Users/keonta/Documents/MyChannel/MyChannel/Features/Profile/ProfileView.swift:1308:61: warning: result of call to 'downloadVideo(_:quality:)' is unused
                    try await OfflineDownloadService.shared.downloadVideo(video)
                                                            ^            ~~~~~~~
/Users/keonta/Documents/MyChannel/MyChannel/Features/Stories/StoryViewerView.swift:252:17: warning: no 'async' operations occur within 'await' expression
                await StoryViewTracker.shared.stopTracking()
                ^
/Users/keonta/Documents/MyChannel/MyChannel/Features/Stories/StoryViewerView.swift:404:51: warning: main actor-isolated property 'viewerCount' can not be referenced from a Sendable closure
            viewerCount = StoryViewTracker.shared.viewerCount
                                                  ^
/Users/keonta/Documents/MyChannel/MyChannel/Core/Services/StoryViewTracker.swift:21:20: note: property declared here
    @Published var viewerCount: Int = 0
                   ^
/Users/keonta/Documents/MyChannel/MyChannel/Features/Stories/StoryViewerView.swift:404:44: warning: main actor-isolated static property 'shared' can not be referenced from a Sendable closure
            viewerCount = StoryViewTracker.shared.viewerCount
                                           ^
/Users/keonta/Documents/MyChannel/MyChannel/Core/Services/StoryViewTracker.swift:19:16: note: static property declared here
    static let shared = StoryViewTracker()
               ^
/Users/keonta/Documents/MyChannel/MyChannel/Features/Studio/InfoCardsEditorView.swift:69:25: warning: result of 'try?' is unused
                        try? await service.createCard(newCard)
                        ^~~~~~~~~~~~~~~~~~~~~~~~~~~~~~~~~~~~~~
/Users/keonta/Documents/MyChannel/MyChannel/Features/Studio/InfoCardsEditorView.swift:81:25: warning: result of 'try?' is unused
                        try? await service.updateCard(updatedCard)
                        ^~~~~~~~~~~~~~~~~~~~~~~~~~~~~~~~~~~~~~~~~~
/Users/keonta/Documents/MyChannel/MyChannel/Features/Studio/MembershipsManagerView.swift:20:96: warning: no calls to throwing functions occur within 'try' expression
                Toggle("Enable Tips", isOn: Binding(get: { tipsEnabled }, set: { val in Task { try? await toggleTips(val) } }))
                                                                                               ^
/Users/keonta/Documents/MyChannel/MyChannel/Features/Studio/MembershipsManagerView.swift:21:110: warning: no calls to throwing functions occur within 'try' expression
                Toggle("Enable Memberships", isOn: Binding(get: { membershipsEnabled }, set: { val in Task { try? await toggleMemberships(val) } }))
                                                                                                             ^
/Users/keonta/Documents/MyChannel/MyChannel/Core/Services/OMIDViewabilityService.swift:94:38: warning: main actor-isolated property 'activeImpressions' can not be referenced from a Sendable closure
            guard var session = self.activeImpressions[impressionId] else {
                                     ^
/Users/keonta/Documents/MyChannel/MyChannel/Core/Services/OMIDViewabilityService.swift:26:17: note: property declared here
    private var activeImpressions: [String: ViewabilitySession] = [:]
                ^
/Users/keonta/Documents/MyChannel/MyChannel/Core/Services/OMIDViewabilityService.swift:99:21: warning: call to main actor-isolated instance method 'isAdViewable' in a synchronous nonisolated context
            if self.isAdViewable(session.adView) {
                    ^
/Users/keonta/Documents/MyChannel/MyChannel/Core/Services/OMIDViewabilityService.swift:112:18: note: calls to instance method 'isAdViewable' from outside of its actor context are implicitly asynchronous
    private func isAdViewable(_ adView: UIView?) -> Bool {
                 ^
/Users/keonta/Documents/MyChannel/MyChannel/Core/Services/OMIDViewabilityService.swift:104:22: warning: main actor-isolated property 'activeImpressions' can not be mutated from a Sendable closure
                self.activeImpressions[impressionId] = session
                     ^
/Users/keonta/Documents/MyChannel/MyChannel/Core/Services/OMIDViewabilityService.swift:26:17: note: mutation of this property is only permitted within the actor
    private var activeImpressions: [String: ViewabilitySession] = [:]
                ^
/Users/keonta/Documents/MyChannel/MyChannel/Core/Services/OMIDViewabilityService.swift:107:22: warning: main actor-isolated property 'activeImpressions' can not be mutated from a Sendable closure
                self.activeImpressions[impressionId] = session
                     ^
/Users/keonta/Documents/MyChannel/MyChannel/Core/Services/OMIDViewabilityService.swift:26:17: note: mutation of this property is only permitted within the actor
    private var activeImpressions: [String: ViewabilitySession] = [:]
                ^
/Users/keonta/Documents/MyChannel/MyChannel/Core/Services/OptimizedSeekManager.swift:49:23: warning: main actor-isolated property 'isSeeking' can not be mutated from a Sendable closure
                self?.isSeeking = false
                      ^
/Users/keonta/Documents/MyChannel/MyChannel/Core/Services/OptimizedSeekManager.swift:19:17: note: mutation of this property is only permitted within the actor
    private var isSeeking = false
                ^
/Users/keonta/Documents/MyChannel/MyChannel/Core/Services/OptimizedSeekManager.swift:54:18: warning: main actor-isolated property 'isSeeking' can not be mutated from a Sendable closure
            self.isSeeking = false
                 ^
/Users/keonta/Documents/MyChannel/MyChannel/Core/Services/OptimizedSeekManager.swift:19:17: note: mutation of this property is only permitted within the actor
    private var isSeeking = false
                ^
/Users/keonta/Documents/MyChannel/MyChannel/Core/Services/OptimizedSeekManager.swift:75:23: warning: main actor-isolated property 'isSeeking' can not be mutated from a Sendable closure
                self?.isSeeking = false
                      ^
/Users/keonta/Documents/MyChannel/MyChannel/Core/Services/OptimizedSeekManager.swift:19:17: note: mutation of this property is only permitted within the actor
    private var isSeeking = false
                ^
/Users/keonta/Documents/MyChannel/MyChannel/Core/Services/OptimizedSeekManager.swift:80:18: warning: main actor-isolated property 'isSeeking' can not be mutated from a Sendable closure
            self.isSeeking = false
                 ^
/Users/keonta/Documents/MyChannel/MyChannel/Core/Services/OptimizedSeekManager.swift:19:17: note: mutation of this property is only permitted within the actor
    private var isSeeking = false
                ^
/Users/keonta/Documents/MyChannel/MyChannel/Core/Services/OwnerFriendsStore.swift:44:13: warning: initialization of immutable value 'separators' was never used; consider replacing with assignment to '_' or removing it
        let separators = CharacterSet(charactersIn: "\n,|")
        ~~~~^~~~~~~~~~
        _
/Users/keonta/Documents/MyChannel/MyChannel/Features/Studio/VideoRepurposerViewModel.swift:123:17: warning: initialization of immutable value 'response' was never used; consider replacing with assignment to '_' or removing it
            let response = try await OpenAIService.shared.generate(prompt, model: .gpt5Turbo)
            ~~~~^~~~~~~~
            _
/Users/keonta/Documents/MyChannel/MyChannel/Core/Services/AudioPreviewPlayer.swift:104:22: warning: main actor-isolated property 'progress' can not be mutated from a Sendable closure
                self.progress = min(1.0, max(0.0, time.seconds / duration))
                     ^
/Users/keonta/Documents/MyChannel/MyChannel/Core/Services/AudioPreviewPlayer.swift:20:20: note: mutation of this property is only permitted within the actor
    @Published var progress: Double = 0.0
                   ^
/Users/keonta/Documents/MyChannel/MyChannel/Core/Services/AudioPreviewPlayer.swift:105:22: warning: main actor-isolated property 'durationSeconds' can not be mutated from a Sendable closure
                self.durationSeconds = duration
                     ^
/Users/keonta/Documents/MyChannel/MyChannel/Core/Services/AudioPreviewPlayer.swift:25:20: note: mutation of this property is only permitted within the actor
    @Published var durationSeconds: Double = 30
                   ^
/Users/keonta/Documents/MyChannel/MyChannel/Core/Services/AudioPreviewPlayer.swift:106:22: warning: call to main actor-isolated instance method 'updateElapsed(time:duration:)' in a synchronous nonisolated context
                self.updateElapsed(time: time.seconds, duration: duration)
                     ^
/Users/keonta/Documents/MyChannel/MyChannel/Core/Services/AudioPreviewPlayer.swift:155:18: note: calls to instance method 'updateElapsed(time:duration:)' from outside of its actor context are implicitly asynchronous
    private func updateElapsed(time: Double, duration: Double) {
                 ^
/Users/keonta/Documents/MyChannel/MyChannel/Core/Services/AudioPreviewPlayer.swift:108:22: warning: main actor-isolated property 'progress' can not be mutated from a Sendable closure
                self.progress = 0
                     ^
/Users/keonta/Documents/MyChannel/MyChannel/Core/Services/AudioPreviewPlayer.swift:20:20: note: mutation of this property is only permitted within the actor
    @Published var progress: Double = 0.0
                   ^
/Users/keonta/Documents/MyChannel/MyChannel/Core/Services/AudioPreviewPlayer.swift:113:22: warning: main actor-isolated property 'queue' can not be referenced from a Sendable closure
            if !self.queue.isEmpty {
                     ^
/Users/keonta/Documents/MyChannel/MyChannel/Core/Services/AudioPreviewPlayer.swift:21:20: note: property declared here
    @Published var queue: [PreviewQueueItem] = []
                   ^
/Users/keonta/Documents/MyChannel/MyChannel/Core/Services/AudioPreviewPlayer.swift:114:22: warning: call to main actor-isolated instance method 'playNextFromQueue()' in a synchronous nonisolated context
                self.playNextFromQueue()
                     ^
/Users/keonta/Documents/MyChannel/MyChannel/Core/Services/AudioPreviewPlayer.swift:92:18: note: calls to instance method 'playNextFromQueue()' from outside of its actor context are implicitly asynchronous
    private func playNextFromQueue() {
                 ^
/Users/keonta/Documents/MyChannel/MyChannel/Core/Services/AudioPreviewPlayer.swift:116:22: warning: call to main actor-isolated instance method 'stop()' in a synchronous nonisolated context
                self.stop()
                     ^
/Users/keonta/Documents/MyChannel/MyChannel/Core/Services/AudioPreviewPlayer.swift:66:10: note: calls to instance method 'stop()' from outside of its actor context are implicitly asynchronous
    func stop() {
         ^
/Users/keonta/Documents/MyChannel/MyChannel/Core/Services/AudioSwapService.swift:266:19: warning: variable 'project' was never mutated; consider changing to 'let' constant
        guard var project = projects[projectId] else { return }
              ~~~ ^
              let
/Users/keonta/Documents/MyChannel/MyChannel/Core/Services/AudioSwapService.swift:288:19: warning: variable 'project' was never mutated; consider changing to 'let' constant
        guard var project = projects[projectId] else { return }
              ~~~ ^
              let
/Users/keonta/Documents/MyChannel/MyChannel/Core/Services/AudioSwapService.swift:307:19: warning: variable 'project' was never mutated; consider changing to 'let' constant
        guard var project = projects[projectId] else { return }
              ~~~ ^
              let
/Users/keonta/Documents/MyChannel/MyChannel/Core/Services/AudioSwapService.swift:328:19: warning: variable 'project' was never mutated; consider changing to 'let' constant
        guard var project = projects[projectId],
              ~~~ ^
              let
/Users/keonta/Documents/MyChannel/MyChannel/Core/Services/AudioSwapService.swift:330:19: warning: immutable value 'selectedTrack' was never used; consider replacing with '_' or removing it
              let selectedTrack = project.replacementTracks.first(where: { $0.id == selectedTrackId }) else {
              ~~~~^~~~~~~~~~~~~
              _
/Users/keonta/Documents/MyChannel/MyChannel/Core/Services/AudioSwapService.swift:418:19: warning: value 'url' was defined but never used; consider replacing with boolean test
        guard let url = URL(string: track.previewURL) else { return }
              ~~~~^~~~~~
                                                      != nil
/Users/keonta/Documents/MyChannel/MyChannel/Core/Services/UniversityCacheService.swift:36:64: warning: conditional downcast from 'CacheEntry?' to 'CacheEntry' does nothing
        guard let entry = cache.object(forKey: id as NSString) as? CacheEntry,
                          ~~~~~~~~~~~~~~~~~~~~~~~~~~~~~~~~~~~~~^~~~~~~~~~~~~~
                                                              
/Users/keonta/Documents/MyChannel/MyChannel/Core/Services/UniversityCacheService.swift:56:65: warning: conditional downcast from 'CacheEntry?' to 'CacheEntry' does nothing
        guard let entry = cache.object(forKey: key as NSString) as? CacheEntry,
                          ~~~~~~~~~~~~~~~~~~~~~~~~~~~~~~~~~~~~~~^~~~~~~~~~~~~~
                                                               
/Users/keonta/Documents/MyChannel/MyChannel/Core/Services/UniversityCacheService.swift:76:65: warning: conditional downcast from 'CacheEntry?' to 'CacheEntry' does nothing
        guard let entry = cache.object(forKey: key as NSString) as? CacheEntry,
                          ~~~~~~~~~~~~~~~~~~~~~~~~~~~~~~~~~~~~~~^~~~~~~~~~~~~~
                                                               
/Users/keonta/Documents/MyChannel/MyChannel/Core/Services/VectorDatabaseService.swift:238:17: warning: capture of 'self' with non-Sendable type 'VectorDatabaseService?' in a '@Sendable' closure
                self?.embeddingCache[cacheKey] = embedding
                ^
/Users/keonta/Documents/MyChannel/MyChannel/Core/Services/VectorDatabaseService.swift:12:7: note: class 'VectorDatabaseService' does not conform to the 'Sendable' protocol
class VectorDatabaseService {
      ^
/Users/keonta/Documents/MyChannel/MyChannel/Core/Services/VertexAIAgentService.swift:331:13: warning: initialization of immutable value 'response' was never used; consider replacing with assignment to '_' or removing it
        let response = try await callAgent(agentID: fraudDetectionAgentID, sessionID: "\(userId)-fraud", query: context)
        ~~~~^~~~~~~~
        _
/Users/keonta/Documents/MyChannel/MyChannel/Core/Services/VertexAIAgentService.swift:339:13: warning: initialization of immutable value 'response' was never used; consider replacing with assignment to '_' or removing it
        let response = try await callAgent(agentID: matchOrchestratorAgentID, sessionID: "match-\(challengerId)", query: context)
        ~~~~^~~~~~~~
        _
/Users/keonta/Documents/MyChannel/MyChannel/Core/Services/VertexAIAgentService.swift:353:13: warning: initialization of immutable value 'response' was never used; consider replacing with assignment to '_' or removing it
        let response = try await callAgent(agentID: viralPredictorAgentID, sessionID: "viral-pred", query: context)
        ~~~~^~~~~~~~
        _
/Users/keonta/Documents/MyChannel/MyChannel/Core/Services/VertexAIAgentService.swift:361:13: warning: initialization of immutable value 'response' was never used; consider replacing with assignment to '_' or removing it
        let response = try await callAgent(agentID: creatorAnalyticsAgentID, sessionID: "\(creatorId)-analytics", query: context)
        ~~~~^~~~~~~~
        _
/Users/keonta/Documents/MyChannel/MyChannel/Core/Services/VertexAIAgentService.swift:369:13: warning: initialization of immutable value 'response' was never used; consider replacing with assignment to '_' or removing it
        let response = try await callAgent(agentID: audienceInsightsAgentID, sessionID: "\(creatorId)-audience", query: context)
        ~~~~^~~~~~~~
        _
/Users/keonta/Documents/MyChannel/MyChannel/Core/Services/VertexAIAgentService.swift:377:13: warning: initialization of immutable value 'response' was never used; consider replacing with assignment to '_' or removing it
        let response = try await callAgent(agentID: supportAgentID, sessionID: "\(userId)-support", query: context)
        ~~~~^~~~~~~~
        _
/Users/keonta/Documents/MyChannel/MyChannel/Core/Services/VertexAIService.swift:273:13: warning: initialization of immutable value 'response' was never used; consider replacing with assignment to '_' or removing it
        let response = try await generateWithGemini(prompt, model: .geminiPro)
        ~~~~^~~~~~~~
        _
/Users/keonta/Documents/MyChannel/MyChannel/Features/BackgroundPlay/BackgroundPlayService.swift:263:91: warning: 'allowBluetooth' was deprecated in iOS 8.0: renamed to 'AVAudioSession.CategoryOptions.allowBluetoothHFP'
        try audioSession.setCategory(.playback, mode: .default, options: [.allowAirPlay, .allowBluetooth])
                                                                                          ^
/Users/keonta/Documents/MyChannel/MyChannel/Features/BackgroundPlay/BackgroundPlayService.swift:263:91: note: use 'AVAudioSession.CategoryOptions.allowBluetoothHFP' instead
        try audioSession.setCategory(.playback, mode: .default, options: [.allowAirPlay, .allowBluetooth])
                                                                                          ^~~~~~~~~~~~~~
                                                                                          AVAudioSession.CategoryOptions.allowBluetoothHFP
/Users/keonta/Documents/MyChannel/MyChannel/Features/BackgroundPlay/BackgroundPlayService.swift:407:19: warning: immutable value 'currentItem' was never used; consider replacing with '_' or removing it
              let currentItem = player.currentItem else { return }
              ~~~~^~~~~~~~~~~
              _
/Users/keonta/Documents/MyChannel/MyChannel/Features/Collaborations/CollaborationsService.swift:194:29: warning: expression implicitly coerced from 'Timestamp?' to 'Any'
                "deadline": deadline != nil ? Timestamp(date: deadline!) : nil
                            ^~~~~~~~~~~~~~~~~~~~~~~~~~~~~~~~~~~~~~~~~~~~~~~~~~
/Users/keonta/Documents/MyChannel/MyChannel/Features/Collaborations/CollaborationsService.swift:194:45: note: provide a default value to avoid this warning
                "deadline": deadline != nil ? Timestamp(date: deadline!) : nil
                            ~~~~~~~~~~~~~~~~^~~~~~~~~~~~~~~~~~~~~~~~~~~~~~~~~~
                                                                               ?? <#default value#>
/Users/keonta/Documents/MyChannel/MyChannel/Features/Collaborations/CollaborationsService.swift:194:45: note: force-unwrap the value to avoid this warning
                "deadline": deadline != nil ? Timestamp(date: deadline!) : nil
                            ~~~~~~~~~~~~~~~~^~~~~~~~~~~~~~~~~~~~~~~~~~~~~~~~~~
                                                                              !
/Users/keonta/Documents/MyChannel/MyChannel/Features/Collaborations/CollaborationsService.swift:194:45: note: explicitly cast to 'Any' with 'as Any' to silence this warning
                "deadline": deadline != nil ? Timestamp(date: deadline!) : nil
                            ~~~~~~~~~~~~~~~~^~~~~~~~~~~~~~~~~~~~~~~~~~~~~~~~~~
                                                                               as Any
/Users/keonta/Documents/MyChannel/MyChannel/Features/Collaborations/CollaborationsService.swift:223:23: warning: variable 'data' was never mutated; consider changing to 'let' constant
            guard var data = doc.data() else { return false }
                  ~~~ ^
                  let
/Users/keonta/Documents/MyChannel/MyChannel/Features/Collaborations/CollaborationsService.swift:318:23: warning: variable 'data' was never mutated; consider changing to 'let' constant
            guard var data = doc.data() else { return false }
                  ~~~ ^
                  let
/Users/keonta/Documents/MyChannel/MyChannel/Features/Collaborations/CollaborationsService.swift:420:19: warning: value 'docs' was defined but never used; consider replacing with boolean test
        guard let docs = snapshot?.documents else { return }
              ~~~~^~~~~~~
              (                             ) != nil
/Users/keonta/Documents/MyChannel/MyChannel/Features/Collaborations/CollaborationsService.swift:426:19: warning: value 'docs' was defined but never used; consider replacing with boolean test
        guard let docs = snapshot?.documents else { return }
              ~~~~^~~~~~~
              (                             ) != nil
/Users/keonta/Documents/MyChannel/MyChannel/Features/Community/CreateCommunityPostView.swift:396:13: warning: initialization of immutable value 'newPost' was never used; consider replacing with assignment to '_' or removing it
        let newPost = CommunityPost(
        ~~~~^~~~~~~
        _
/Users/keonta/Documents/MyChannel/MyChannel/Features/Downloads/Components/DownloadButton.swift:93:16: warning: value 'progress' was defined but never used; consider replacing with boolean test
        if let progress = downloadProgress {
           ~~~~^~~~~~~~~~~
                                           != nil
/Users/keonta/Documents/MyChannel/MyChannel/Core/Services/ContentModerationAIReviewService.swift:59:13: warning: initialization of immutable value 'decoder' was never used; consider replacing with assignment to '_' or removing it
        let decoder = ISO8601DateFormatter()
        ~~~~^~~~~~~
        _
/Users/keonta/Documents/MyChannel/MyChannel/Core/Services/COPPAComplianceService.swift:123:31: warning: expression implicitly coerced from 'FieldValue?' to 'Any'
                "reviewedAt": reviewerId != nil ? FieldValue.serverTimestamp() : nil,
                              ^~~~~~~~~~~~~~~~~~~~~~~~~~~~~~~~~~~~~~~~~~~~~~~~~~~~~~
/Users/keonta/Documents/MyChannel/MyChannel/Core/Services/COPPAComplianceService.swift:123:49: note: provide a default value to avoid this warning
                "reviewedAt": reviewerId != nil ? FieldValue.serverTimestamp() : nil,
                              ~~~~~~~~~~~~~~~~~~^~~~~~~~~~~~~~~~~~~~~~~~~~~~~~~~~~~~
                                                                                     ?? <#default value#>
/Users/keonta/Documents/MyChannel/MyChannel/Core/Services/COPPAComplianceService.swift:123:49: note: force-unwrap the value to avoid this warning
                "reviewedAt": reviewerId != nil ? FieldValue.serverTimestamp() : nil,
                              ~~~~~~~~~~~~~~~~~~^~~~~~~~~~~~~~~~~~~~~~~~~~~~~~~~~~~~
                                                                                    !
/Users/keonta/Documents/MyChannel/MyChannel/Core/Services/COPPAComplianceService.swift:123:49: note: explicitly cast to 'Any' with 'as Any' to silence this warning
                "reviewedAt": reviewerId != nil ? FieldValue.serverTimestamp() : nil,
                              ~~~~~~~~~~~~~~~~~~^~~~~~~~~~~~~~~~~~~~~~~~~~~~~~~~~~~~
                                                                                     as Any
/Users/keonta/Documents/MyChannel/MyChannel/Features/Stories/FacebookParityStoryCreatorView.swift:466:17: warning: initialization of immutable value 'filteredImage' was never used; consider replacing with assignment to '_' or removing it
            let filteredImage = facebookEngine.applyFilter(filter, to: image)
            ~~~~^~~~~~~~~~~~~
            _
/Users/keonta/Documents/MyChannel/MyChannel/Features/Stories/FacebookParityStoryCreatorView.swift:487:17: warning: initialization of immutable value 'adjustedImage' was never used; consider replacing with assignment to '_' or removing it
            let adjustedImage = facebookEngine.applyImageAdjustments(to: image)
            ~~~~^~~~~~~~~~~~~
            _
/Users/keonta/Documents/MyChannel/MyChannel/Features/Stories/FacebookParityStoryCreatorView.swift:554:29: warning: initialization of immutable value 'fixedMedia' was never used; consider replacing with assignment to '_' or removing it
                        let fixedMedia = try await facebookEngine.autoFixFacebookSpecs(for: media.url, type: media.type == .video ? .video : .image)
                        ~~~~^~~~~~~~~~
                        _
/Users/keonta/Documents/MyChannel/MyChannel/Features/Stories/InteractiveStoryStickerView.swift:200:68: warning: left side of nil coalescing operator '??' has non-optional type 'Color', so the right side is never used
                    let barColor = (Color(hexString: option.color) ?? AppTheme.Colors.primary).opacity(0.6)
                                    ~~~~~~~~~~~~~~~~~~~~~~~~~~~~~~~^~~~~~~~~~~~~~~~~~~~~~~~~~
                                                                  
/Users/keonta/Documents/MyChannel/MyChannel/Features/Growth/LocalizationService.swift:81:20: warning: no 'async' operations occur within 'await' expression
            title: await generateLocalizedAppTitle(for: locale),
                   ^
/Users/keonta/Documents/MyChannel/MyChannel/Features/Growth/LocalizationService.swift:82:23: warning: no 'async' operations occur within 'await' expression
            subtitle: await generateLocalizedSubtitle(for: locale, category: category),
                      ^
/Users/keonta/Documents/MyChannel/MyChannel/Features/Growth/LocalizationService.swift:84:26: warning: no 'async' operations occur within 'await' expression
            description: await generateLocalizedDescription(for: locale),
                         ^
/Users/keonta/Documents/MyChannel/MyChannel/Features/Growth/LocalizationService.swift:85:33: warning: no 'async' operations occur within 'await' expression
            screenshotCaptions: await generateScreenshotCaptions(for: locale),
                                ^
/Users/keonta/Documents/MyChannel/MyChannel/Features/Growth/LocalizationService.swift:86:24: warning: no 'async' operations occur within 'await' expression
            promoText: await generatePromoText(for: locale),
                       ^
/Users/keonta/Documents/MyChannel/MyChannel/Features/Growth/LocalizationService.swift:133:29: warning: no 'async' operations occur within 'await' expression
        let localizedTags = await generateLocalizedTags(for: locale)
                            ^
/Users/keonta/Documents/MyChannel/MyChannel/Core/Services/AIRealtimeRankingService.swift:111:13: warning: initialization of immutable value 'analytics' was never used; consider replacing with assignment to '_' or removing it
        let analytics = AdvancedAnalyticsService.shared
        ~~~~^~~~~~~~~
        _
/Users/keonta/Documents/MyChannel/MyChannel/Core/Services/AIRealtimeRankingService.swift:165:13: warning: initialization of immutable value 'analytics' was never used; consider replacing with assignment to '_' or removing it
        let analytics = AdvancedAnalyticsService.shared
        ~~~~^~~~~~~~~
        _
/Users/keonta/Documents/MyChannel/MyChannel/Core/Services/AIRealtimeRankingService.swift:334:50: warning: left side of nil coalescing operator '??' has non-optional type 'Int', so the right side is never used
                    comments: video.commentCount ?? 0,
                              ~~~~~~~~~~~~~~~~~~~^~~~
                                                
/Users/keonta/Documents/MyChannel/MyChannel/Core/Services/AISearchService.swift:352:13: warning: variable 'allVideos' was never mutated; consider changing to 'let' constant
        var allVideos = await VideoFirestoreService.shared.fetchAllPublicVideos(limit: 50)
        ~~~ ^
        let
/Users/keonta/Documents/MyChannel/MyChannel/Core/Services/AITargetingEngine.swift:183:17: warning: initialization of immutable value 'finalScore' was never used; consider replacing with assignment to '_' or removing it
            let finalScore = (
            ~~~~^~~~~~~~~~
            _
/Users/keonta/Documents/MyChannel/MyChannel/Core/Services/AIVideoCoCreatorService.swift:262:9: warning: immutable property will not be decoded because it is declared with an initial value which cannot be overwritten
    let id = UUID()
        ^
/Users/keonta/Documents/MyChannel/MyChannel/Core/Services/AIVideoCoCreatorService.swift:262:9: note: set the initial value via the initializer or explicitly define a CodingKeys enum including a 'id' case to silence this warning
    let id = UUID()
        ^
/Users/keonta/Documents/MyChannel/MyChannel/Core/Services/AIVideoCoCreatorService.swift:262:9: note: make the property mutable instead
    let id = UUID()
    ~~~ ^
    var
/Users/keonta/Documents/MyChannel/MyChannel/Core/Services/AIVideoCoCreatorService.swift:277:9: warning: immutable property will not be decoded because it is declared with an initial value which cannot be overwritten
    let id = UUID()
        ^
/Users/keonta/Documents/MyChannel/MyChannel/Core/Services/AIVideoCoCreatorService.swift:277:9: note: set the initial value via the initializer or explicitly define a CodingKeys enum including a 'id' case to silence this warning
    let id = UUID()
        ^
/Users/keonta/Documents/MyChannel/MyChannel/Core/Services/AIVideoCoCreatorService.swift:277:9: note: make the property mutable instead
    let id = UUID()
    ~~~ ^
    var
/Users/keonta/Documents/MyChannel/MyChannel/Core/Services/AIVideoCoCreatorService.swift:292:9: warning: immutable property will not be decoded because it is declared with an initial value which cannot be overwritten
    let id = UUID()
        ^
/Users/keonta/Documents/MyChannel/MyChannel/Core/Services/AIVideoCoCreatorService.swift:292:9: note: set the initial value via the initializer or explicitly define a CodingKeys enum including a 'id' case to silence this warning
    let id = UUID()
        ^
/Users/keonta/Documents/MyChannel/MyChannel/Core/Services/AIVideoCoCreatorService.swift:292:9: note: make the property mutable instead
    let id = UUID()
    ~~~ ^
    var
/Users/keonta/Documents/MyChannel/MyChannel/Core/Services/AIVideoCoCreatorService.swift:338:9: warning: immutable property will not be decoded because it is declared with an initial value which cannot be overwritten
    let id = UUID()
        ^
/Users/keonta/Documents/MyChannel/MyChannel/Core/Services/AIVideoCoCreatorService.swift:338:9: note: set the initial value via the initializer or explicitly define a CodingKeys enum including a 'id' case to silence this warning
    let id = UUID()
        ^
/Users/keonta/Documents/MyChannel/MyChannel/Core/Services/AIVideoCoCreatorService.swift:338:9: note: make the property mutable instead
    let id = UUID()
    ~~~ ^
    var
/Users/keonta/Documents/MyChannel/MyChannel/Core/Services/AIVideoCoCreatorService.swift:356:9: warning: immutable property will not be decoded because it is declared with an initial value which cannot be overwritten
    let id = UUID()
        ^
/Users/keonta/Documents/MyChannel/MyChannel/Core/Services/AIVideoCoCreatorService.swift:356:9: note: set the initial value via the initializer or explicitly define a CodingKeys enum including a 'id' case to silence this warning
    let id = UUID()
        ^
/Users/keonta/Documents/MyChannel/MyChannel/Core/Services/AIVideoCoCreatorService.swift:356:9: note: make the property mutable instead
    let id = UUID()
    ~~~ ^
    var
/Users/keonta/Documents/MyChannel/MyChannel/Core/Services/AIVideoCoCreatorService.swift:366:9: warning: immutable property will not be decoded because it is declared with an initial value which cannot be overwritten
    let id = UUID()
        ^
/Users/keonta/Documents/MyChannel/MyChannel/Core/Services/AIVideoCoCreatorService.swift:366:9: note: set the initial value via the initializer or explicitly define a CodingKeys enum including a 'id' case to silence this warning
    let id = UUID()
        ^
/Users/keonta/Documents/MyChannel/MyChannel/Core/Services/AIVideoCoCreatorService.swift:366:9: note: make the property mutable instead
    let id = UUID()
    ~~~ ^
    var
/Users/keonta/Documents/MyChannel/MyChannel/Core/Services/AIVideoCoCreatorService.swift:374:9: warning: immutable property will not be decoded because it is declared with an initial value which cannot be overwritten
    let id = UUID()
        ^
/Users/keonta/Documents/MyChannel/MyChannel/Core/Services/AIVideoCoCreatorService.swift:374:9: note: set the initial value via the initializer or explicitly define a CodingKeys enum including a 'id' case to silence this warning
    let id = UUID()
        ^
/Users/keonta/Documents/MyChannel/MyChannel/Core/Services/AIVideoCoCreatorService.swift:374:9: note: make the property mutable instead
    let id = UUID()
    ~~~ ^
    var
/Users/keonta/Documents/MyChannel/MyChannel/Core/Services/AppState.swift:97:27: warning: 'catch' block is unreachable because no errors are thrown in 'do' block
                        } catch {
                          ^
/Users/keonta/Documents/MyChannel/MyChannel/Core/Services/AppState.swift:101:48: warning: 'catch' block is unreachable because no errors are thrown in 'do' block
                    do { self.loadUserData() } catch { print("⚠️ [AppState] Non-fatal: loadUserData failed") }
/Users/keonta/Documents/MyChannel/MyChannel/Core/Services/AppState.swift:102:56: warning: 'catch' block is unreachable because no errors are thrown in 'do' block
                    do { self.attachCloudListeners() } catch { print("⚠️ [AppState] Non-fatal: attachCloudListeners failed") }
/Users/keonta/Documents/MyChannel/MyChannel/Core/Services/AppState.swift:104:88: warning: 'catch' block is unreachable because no errors are thrown in 'do' block
                    do { SearchHistoryService.shared.startListening(userId: user.id) } catch { print("⚠️ [AppState] Non-fatal: SearchHistoryService listen failed") }
/Users/keonta/Documents/MyChannel/MyChannel/Core/Services/AppState.swift:106:84: warning: 'catch' block is unreachable because no errors are thrown in 'do' block
                    do { MLAgentNotificationBridge.shared.start(userId: user.id) } catch { print("⚠️ [AppState] Non-fatal: MLAgentNotificationBridge start failed") }
/Users/keonta/Documents/MyChannel/MyChannel/Core/Services/AppState.swift:412:37: warning: expression implicitly coerced from 'Data?' to 'Any'
                    "watchHistory": try? JSONEncoder().encode(watchHistory)
                                    ^~~~~~~~~~~~~~~~~~~~~~~~~~~~~~~~~~~~~~~
/Users/keonta/Documents/MyChannel/MyChannel/Core/Services/AppState.swift:412:56: note: provide a default value to avoid this warning
                    "watchHistory": try? JSONEncoder().encode(watchHistory)
                                    ~~~~~~~~~~~~~~~~~~~^~~~~~~~~~~~~~~~~~~~
                                                                            ?? <#default value#>
/Users/keonta/Documents/MyChannel/MyChannel/Core/Services/AppState.swift:412:56: note: force-unwrap the value to avoid this warning
                    "watchHistory": try? JSONEncoder().encode(watchHistory)
                                    ~~~~~~~~~~~~~~~~~~~^~~~~~~~~~~~~~~~~~~~
                                                                           !
/Users/keonta/Documents/MyChannel/MyChannel/Core/Services/AppState.swift:412:56: note: explicitly cast to 'Any' with 'as Any' to silence this warning
                    "watchHistory": try? JSONEncoder().encode(watchHistory)
                                    ~~~~~~~~~~~~~~~~~~~^~~~~~~~~~~~~~~~~~~~
                                                                            as Any
/Users/keonta/Documents/MyChannel/MyChannel/Core/Services/AppState.swift:438:27: warning: value 'legacyHistory' was defined but never used; consider replacing with boolean test
            } else if let legacyHistory = userData["watchHistory"] as? [String] {
                      ~~~~^~~~~~~~~~~~~~~~                         ~~~
                                                                   is
/Users/keonta/Documents/MyChannel/MyChannel/Features/Music/MusicDownloadService.swift:52:17: warning: immutable value 'maxSize' was never used; consider replacing with '_' or removing it
            let maxSize: Int64 = 50 * 1024 * 1024 // 50MB max
                ^~~~~~~
                _
/Users/keonta/Documents/MyChannel/MyChannel/Features/Music/MusicDownloadService.swift:54:25: warning: no 'async' operations occur within 'await' expression
            let _ = try await ref.write(toFile: localURL)
                        ^
/Users/keonta/Documents/MyChannel/MyChannel/Features/Music/MusicDownloadService.swift:54:21: warning: no calls to throwing functions occur within 'try' expression
            let _ = try await ref.write(toFile: localURL)
                    ^
/Users/keonta/Documents/MyChannel/MyChannel/Features/Music/PlaylistManager.swift:373:67: warning: left side of nil coalescing operator '??' has non-optional type 'Color', so the right side is never used
                        colors: colors.map { Color(hexString: $0) ?? .gray },
                                             ~~~~~~~~~~~~~~~~~~~~~^~~~~~~~
                                                                 
/Users/keonta/Documents/MyChannel/MyChannel/Features/Music/PlaylistManager.swift:936:67: warning: left side of nil coalescing operator '??' has non-optional type 'Color', so the right side is never used
                        colors: colors.map { Color(hexString: $0) ?? .gray },
                                             ~~~~~~~~~~~~~~~~~~~~~^~~~~~~~
                                                                 
/Users/keonta/Documents/MyChannel/MyChannel/Features/Notifications/NotificationSettingsView.swift:363:35: warning: result of call to 'getAuthorizationStatus()' is unused
        await notificationService.getAuthorizationStatus()
                                  ^                     ~~
/Users/keonta/Documents/MyChannel/MyChannel/Features/Music/MusicDownloadService.swift:52:17: warning: immutable value 'maxSize' was never used; consider replacing with '_' or removing it
            let maxSize: Int64 = 50 * 1024 * 1024 // 50MB max
                ^~~~~~~
                _
/Users/keonta/Documents/MyChannel/MyChannel/Features/Music/MusicDownloadService.swift:54:25: warning: no 'async' operations occur within 'await' expression
            let _ = try await ref.write(toFile: localURL)
                        ^
/Users/keonta/Documents/MyChannel/MyChannel/Features/Music/MusicDownloadService.swift:54:21: warning: no calls to throwing functions occur within 'try' expression
            let _ = try await ref.write(toFile: localURL)
                    ^
/Users/keonta/Documents/MyChannel/MyChannel/Features/Music/PlaylistManager.swift:373:67: warning: left side of nil coalescing operator '??' has non-optional type 'Color', so the right side is never used
                        colors: colors.map { Color(hexString: $0) ?? .gray },
                                             ~~~~~~~~~~~~~~~~~~~~~^~~~~~~~
                                                                 
/Users/keonta/Documents/MyChannel/MyChannel/Features/Music/PlaylistManager.swift:936:67: warning: left side of nil coalescing operator '??' has non-optional type 'Color', so the right side is never used
                        colors: colors.map { Color(hexString: $0) ?? .gray },
                                             ~~~~~~~~~~~~~~~~~~~~~^~~~~~~~
                                                                 
/Users/keonta/Documents/MyChannel/MyChannel/Features/Notifications/NotificationSettingsView.swift:363:35: warning: result of call to 'getAuthorizationStatus()' is unused
        await notificationService.getAuthorizationStatus()
                                  ^                     ~~
/Users/keonta/Documents/MyChannel/MyChannel/Core/Services/ThumbnailCreator/ThumbnailSyncService.swift:235:16: warning: no 'async' operations occur within 'await' expression
        return await UIDevice.current.name
               ^
/Users/keonta/Documents/MyChannel/MyChannel/Core/Services/AdsService.swift:65:42: warning: left side of nil coalescing operator '??' has non-optional type 'String', so the right side is never used
            print("🚫 Video \(video.id ?? "unknown") has monetization disabled - no ads will be served")
/Users/keonta/Documents/MyChannel/MyChannel/Core/Services/AdsService.swift:72:76: warning: left side of nil coalescing operator '??' has non-optional type 'String', so the right side is never used
            print("⏭️ [Ads] Pre-roll ads disabled for video \(video.id ?? "unknown")")
/Users/keonta/Documents/MyChannel/MyChannel/Core/Services/AdsService.swift:85:30: warning: no 'async' operations occur within 'await' expression
        let nuclearService = await NuclearAdMonetizationService.shared
                             ^
/Users/keonta/Documents/MyChannel/MyChannel/Core/Services/CCQuickActionService.swift:182:9: warning: result of 'try?' is unused
        try? await db.collection("ccActionLog").addDocument(data: [
        ^~~~~~~~~~~~~~~~~~~~~~~~~~~~~~~~~~~~~~~~~~~~~~~~~~~~~~~~~~~
/Users/keonta/Documents/MyChannel/MyChannel/Core/Services/CCQuickActionService.swift:221:9: warning: result of 'try?' is unused
        try? await db.collection("featureFlagOverrides").addDocument(data: [
        ^~~~~~~~~~~~~~~~~~~~~~~~~~~~~~~~~~~~~~~~~~~~~~~~~~~~~~~~~~~~~~~~~~~~
/Users/keonta/Documents/MyChannel/MyChannel/Core/Services/CCVoiceAssistantService.swift:225:9: warning: result of 'try?' is unused
        try? await db.collection("ccVoiceCommands").addDocument(data: [
        ^~~~~~~~~~~~~~~~~~~~~~~~~~~~~~~~~~~~~~~~~~~~~~~~~~~~~~~~~~~~~~~
/Users/keonta/Documents/MyChannel/MyChannel/Core/Services/ChangeManagementService.swift:79:13: warning: initialization of immutable value 'decoder' was never used; consider replacing with assignment to '_' or removing it
        let decoder = ISO8601DateFormatter()
        ~~~~^~~~~~~
        _
/Users/keonta/Documents/MyChannel/MyChannel/Core/Services/ChangeManagementService.swift:119:13: warning: initialization of immutable value 'decoder' was never used; consider replacing with assignment to '_' or removing it
        let decoder = ISO8601DateFormatter()
        ~~~~^~~~~~~
        _
/Users/keonta/Documents/MyChannel/MyChannel/Core/Services/ChangeManagementService.swift:156:13: warning: initialization of immutable value 'decoder' was never used; consider replacing with assignment to '_' or removing it
        let decoder = ISO8601DateFormatter()
        ~~~~^~~~~~~
        _
/Users/keonta/Documents/MyChannel/MyChannel/Core/Services/ChannelMindAGI.swift:735:13: warning: immutable value 'r' was never used; consider replacing with '_' or removing it
        let r: Raw = try await CloudRunAgentRouter.post(.superAITeam, path: "/predict",
            ^
            _
/Users/keonta/Documents/MyChannel/MyChannel/Core/Services/CommandCenterAnalyticsService.swift:68:13: warning: initialization of immutable value 'db' was never used; consider replacing with assignment to '_' or removing it
        let db = Firestore.firestore()
        ~~~~^~
        _
/Users/keonta/Documents/MyChannel/MyChannel/Core/Services/CreatorEconomyService.swift:119:13: warning: initialization of immutable value 'paymentResult' was never used; consider replacing with assignment to '_' or removing it
        let paymentResult = try await processPayment(
        ~~~~^~~~~~~~~~~~~
        _
/Users/keonta/Documents/MyChannel/MyChannel/Core/Services/CreatorStudioIntegrationService.swift:94:11: warning: 'catch' block is unreachable because no errors are thrown in 'do' block
        } catch {
          ^
/Users/keonta/Documents/MyChannel/MyChannel/Core/Services/CreatorSupportQueueService.swift:59:13: warning: initialization of immutable value 'decoder' was never used; consider replacing with assignment to '_' or removing it
        let decoder = ISO8601DateFormatter()
        ~~~~^~~~~~~
        _
/Users/keonta/Documents/MyChannel/MyChannel/Core/Performance/AppPerformanceOptimizer.swift:76:95: warning: variable 'self' was written to, but never read
        frameRateMonitor = Timer.scheduledTimer(withTimeInterval: 1.0, repeats: true) { [weak self] _ in
                                                                                              ^
/Users/keonta/Documents/MyChannel/MyChannel/Core/Performance/AppPerformanceOptimizer.swift:90:19: warning: call to main actor-isolated instance method 'handleMemoryWarning()' in a synchronous nonisolated context
            self?.handleMemoryWarning()
                  ^
/Users/keonta/Documents/MyChannel/MyChannel/Core/Performance/AppPerformanceOptimizer.swift:94:18: note: calls to instance method 'handleMemoryWarning()' from outside of its actor context are implicitly asynchronous
    private func handleMemoryWarning() {
                 ^
/Users/keonta/Documents/MyChannel/MyChannel/Core/Performance/DatabaseOptimizer.swift:40:18: warning: 'isPersistenceEnabled' is deprecated: This field is deprecated. Use `cacheSettings` instead.
        settings.isPersistenceEnabled = true
                 ^
/Users/keonta/Documents/MyChannel/MyChannel/Core/Performance/DatabaseOptimizer.swift:41:18: warning: 'cacheSizeBytes' is deprecated: This field is deprecated. Use `cacheSettings` instead.
        settings.cacheSizeBytes = 100 * 1024 * 1024 // 100MB cache
                 ^
/Users/keonta/Documents/MyChannel/MyChannel/Core/Performance/MultiLayerCacheSystem.swift:326:53: warning: cast from 'Task<Data, any Error>?' to unrelated type 'Task<T, any Error>' always fails
        if let existingTask = inFlightRequests[key] as? Task<T, Error> {
                              ~~~~~~~~~~~~~~~~~~~~~ ^   ~~~~~~~~~~~~~~
/Users/keonta/Documents/MyChannel/MyChannel/Core/Performance/MultiLayerCacheSystem.swift:340:38: warning: cast from 'Task<T, any Error>' to unrelated type 'Task<Data, any Error>' always fails
        inFlightRequests[key] = task as? Task<Data, Error>
                                ~~~~ ^   ~~~~~~~~~~~~~~~~~
/Users/keonta/Documents/MyChannel/MyChannel/Core/Performance/MultiLayerCacheSystem.swift:334:21: warning: no 'async' operations occur within 'await' expression
                    await removeRequest(key: key)
                    ^
/Users/keonta/Documents/MyChannel/MyChannel/Core/Performance/MultiLayerCacheSystem.swift:368:21: warning: immutable value 'url' was never used; consider replacing with '_' or removing it
        for (index, url) in criticalURLs.enumerated() {
                    ^~~
                    _
/Users/keonta/Documents/MyChannel/MyChannel/Core/Services/EnhancedCreatorStudioService.swift:168:13: warning: variable 'videoCount' was never mutated; consider changing to 'let' constant
        var videoCount = videosSnapshot.documents.count
        ~~~ ^
        let
/Users/keonta/Documents/MyChannel/MyChannel/Core/Services/EnhancedMoviesService.swift:729:9: warning: immutable property will not be decoded because it is declared with an initial value which cannot be overwritten
    let id = UUID().uuidString
        ^
/Users/keonta/Documents/MyChannel/MyChannel/Core/Services/EnhancedMoviesService.swift:729:9: note: set the initial value via the initializer or explicitly define a CodingKeys enum including a 'id' case to silence this warning
    let id = UUID().uuidString
        ^
/Users/keonta/Documents/MyChannel/MyChannel/Core/Services/EnhancedMoviesService.swift:729:9: note: make the property mutable instead
    let id = UUID().uuidString
    ~~~ ^
    var
/Users/keonta/Documents/MyChannel/MyChannel/Core/Services/EnhancedVideoService.swift:193:13: warning: initialization of immutable value 'endpoint' was never used; consider replacing with assignment to '_' or removing it
        let endpoint = query != nil 
        ~~~~^~~~~~~~
        _
/Users/keonta/Documents/MyChannel/MyChannel/Core/Services/EnhancedVideoService.swift:226:13: warning: initialization of immutable value 'apiKey' was never used; consider replacing with assignment to '_' or removing it
        let apiKey = "your_omdb_api_key" // Get free from http://www.omdbapi.com/apikey.aspx
        ~~~~^~~~~~
        _
/Users/keonta/Documents/MyChannel/MyChannel/Core/Services/EnhancedVideoService.swift:227:13: warning: initialization of immutable value 'searchTerm' was never used; consider replacing with assignment to '_' or removing it
        let searchTerm = query ?? "action"
        ~~~~^~~~~~~~~~
        _
/Users/keonta/Documents/MyChannel/MyChannel/Core/Services/EnhancedVideoService.swift:266:13: warning: initialization of immutable value 'endpoint' was never used; consider replacing with assignment to '_' or removing it
        let endpoint = query != nil
        ~~~~^~~~~~~~
        _
/Users/keonta/Documents/MyChannel/MyChannel/Core/Services/EnhancedVideoService.swift:309:13: warning: initialization of immutable value 'graphQLEndpoint' was never used; consider replacing with assignment to '_' or removing it
        let graphQLEndpoint = "https://graphql.anilist.co"
        ~~~~^~~~~~~~~~~~~~~
        _
/Users/keonta/Documents/MyChannel/MyChannel/Core/Services/EnhancedVideoService.swift:334:13: warning: initialization of immutable value 'baseURL' was never used; consider replacing with assignment to '_' or removing it
        let baseURL = "https://archive.org/advancedsearch.php"
        ~~~~^~~~~~~
        _
/Users/keonta/Documents/MyChannel/MyChannel/Core/Services/EnhancedVideoService.swift:374:13: warning: initialization of immutable value 'apiKey' was never used; consider replacing with assignment to '_' or removing it
        let apiKey = "your_youtube_api_key" // Get from Google Cloud Console
        ~~~~^~~~~~
        _
/Users/keonta/Documents/MyChannel/MyChannel/Core/Services/EnhancedVideoService.swift:375:13: warning: initialization of immutable value 'baseURL' was never used; consider replacing with assignment to '_' or removing it
        let baseURL = "https://www.googleapis.com/youtube/v3"
        ~~~~^~~~~~~
        _
/Users/keonta/Documents/MyChannel/MyChannel/Core/Services/EnhancedVideoUploadService.swift:385:13: warning: variable 'lastError' was written to, but never read
        var lastError: Error?
            ^
/Users/keonta/Documents/MyChannel/MyChannel/Core/Services/EnhancedVideoUploadService.swift:790:13: warning: result of 'try?' is unused
            try? await self.performMLRequest(
            ^~~~~~~~~~~~~~~~~~~~~~~~~~~~~~~~~
/Users/keonta/Documents/MyChannel/MyChannel/Core/Services/FeaturedStore.swift:157:13: warning: initialization of immutable value 'now' was never used; consider replacing with assignment to '_' or removing it
        let now = Date()
        ~~~~^~~
        _
/Users/keonta/Documents/MyChannel/MyChannel/Core/Services/FeaturedStore.swift:311:13: warning: variable 'didStartAccess' was never mutated; consider changing to 'let' constant
        var didStartAccess = sourceURL.startAccessingSecurityScopedResource()
        ~~~ ^
        let
/Users/keonta/Documents/MyChannel/MyChannel/Features/Search/VisualSearchSheet.swift:246:28: warning: no calls to throwing functions occur within 'try' expression
                    return try? observation.topCandidates(1).first?.string
                           ^
/Users/keonta/Documents/MyChannel/MyChannel/Features/Search/VisualSearchSheet.swift:246:28: warning: no calls to throwing functions occur within 'try' expression
                    return try? observation.topCandidates(1).first?.string
                           ^
/Users/keonta/Documents/MyChannel/MyChannel/Features/Shopping/LiveShoppingViewModel.swift:40:58: warning: left side of nil coalescing operator '??' has non-optional type 'Color', so the right side is never used
        case .fashion: return Color(hexString: "F3F0FF") ?? AppTheme.Colors.backgroundSecondary
                              ~~~~~~~~~~~~~~~~~~~~~~~~~~~^~~~~~~~~~~~~~~~~~~~~~~~~~~~~~~~~~~~~~
                                                        
/Users/keonta/Documents/MyChannel/MyChannel/Features/Shopping/LiveShoppingViewModel.swift:41:55: warning: left side of nil coalescing operator '??' has non-optional type 'Color', so the right side is never used
        case .tech: return Color(hexString: "EDF4FF") ?? AppTheme.Colors.backgroundSecondary
                           ~~~~~~~~~~~~~~~~~~~~~~~~~~~^~~~~~~~~~~~~~~~~~~~~~~~~~~~~~~~~~~~~~
                                                     
/Users/keonta/Documents/MyChannel/MyChannel/Features/Shopping/LiveShoppingViewModel.swift:42:57: warning: left side of nil coalescing operator '??' has non-optional type 'Color', so the right side is never used
        case .beauty: return Color(hexString: "FDF2F8") ?? AppTheme.Colors.backgroundSecondary
                             ~~~~~~~~~~~~~~~~~~~~~~~~~~~^~~~~~~~~~~~~~~~~~~~~~~~~~~~~~~~~~~~~~
                                                       
/Users/keonta/Documents/MyChannel/MyChannel/Features/Shopping/LiveShoppingViewModel.swift:43:55: warning: left side of nil coalescing operator '??' has non-optional type 'Color', so the right side is never used
        case .home: return Color(hexString: "F5F5F0") ?? AppTheme.Colors.backgroundSecondary
                           ~~~~~~~~~~~~~~~~~~~~~~~~~~~^~~~~~~~~~~~~~~~~~~~~~~~~~~~~~~~~~~~~~
                                                     
/Users/keonta/Documents/MyChannel/MyChannel/Features/Shopping/LiveShoppingViewModel.swift:44:57: warning: left side of nil coalescing operator '??' has non-optional type 'Color', so the right side is never used
        case .sports: return Color(hexString: "EDF8F2") ?? AppTheme.Colors.backgroundSecondary
                             ~~~~~~~~~~~~~~~~~~~~~~~~~~~^~~~~~~~~~~~~~~~~~~~~~~~~~~~~~~~~~~~~~
                                                       
/Users/keonta/Documents/MyChannel/MyChannel/Features/Shopping/LiveShoppingViewModel.swift:45:55: warning: left side of nil coalescing operator '??' has non-optional type 'Color', so the right side is never used
        case .food: return Color(hexString: "FFF5EB") ?? AppTheme.Colors.backgroundSecondary
                           ~~~~~~~~~~~~~~~~~~~~~~~~~~~^~~~~~~~~~~~~~~~~~~~~~~~~~~~~~~~~~~~~~
                                                     
/Users/keonta/Documents/MyChannel/MyChannel/Features/Shopping/LiveShoppingViewModel.swift:46:56: warning: left side of nil coalescing operator '??' has non-optional type 'Color', so the right side is never used
        case .books: return Color(hexString: "F6EFE4") ?? AppTheme.Colors.backgroundSecondary
                            ~~~~~~~~~~~~~~~~~~~~~~~~~~~^~~~~~~~~~~~~~~~~~~~~~~~~~~~~~~~~~~~~~
                                                      
/Users/keonta/Documents/MyChannel/MyChannel/Features/Shopping/LiveShoppingViewModel.swift:47:54: warning: left side of nil coalescing operator '??' has non-optional type 'Color', so the right side is never used
        case .art: return Color(hexString: "F7ECFF") ?? AppTheme.Colors.backgroundSecondary
                          ~~~~~~~~~~~~~~~~~~~~~~~~~~~^~~~~~~~~~~~~~~~~~~~~~~~~~~~~~~~~~~~~~
                                                    
/Users/keonta/Documents/MyChannel/MyChannel/Features/Search/VisualSearchSheet.swift:246:28: warning: no calls to throwing functions occur within 'try' expression
                    return try? observation.topCandidates(1).first?.string
                           ^
/Users/keonta/Documents/MyChannel/MyChannel/Features/Search/VisualSearchSheet.swift:246:28: warning: no calls to throwing functions occur within 'try' expression
                    return try? observation.topCandidates(1).first?.string
                           ^
/Users/keonta/Documents/MyChannel/MyChannel/Features/Search/VisualSearchSheet.swift:246:28: warning: no calls to throwing functions occur within 'try' expression
                    return try? observation.topCandidates(1).first?.string
                           ^
/Users/keonta/Documents/MyChannel/MyChannel/Features/Stories/FacebookParityStoryEngine.swift:154:38: warning: 'tracks(withMediaType:)' was deprecated in iOS 16.0: Use loadTracks(withMediaType:) instead
        guard let videoTrack = asset.tracks(withMediaType: .video).first else {
                                     ^
/Users/keonta/Documents/MyChannel/MyChannel/Features/Stories/FacebookParityStoryEngine.swift:165:46: warning: 'tracks(withMediaType:)' was deprecated in iOS 16.0: Use loadTracks(withMediaType:) instead
        if let reversedTrack = reversedAsset.tracks(withMediaType: .video).first {
                                             ^
/Users/keonta/Documents/MyChannel/MyChannel/Features/Stories/FacebookParityStoryEngine.swift:177:9: warning: no calls to throwing functions occur within 'try' expression
        try await exporter.export()
        ^
/Users/keonta/Documents/MyChannel/MyChannel/Features/Stories/FacebookParityStoryEngine.swift:193:38: warning: 'tracks(withMediaType:)' was deprecated in iOS 16.0: Use loadTracks(withMediaType:) instead
        guard let videoTrack = asset.tracks(withMediaType: .video).first else {
                                     ^
/Users/keonta/Documents/MyChannel/MyChannel/Features/Stories/FacebookParityStoryEngine.swift:207:41: warning: 'preferredTransform' was deprecated in iOS 16.0: Use load(.preferredTransform) instead
        let startTransform = videoTrack.preferredTransform
                                        ^
/Users/keonta/Documents/MyChannel/MyChannel/Features/Stories/FacebookParityStoryEngine.swift:215:50: warning: 'naturalSize' was deprecated in iOS 16.0: Use load(.naturalSize) instead
        videoComposition.renderSize = videoTrack.naturalSize
                                                 ^
/Users/keonta/Documents/MyChannel/MyChannel/Features/Stories/FacebookParityStoryEngine.swift:226:9: warning: no calls to throwing functions occur within 'try' expression
        try await exporter.export()
        ^
/Users/keonta/Documents/MyChannel/MyChannel/Features/Stories/FacebookParityStoryEngine.swift:241:38: warning: 'tracks(withMediaType:)' was deprecated in iOS 16.0: Use loadTracks(withMediaType:) instead
        guard let videoTrack = asset.tracks(withMediaType: .video).first else {
                                     ^
/Users/keonta/Documents/MyChannel/MyChannel/Features/Stories/FacebookParityStoryEngine.swift:249:35: warning: 'tracks(withMediaType:)' was deprecated in iOS 16.0: Use loadTracks(withMediaType:) instead
        if let audioTrack = asset.tracks(withMediaType: .audio).first {
                                  ^
/Users/keonta/Documents/MyChannel/MyChannel/Features/Stories/FacebookParityStoryEngine.swift:266:9: warning: no calls to throwing functions occur within 'try' expression
        try await exporter.export()
        ^
/Users/keonta/Documents/MyChannel/MyChannel/Features/Stories/FacebookParityStoryEngine.swift:281:38: warning: 'tracks(withMediaType:)' was deprecated in iOS 16.0: Use loadTracks(withMediaType:) instead
        guard let videoTrack = asset.tracks(withMediaType: .video).first else {
                                     ^
/Users/keonta/Documents/MyChannel/MyChannel/Features/Stories/FacebookParityStoryEngine.swift:289:35: warning: 'tracks(withMediaType:)' was deprecated in iOS 16.0: Use loadTracks(withMediaType:) instead
        if let audioTrack = asset.tracks(withMediaType: .audio).first {
                                  ^
/Users/keonta/Documents/MyChannel/MyChannel/Features/Stories/FacebookParityStoryEngine.swift:307:9: warning: no calls to throwing functions occur within 'try' expression
        try await exporter.export()
        ^
/Users/keonta/Documents/MyChannel/MyChannel/Features/Stories/FacebookParityStoryEngine.swift:474:43: warning: 'tracks(withMediaType:)' was deprecated in iOS 16.0: Use loadTracks(withMediaType:) instead
        guard let videoTrack = videoAsset.tracks(withMediaType: .video).first else {
                                          ^
/Users/keonta/Documents/MyChannel/MyChannel/Features/Stories/FacebookParityStoryEngine.swift:482:40: warning: 'tracks(withMediaType:)' was deprecated in iOS 16.0: Use loadTracks(withMediaType:) instead
        if let audioTrack = videoAsset.tracks(withMediaType: .audio).first {
                                       ^
/Users/keonta/Documents/MyChannel/MyChannel/Features/Stories/FacebookParityStoryEngine.swift:490:49: warning: 'tracks(withMediaType:)' was deprecated in iOS 16.0: Use loadTracks(withMediaType:) instead
            if let musicAudioTrack = musicAsset.tracks(withMediaType: .audio).first {
                                                ^
/Users/keonta/Documents/MyChannel/MyChannel/Features/Stories/FacebookParityStoryEngine.swift:510:9: warning: no calls to throwing functions occur within 'try' expression
        try await exporter?.export()
        ^
/Users/keonta/Documents/MyChannel/MyChannel/Features/Stories/FacebookParityStoryEngine.swift:522:38: warning: 'tracks(withMediaType:)' was deprecated in iOS 16.0: Use loadTracks(withMediaType:) instead
        guard let videoTrack = asset.tracks(withMediaType: .video).first else {
                                     ^
/Users/keonta/Documents/MyChannel/MyChannel/Features/Stories/FacebookParityStoryEngine.swift:559:41: warning: 'naturalSize' was deprecated in iOS 16.0: Use load(.naturalSize) instead
            AVVideoWidthKey: videoTrack.naturalSize.width,
                                        ^
/Users/keonta/Documents/MyChannel/MyChannel/Features/Stories/FacebookParityStoryEngine.swift:560:42: warning: 'naturalSize' was deprecated in iOS 16.0: Use load(.naturalSize) instead
            AVVideoHeightKey: videoTrack.naturalSize.height
                                         ^
/Users/keonta/Documents/MyChannel/MyChannel/Features/Stories/FacebookParityStoryEngine.swift:563:44: warning: 'preferredTransform' was deprecated in iOS 16.0: Use load(.preferredTransform) instead
        writerInput.transform = videoTrack.preferredTransform
                                           ^
/Users/keonta/Documents/MyChannel/MyChannel/Features/Stories/FacebookParityStoryEngine.swift:570:62: warning: 'naturalSize' was deprecated in iOS 16.0: Use load(.naturalSize) instead
                kCVPixelBufferWidthKey as String: videoTrack.naturalSize.width,
                                                             ^
/Users/keonta/Documents/MyChannel/MyChannel/Features/Stories/FacebookParityStoryEngine.swift:571:63: warning: 'naturalSize' was deprecated in iOS 16.0: Use load(.naturalSize) instead
                kCVPixelBufferHeightKey as String: videoTrack.naturalSize.height
                                                              ^
/Users/keonta/Documents/MyChannel/MyChannel/Features/Stories/FacebookParityStoryEngine.swift:585:30: warning: 'nominalFrameRate' was deprecated in iOS 16.0: Use load(.nominalFrameRate) instead
        let fps = videoTrack.nominalFrameRate > 0 ? videoTrack.nominalFrameRate : 30
                             ^
/Users/keonta/Documents/MyChannel/MyChannel/Features/Stories/FacebookParityStoryEngine.swift:585:64: warning: 'nominalFrameRate' was deprecated in iOS 16.0: Use load(.nominalFrameRate) instead
        let fps = videoTrack.nominalFrameRate > 0 ? videoTrack.nominalFrameRate : 30
                                                               ^
/Users/keonta/Documents/MyChannel/MyChannel/Features/Stories/FacebookParityStoryEngine.swift:965:39: warning: 'tracks(withMediaType:)' was deprecated in iOS 16.0: Use loadTracks(withMediaType:) instead
            if let videoTrack = asset.tracks(withMediaType: .video).first {
                                      ^
/Users/keonta/Documents/MyChannel/MyChannel/Features/Stories/FacebookParityStoryEngine.swift:966:39: warning: 'naturalSize' was deprecated in iOS 16.0: Use load(.naturalSize) instead
                let size = videoTrack.naturalSize
                                      ^
/Users/keonta/Documents/MyChannel/MyChannel/Features/Stories/FacebookParityStoryEngine.swift:1030:38: warning: 'tracks(withMediaType:)' was deprecated in iOS 16.0: Use loadTracks(withMediaType:) instead
        guard let videoTrack = asset.tracks(withMediaType: .video).first else {
                                     ^
/Users/keonta/Documents/MyChannel/MyChannel/Features/Stories/FacebookParityStoryEngine.swift:1044:36: warning: 'naturalSize' was deprecated in iOS 16.0: Use load(.naturalSize) instead
        let videoSize = videoTrack.naturalSize
                                   ^
/Users/keonta/Documents/MyChannel/MyChannel/Features/Stories/FacebookParityStoryEngine.swift:1055:36: warning: 'preferredTransform' was deprecated in iOS 16.0: Use load(.preferredTransform) instead
        var transform = videoTrack.preferredTransform
                                   ^
/Users/keonta/Documents/MyChannel/MyChannel/Features/Flicks/Services/FlicksPerformanceMonitor.swift:88:19: warning: main actor-isolated property 'thermalState' can not be mutated from a Sendable closure
            self?.thermalState = ProcessInfo.processInfo.thermalState
                  ^
/Users/keonta/Documents/MyChannel/MyChannel/Features/Flicks/Services/FlicksPerformanceMonitor.swift:17:20: note: mutation of this property is only permitted within the actor
    @Published var thermalState: ProcessInfo.ThermalState = .nominal
                   ^
/Users/keonta/Documents/MyChannel/MyChannel/Features/Flicks/Services/FlicksPerformanceMonitor.swift:89:19: warning: call to main actor-isolated instance method 'updatePerformanceScore()' in a synchronous nonisolated context
            self?.updatePerformanceScore()
                  ^
/Users/keonta/Documents/MyChannel/MyChannel/Features/Flicks/Services/FlicksPerformanceMonitor.swift:175:18: note: calls to instance method 'updatePerformanceScore()' from outside of its actor context are implicitly asynchronous
    private func updatePerformanceScore() {
                 ^
/Users/keonta/Documents/MyChannel/MyChannel/Features/Flicks/Services/FlicksPerformanceMonitor.swift:98:19: warning: main actor-isolated property 'batteryState' can not be mutated from a Sendable closure
            self?.batteryState = UIDevice.current.batteryState
                  ^
/Users/keonta/Documents/MyChannel/MyChannel/Features/Flicks/Services/FlicksPerformanceMonitor.swift:19:20: note: mutation of this property is only permitted within the actor
    @Published var batteryState: UIDevice.BatteryState = .unknown
                   ^
/Users/keonta/Documents/MyChannel/MyChannel/Features/Flicks/Services/FlicksPerformanceMonitor.swift:99:19: warning: call to main actor-isolated instance method 'updatePerformanceScore()' in a synchronous nonisolated context
            self?.updatePerformanceScore()
                  ^
/Users/keonta/Documents/MyChannel/MyChannel/Features/Flicks/Services/FlicksPerformanceMonitor.swift:175:18: note: calls to instance method 'updatePerformanceScore()' from outside of its actor context are implicitly asynchronous
    private func updatePerformanceScore() {
                 ^
/Users/keonta/Documents/MyChannel/MyChannel/Features/Flicks/Services/FlicksPerformanceMonitor.swift:107:19: warning: main actor-isolated property 'batteryLevel' can not be mutated from a Sendable closure
            self?.batteryLevel = UIDevice.current.batteryLevel
                  ^
/Users/keonta/Documents/MyChannel/MyChannel/Features/Flicks/Services/FlicksPerformanceMonitor.swift:18:20: note: mutation of this property is only permitted within the actor
    @Published var batteryLevel: Float = 1.0
                   ^
/Users/keonta/Documents/MyChannel/MyChannel/Features/Flicks/Services/FlicksPerformanceMonitor.swift:108:19: warning: call to main actor-isolated instance method 'updatePerformanceScore()' in a synchronous nonisolated context
            self?.updatePerformanceScore()
                  ^
/Users/keonta/Documents/MyChannel/MyChannel/Features/Flicks/Services/FlicksPerformanceMonitor.swift:175:18: note: calls to instance method 'updatePerformanceScore()' from outside of its actor context are implicitly asynchronous
    private func updatePerformanceScore() {
                 ^
/Users/keonta/Documents/MyChannel/MyChannel/Features/Flicks/FlicksChallengesView.swift:98:24: warning: value 'challenge' was defined but never used; consider replacing with boolean test
                if let challenge = viewModel.activeChallenge {
                   ~~~~^~~~~~~~~~~~
                                                             != nil
/Users/keonta/Documents/MyChannel/MyChannel/Features/Flicks/NuclearFlicksView.swift:296:13: warning: immutable value 'actionButtonTrailing' was never used; consider replacing with '_' or removing it
        let actionButtonTrailing: CGFloat = 16
            ^~~~~~~~~~~~~~~~~~~~
            _
/Users/keonta/Documents/MyChannel/MyChannel/Features/Stories/UltimateStoryViewModel.swift:297:31: warning: immutable value 'sticker' was never used; consider replacing with '_' or removing it
            case .sticker(let sticker):
                          ~~~~^~~~~~~
                          _
/Users/keonta/Documents/MyChannel/MyChannel/Features/Stories/UltimateStoryViewModel.swift:318:35: warning: immutable value 'text' was never used; consider replacing with '_' or removing it
                if case .text(let text) = $0.type {
                              ~~~~^~~~
                              _
/Users/keonta/Documents/MyChannel/MyChannel/Features/Stories/UltimateStoryViewModel.swift:522:9: warning: immutable property will not be decoded because it is declared with an initial value which cannot be overwritten
    let id = UUID()
        ^
/Users/keonta/Documents/MyChannel/MyChannel/Features/Stories/UltimateStoryViewModel.swift:522:9: note: set the initial value via the initializer or explicitly define a CodingKeys enum including a 'id' case to silence this warning
    let id = UUID()
        ^
/Users/keonta/Documents/MyChannel/MyChannel/Features/Stories/UltimateStoryViewModel.swift:522:9: note: make the property mutable instead
    let id = UUID()
    ~~~ ^
    var
/Users/keonta/Documents/MyChannel/MyChannel/Features/Stories/UltimateStoryViewModel.swift:535:9: warning: immutable property will not be decoded because it is declared with an initial value which cannot be overwritten
    let id = UUID()
        ^
/Users/keonta/Documents/MyChannel/MyChannel/Features/Stories/UltimateStoryViewModel.swift:535:9: note: set the initial value via the initializer or explicitly define a CodingKeys enum including a 'id' case to silence this warning
    let id = UUID()
        ^
/Users/keonta/Documents/MyChannel/MyChannel/Features/Stories/UltimateStoryViewModel.swift:535:9: note: make the property mutable instead
    let id = UUID()
    ~~~ ^
    var
/Users/keonta/Documents/MyChannel/MyChannel/Features/Stories/VoiceEffectsEngine.swift:223:9: warning: no calls to throwing functions occur within 'try' expression
        try await player.scheduleFile(audioFile, at: nil)
        ^
/Users/keonta/Documents/MyChannel/MyChannel/Core/Services/MultiLanguageService.swift:115:13: warning: variable 'metadata' was never mutated; consider changing to 'let' constant
        var metadata = videoTranslations[videoId] ?? MultiLanguageMetadata(videoId: videoId)
        ~~~ ^
        let
/Users/keonta/Documents/MyChannel/MyChannel/Core/Services/MultiLanguageService.swift:145:19: warning: variable 'metadata' was never mutated; consider changing to 'let' constant
        guard var metadata = videoTranslations[videoId] else { return }
              ~~~ ^
              let
/Users/keonta/Documents/MyChannel/MyChannel/Core/Services/MultiRegionReplicationEngine.swift:249:13: warning: immutable property will not be decoded because it is declared with an initial value which cannot be overwritten
        let createdAt: Date = Date()
            ^
/Users/keonta/Documents/MyChannel/MyChannel/Core/Services/MultiRegionReplicationEngine.swift:249:13: note: set the initial value via the initializer or explicitly define a CodingKeys enum including a 'createdAt' case to silence this warning
        let createdAt: Date = Date()
            ^
/Users/keonta/Documents/MyChannel/MyChannel/Core/Services/MultiRegionReplicationEngine.swift:249:13: note: make the property mutable instead
        let createdAt: Date = Date()
        ~~~ ^
        var
/Users/keonta/Documents/MyChannel/MyChannel/Core/Services/StreamerAwardsVotingService.swift:138:21: warning: result of call to 'addStateDidChangeListener' is unused
        Auth.auth().addStateDidChangeListener { [weak self] _, user in
                    ^                         ~~~~~~~~~~~~~~~~~~~~~~~~
/Users/keonta/Documents/MyChannel/MyChannel/Core/Services/StreamProcessingEngine.swift:319:9: warning: immutable property will not be decoded because it is declared with an initial value which cannot be overwritten
    let id: String = UUID().uuidString
        ^
/Users/keonta/Documents/MyChannel/MyChannel/Core/Services/StreamProcessingEngine.swift:319:9: note: set the initial value via the initializer or explicitly define a CodingKeys enum including a 'id' case to silence this warning
    let id: String = UUID().uuidString
        ^
/Users/keonta/Documents/MyChannel/MyChannel/Core/Services/StreamProcessingEngine.swift:319:9: note: make the property mutable instead
    let id: String = UUID().uuidString
    ~~~ ^
    var
/Users/keonta/Documents/MyChannel/MyChannel/Core/Services/StreamProcessingEngine.swift:322:9: warning: immutable property will not be decoded because it is declared with an initial value which cannot be overwritten
    let timestamp: Date = Date()
        ^
/Users/keonta/Documents/MyChannel/MyChannel/Core/Services/StreamProcessingEngine.swift:322:9: note: set the initial value via the initializer or explicitly define a CodingKeys enum including a 'timestamp' case to silence this warning
    let timestamp: Date = Date()
        ^
/Users/keonta/Documents/MyChannel/MyChannel/Core/Services/StreamProcessingEngine.swift:322:9: note: make the property mutable instead
    let timestamp: Date = Date()
    ~~~ ^
    var
/Users/keonta/Documents/MyChannel/MyChannel/Core/Services/StripeConnectService.swift:220:13: warning: initialization of immutable value 'amountInCents' was never used; consider replacing with assignment to '_' or removing it
        let amountInCents = Int(amount * 100)
        ~~~~^~~~~~~~~~~~~
        _
/Users/keonta/Documents/MyChannel/MyChannel/Core/Services/SubscriptionNotificationService.swift:61:17: warning: no 'async' operations occur within 'await' expression
                await UIApplication.shared.registerForRemoteNotifications()
                ^
/Users/keonta/Documents/MyChannel/MyChannel/Core/Services/SubscriptionTiersService.swift:99:42: warning: immutable value 'renewal' was never used; consider replacing with '_' or removing it
                guard case .verified(let renewal) = status.renewalInfo,
                                     ~~~~^~~~~~~
                                     _
/Users/keonta/Documents/MyChannel/MyChannel/Core/Services/TeamCollaborationService.swift:76:13: warning: initialization of immutable value 'decoder' was never used; consider replacing with assignment to '_' or removing it
        let decoder = ISO8601DateFormatter()
        ~~~~^~~~~~~
        _
/Users/keonta/Documents/MyChannel/MyChannel/Core/Services/TeamCollaborationService.swift:112:13: warning: initialization of immutable value 'decoder' was never used; consider replacing with assignment to '_' or removing it
        let decoder = ISO8601DateFormatter()
        ~~~~^~~~~~~
        _
/Users/keonta/Documents/MyChannel/MyChannel/Core/Services/TeamCollaborationService.swift:153:13: warning: initialization of immutable value 'decoder' was never used; consider replacing with assignment to '_' or removing it
        let decoder = ISO8601DateFormatter()
        ~~~~^~~~~~~
        _
/Users/keonta/Documents/MyChannel/MyChannel/Features/Monetization/FanFundingViewModel.swift:24:36: warning: left side of nil coalescing operator '??' has non-optional type 'Color', so the right side is never used
        Color(hexString: colorHex) ?? .blue
        ~~~~~~~~~~~~~~~~~~~~~~~~~~~^~~~~~~~
                                  
/Users/keonta/Documents/MyChannel/MyChannel/Features/Movies/ImprovedMoviesView.swift:418:37: warning: result of call to 'loadPopularMovies(limit:)' is unused
            try await moviesService.loadPopularMovies()
                                    ^                ~~
/Users/keonta/Documents/MyChannel/MyChannel/Features/Movies/ImprovedMoviesView.swift:419:37: warning: result of call to 'loadTrendingMovies(timeWindow:limit:)' is unused
            try await moviesService.loadTrendingMovies()
                                    ^                 ~~
/Users/keonta/Documents/MyChannel/MyChannel/Features/Movies/ImprovedMoviesView.swift:427:37: warning: result of call to 'loadPopularMovies(limit:)' is unused
            try await moviesService.loadPopularMovies()
                                    ^                ~~
/Users/keonta/Documents/MyChannel/MyChannel/Features/Movies/ImprovedMoviesView.swift:428:37: warning: result of call to 'loadTrendingMovies(timeWindow:limit:)' is unused
            try await moviesService.loadTrendingMovies()
                                    ^                 ~~
/Users/keonta/Documents/MyChannel/MyChannel/Features/Movies/MovieDetailView.swift:614:17: warning: expression implicitly coerced from 'URL?' to 'Any'
                URL(string: movie.trailerURL ?? "https://archive.org")
                ^~~~~~~~~~~~~~~~~~~~~~~~~~~~~~~~~~~~~~~~~~~~~~~~~~~~~~
/Users/keonta/Documents/MyChannel/MyChannel/Features/Movies/MovieDetailView.swift:614:17: note: provide a default value to avoid this warning
                URL(string: movie.trailerURL ?? "https://archive.org")
                ^~~~~~~~~~~~~~~~~~~~~~~~~~~~~~~~~~~~~~~~~~~~~~~~~~~~~~
                                                                       ?? <#default value#>
/Users/keonta/Documents/MyChannel/MyChannel/Features/Movies/MovieDetailView.swift:614:17: note: force-unwrap the value to avoid this warning
                URL(string: movie.trailerURL ?? "https://archive.org")
                ^~~~~~~~~~~~~~~~~~~~~~~~~~~~~~~~~~~~~~~~~~~~~~~~~~~~~~
                                                                      !
/Users/keonta/Documents/MyChannel/MyChannel/Features/Movies/MovieDetailView.swift:614:17: note: explicitly cast to 'Any' with 'as Any' to silence this warning
                URL(string: movie.trailerURL ?? "https://archive.org")
                ^~~~~~~~~~~~~~~~~~~~~~~~~~~~~~~~~~~~~~~~~~~~~~~~~~~~~~
                                                                       as Any
/Users/keonta/Documents/MyChannel/MyChannel/Features/Music/ArtistDashboardView.swift:1351:17: warning: variable 'revenueTotal' was never mutated; consider changing to 'let' constant
            var revenueTotal = usageSnapshot.documents.reduce(0.0) { sum, doc in
            ~~~ ^
            let
/Users/keonta/Documents/MyChannel/MyChannel/Core/Services/OMIDViewabilityService.swift:94:38: warning: main actor-isolated property 'activeImpressions' can not be referenced from a Sendable closure
            guard var session = self.activeImpressions[impressionId] else {
                                     ^
/Users/keonta/Documents/MyChannel/MyChannel/Core/Services/OMIDViewabilityService.swift:26:17: note: property declared here
    private var activeImpressions: [String: ViewabilitySession] = [:]
                ^
/Users/keonta/Documents/MyChannel/MyChannel/Core/Services/OMIDViewabilityService.swift:99:21: warning: call to main actor-isolated instance method 'isAdViewable' in a synchronous nonisolated context
            if self.isAdViewable(session.adView) {
                    ^
/Users/keonta/Documents/MyChannel/MyChannel/Core/Services/OMIDViewabilityService.swift:112:18: note: calls to instance method 'isAdViewable' from outside of its actor context are implicitly asynchronous
    private func isAdViewable(_ adView: UIView?) -> Bool {
                 ^
/Users/keonta/Documents/MyChannel/MyChannel/Core/Services/OMIDViewabilityService.swift:104:22: warning: main actor-isolated property 'activeImpressions' can not be mutated from a Sendable closure
                self.activeImpressions[impressionId] = session
                     ^
/Users/keonta/Documents/MyChannel/MyChannel/Core/Services/OMIDViewabilityService.swift:26:17: note: mutation of this property is only permitted within the actor
    private var activeImpressions: [String: ViewabilitySession] = [:]
                ^
/Users/keonta/Documents/MyChannel/MyChannel/Core/Services/OMIDViewabilityService.swift:107:22: warning: main actor-isolated property 'activeImpressions' can not be mutated from a Sendable closure
                self.activeImpressions[impressionId] = session
                     ^
/Users/keonta/Documents/MyChannel/MyChannel/Core/Services/OMIDViewabilityService.swift:26:17: note: mutation of this property is only permitted within the actor
    private var activeImpressions: [String: ViewabilitySession] = [:]
                ^
/Users/keonta/Documents/MyChannel/MyChannel/Core/Services/OptimizedSeekManager.swift:49:23: warning: main actor-isolated property 'isSeeking' can not be mutated from a Sendable closure
                self?.isSeeking = false
                      ^
/Users/keonta/Documents/MyChannel/MyChannel/Core/Services/OptimizedSeekManager.swift:19:17: note: mutation of this property is only permitted within the actor
    private var isSeeking = false
                ^
/Users/keonta/Documents/MyChannel/MyChannel/Core/Services/OptimizedSeekManager.swift:54:18: warning: main actor-isolated property 'isSeeking' can not be mutated from a Sendable closure
            self.isSeeking = false
                 ^
/Users/keonta/Documents/MyChannel/MyChannel/Core/Services/OptimizedSeekManager.swift:19:17: note: mutation of this property is only permitted within the actor
    private var isSeeking = false
                ^
/Users/keonta/Documents/MyChannel/MyChannel/Core/Services/OptimizedSeekManager.swift:75:23: warning: main actor-isolated property 'isSeeking' can not be mutated from a Sendable closure
                self?.isSeeking = false
                      ^
/Users/keonta/Documents/MyChannel/MyChannel/Core/Services/OptimizedSeekManager.swift:19:17: note: mutation of this property is only permitted within the actor
    private var isSeeking = false
                ^
/Users/keonta/Documents/MyChannel/MyChannel/Core/Services/OptimizedSeekManager.swift:80:18: warning: main actor-isolated property 'isSeeking' can not be mutated from a Sendable closure
            self.isSeeking = false
                 ^
/Users/keonta/Documents/MyChannel/MyChannel/Core/Services/OptimizedSeekManager.swift:19:17: note: mutation of this property is only permitted within the actor
    private var isSeeking = false
                ^
/Users/keonta/Documents/MyChannel/MyChannel/Core/Services/OwnerFriendsStore.swift:44:13: warning: initialization of immutable value 'separators' was never used; consider replacing with assignment to '_' or removing it
        let separators = CharacterSet(charactersIn: "\n,|")
        ~~~~^~~~~~~~~~
        _
/Users/keonta/Documents/MyChannel/MyChannel/Core/Services/QueryProcessor.swift:131:31: warning: immutable value 'channelName' was never used; consider replacing with '_' or removing it
            case .channel(let channelName):
                          ~~~~^~~~~~~~~~~
                          _
/Users/keonta/Documents/MyChannel/MyChannel/Core/Services/RealtimeAnalyticsWebSocket.swift:294:39: warning: no 'async' operations occur within 'await' expression
                      let creatorId = await AuthenticationManager.shared.currentUser?.id else {
                                      ^
/Users/keonta/Documents/MyChannel/MyChannel/Core/Services/RealTimeRevenueTracker.swift:209:17: warning: initialization of immutable value 'hourEnd' was never used; consider replacing with assignment to '_' or removing it
            let hourEnd = calendar.date(byAdding: .hour, value: 1, to: hourDate)!
            ~~~~^~~~~~~
            _
/Users/keonta/Documents/MyChannel/MyChannel/Features/Studio/AIContentAssistantViewModel.swift:53:17: warning: initialization of immutable value 'response' was never used; consider replacing with assignment to '_' or removing it
            let response = try await OpenAIService.shared.generate(prompt, model: .gpt5Turbo)
            ~~~~^~~~~~~~
            _
/Users/keonta/Documents/MyChannel/MyChannel/Features/Studio/AICreatorStudioView.swift:163:20: warning: value 'prediction' was defined but never used; consider replacing with boolean test
            if let prediction = viralPrediction {
               ~~~~^~~~~~~~~~~~~
                                                != nil
/Users/keonta/Documents/MyChannel/MyChannel/Features/Studio/AICreatorStudioView.swift:447:19: warning: value 'userId' was defined but never used; consider replacing with boolean test
        guard let userId = appState.currentUser?.id else { return }
              ~~~~^~~~~~~~~
              (                                    ) != nil
/Users/keonta/Documents/MyChannel/MyChannel/Features/Studio/AICreatorStudioView.swift:449:9: warning: no 'async' operations occur within 'await' expression
        await loadAnalytics()
        ^
/Users/keonta/Documents/MyChannel/MyChannel/Features/Studio/AICreatorStudioView.swift:450:9: warning: no 'async' operations occur within 'await' expression
        await loadAudienceInsights()
        ^
/Users/keonta/Documents/MyChannel/MyChannel/Features/Studio/AICreatorStudioView.swift:451:9: warning: no 'async' operations occur within 'await' expression
        await loadCreatorCoaching()
        ^
/Users/keonta/Documents/MyChannel/MyChannel/Core/Services/LiveTVService.swift:91:29: warning: 'loadValues(forKeys:)' was deprecated in iOS 16.0: Use load(_:) instead.  For non-deprecated properties that do not have an AVAsyncProperty equivalent, continue to query these properties synchronously
            try await asset.loadValues(forKeys: ["playable", "duration"])
                            ^
/Users/keonta/Documents/MyChannel/MyChannel/Core/Services/LiveTVService.swift:95:17: warning: capture of 'self' with non-Sendable type 'LiveTVService?' in a '@Sendable' closure
                self?.preloadedAssets[channel.id] = asset
                ^
/Users/keonta/Documents/MyChannel/MyChannel/Core/Services/LiveTVService.swift:5:13: note: class 'LiveTVService' does not conform to the 'Sendable' protocol
final class LiveTVService {
            ^
/Users/keonta/Documents/MyChannel/MyChannel/Core/Services/LiveTVService.swift:99:17: warning: capture of 'self' with non-Sendable type 'LiveTVService?' in a '@Sendable' closure
                self?.preloadedChannelIds.remove(channel.id)
                ^
/Users/keonta/Documents/MyChannel/MyChannel/Core/Services/LiveTVService.swift:5:13: note: class 'LiveTVService' does not conform to the 'Sendable' protocol
final class LiveTVService {
            ^
/Users/keonta/Documents/MyChannel/MyChannel/Core/Services/LiveTVService.swift:91:13: warning: no calls to throwing functions occur within 'try' expression
            try await asset.loadValues(forKeys: ["playable", "duration"])
            ^
/Users/keonta/Documents/MyChannel/MyChannel/Core/Services/LiveTVService.swift:97:11: warning: 'catch' block is unreachable because no errors are thrown in 'do' block
        } catch {
          ^
/Users/keonta/Documents/MyChannel/MyChannel/Core/Services/LiveTVService.swift:152:19: warning: 'loadValuesAsynchronously(forKeys:completionHandler:)' was deprecated in iOS 16.0: Use load(_:) instead.  For non-deprecated properties that do not have an AVAsyncProperty equivalent, continue to query these properties synchronously
            asset.loadValuesAsynchronously(forKeys: ["playable"]) {
                  ^
/Users/keonta/Documents/MyChannel/MyChannel/Core/Services/LiveTVService.swift:155:36: warning: 'statusOfValue(forKey:error:)' was deprecated in iOS 16.0: Use status(of:) instead
                let status = asset.statusOfValue(forKey: "playable", error: &error)
                                   ^
/Users/keonta/Documents/MyChannel/MyChannel/Core/Services/LiveTVService.swift:157:38: warning: 'isPlayable' was deprecated in iOS 16.0: Use load(.isPlayable) instead
                    playable = asset.isPlayable
                                     ^
/Users/keonta/Documents/MyChannel/MyChannel/Core/Services/MiniAppSDKService.swift:128:28: warning: 'javaScriptEnabled' was deprecated in iOS 14.0: Use WKWebpagePreferences.allowsContentJavaScript to disable content JavaScript on a per-navigation basis
        config.preferences.javaScriptEnabled = true
                           ^
/Users/keonta/Documents/MyChannel/MyChannel/Core/Services/ModerationService.swift:84:13: warning: immutable value 'action' was never used; consider removing it
        let action: ServiceModerationAction
            ^
/Users/keonta/Documents/MyChannel/MyChannel/Core/Services/ModerationService.swift:317:9: warning: immutable property will not be decoded because it is declared with an initial value which cannot be overwritten
    let id = UUID().uuidString
        ^
/Users/keonta/Documents/MyChannel/MyChannel/Core/Services/ModerationService.swift:317:9: note: set the initial value via the initializer or explicitly define a CodingKeys enum including a 'id' case to silence this warning
    let id = UUID().uuidString
        ^
/Users/keonta/Documents/MyChannel/MyChannel/Core/Services/ModerationService.swift:317:9: note: make the property mutable instead
    let id = UUID().uuidString
    ~~~ ^
    var
/Users/keonta/Documents/MyChannel/MyChannel/Core/Services/MonitoringService.swift:110:78: warning: conditional downcast from '[String : Any]?' to '[String : Any]' does nothing
        let nsError = NSError(domain: domain, code: code, userInfo: userInfo as? [String : Any])
                                                                    ~~~~~~~~~^~~~~~~~~~~~~~~~~~
                                                                            
/Users/keonta/Documents/MyChannel/MyChannel/Core/Models/Analytics.swift:199:9: warning: immutable property will not be decoded because it is declared with an initial value which cannot be overwritten
    let id = UUID()
        ^
/Users/keonta/Documents/MyChannel/MyChannel/Core/Models/Analytics.swift:199:9: note: set the initial value via the initializer or explicitly define a CodingKeys enum including a 'id' case to silence this warning
    let id = UUID()
        ^
/Users/keonta/Documents/MyChannel/MyChannel/Core/Models/Analytics.swift:199:9: note: make the property mutable instead
    let id = UUID()
    ~~~ ^
    var
/Users/keonta/Documents/MyChannel/MyChannel/Core/Models/LiveChat.swift:131:33: warning: left side of nil coalescing operator '??' has non-optional type 'Color', so the right side is never used
        Color(hexString: color) ?? .blue
        ~~~~~~~~~~~~~~~~~~~~~~~~^~~~~~~~
                               
/Users/keonta/Documents/MyChannel/MyChannel/Core/Models/LiveChat.swift:492:29: warning: result of call to 'run(resultType:body:)' is unused
            await MainActor.run {
                            ^   ~
/Users/keonta/Documents/MyChannel/MyChannel/Features/Premieres/VideoPremiereService.swift:60:34: warning: result of call to 'post(endpoint:body:responseType:headers:)' is unused
        try await networkService.post(
                                 ^   ~
/Users/keonta/Documents/MyChannel/MyChannel/Features/Premieres/VideoPremiereService.swift:86:34: warning: result of call to 'put(endpoint:body:responseType:headers:)' is unused
        try await networkService.put(
                                 ^  ~
/Users/keonta/Documents/MyChannel/MyChannel/Features/Premieres/VideoPremiereService.swift:116:34: warning: result of call to 'put(endpoint:body:responseType:headers:)' is unused
        try await networkService.put(
                                 ^  ~
/Users/keonta/Documents/MyChannel/MyChannel/Features/Premieres/VideoPremiereService.swift:147:34: warning: result of call to 'post(endpoint:body:responseType:headers:)' is unused
        try await networkService.post(
                                 ^   ~
/Users/keonta/Documents/MyChannel/MyChannel/Features/Premieres/VideoPremiereService.swift:229:9: warning: result of 'try?' is unused
        try? await networkService.post(
        ^~~~~~~~~~~~~~~~~~~~~~~~~~~~~~~
/Users/keonta/Documents/MyChannel/MyChannel/Core/Services/MusicPlayerService.swift:141:19: warning: immutable value 'player' was never used; consider replacing with '_' or removing it
        guard let player, duration > 0 else { return }
              ~~~~^~~~~~
              _
/Users/keonta/Documents/MyChannel/MyChannel/Core/Services/MusicPlayerService.swift:152:18: warning: main actor-isolated property 'currentTime' can not be mutated from a Sendable closure
            self.currentTime = seconds
                 ^
/Users/keonta/Documents/MyChannel/MyChannel/Core/Services/MusicPlayerService.swift:40:33: note: mutation of this property is only permitted within the actor
    @Published private(set) var currentTime: TimeInterval = 0
                                ^
/Users/keonta/Documents/MyChannel/MyChannel/Core/Services/MusicPlayerService.swift:153:21: warning: main actor-isolated property 'isPlaying' can not be referenced from a Sendable closure
            if self.isPlaying { player.play() }
                    ^
/Users/keonta/Documents/MyChannel/MyChannel/Core/Services/MusicPlayerService.swift:37:33: note: property declared here
    @Published private(set) var isPlaying: Bool = false
                                ^
/Users/keonta/Documents/MyChannel/MyChannel/Core/Services/MusicPlayerService.swift:268:45: warning: 'regionCode' was deprecated in iOS 16: renamed to 'region.identifier'
            let regionCode = Locale.current.regionCode ?? "US"
                                            ^
/Users/keonta/Documents/MyChannel/MyChannel/Core/Services/MusicPlayerService.swift:268:45: note: use 'region.identifier' instead
            let regionCode = Locale.current.regionCode ?? "US"
                                            ^~~~~~~~~~
                                            region.identifier
/Users/keonta/Documents/MyChannel/MyChannel/Core/Services/MusicPlayerService.swift:345:18: warning: main actor-isolated property 'duration' can not be mutated from a Sendable closure
            self.duration = durationSeconds.isFinite ? durationSeconds : 0
                 ^
/Users/keonta/Documents/MyChannel/MyChannel/Core/Services/MusicPlayerService.swift:41:33: note: mutation of this property is only permitted within the actor
    @Published private(set) var duration: TimeInterval = 0
                                ^
/Users/keonta/Documents/MyChannel/MyChannel/Core/Services/MusicPlayerService.swift:346:18: warning: main actor-isolated property 'currentTime' can not be mutated from a Sendable closure
            self.currentTime = time.seconds
                 ^
/Users/keonta/Documents/MyChannel/MyChannel/Core/Services/MusicPlayerService.swift:40:33: note: mutation of this property is only permitted within the actor
    @Published private(set) var currentTime: TimeInterval = 0
                                ^
/Users/keonta/Documents/MyChannel/MyChannel/Core/Services/MusicPlayerService.swift:348:22: warning: main actor-isolated property 'progress' can not be mutated from a Sendable closure
                self.progress = min(1, max(0, time.seconds / durationSeconds))
                     ^
/Users/keonta/Documents/MyChannel/MyChannel/Core/Services/MusicPlayerService.swift:39:33: note: mutation of this property is only permitted within the actor
    @Published private(set) var progress: Double = 0.0
                                ^
/Users/keonta/Documents/MyChannel/MyChannel/Core/Services/MusicPlayerService.swift:350:22: warning: main actor-isolated property 'progress' can not be mutated from a Sendable closure
                self.progress = 0
                     ^
/Users/keonta/Documents/MyChannel/MyChannel/Core/Services/MusicPlayerService.swift:39:33: note: mutation of this property is only permitted within the actor
    @Published private(set) var progress: Double = 0.0
                                ^
/Users/keonta/Documents/MyChannel/MyChannel/Core/Services/MusicPlayerService.swift:352:18: warning: main actor-isolated property 'isBuffering' can not be mutated from a Sendable closure
            self.isBuffering = item.isPlaybackLikelyToKeepUp == false && !item.isPlaybackBufferEmpty
                 ^
/Users/keonta/Documents/MyChannel/MyChannel/Core/Services/MusicPlayerService.swift:38:33: note: mutation of this property is only permitted within the actor
    @Published private(set) var isBuffering: Bool = false
                                ^
/Users/keonta/Documents/MyChannel/MyChannel/Core/Services/MusicPlayerService.swift:353:18: warning: call to main actor-isolated instance method 'updateElapsed(time:duration:)' in a synchronous nonisolated context
            self.updateElapsed(time: time.seconds, duration: durationSeconds)
                 ^
/Users/keonta/Documents/MyChannel/MyChannel/Core/Services/MusicPlayerService.swift:441:18: note: calls to instance method 'updateElapsed(time:duration:)' from outside of its actor context are implicitly asynchronous
    private func updateElapsed(time: Double, duration: Double) {
                 ^
/Users/keonta/Documents/MyChannel/MyChannel/Core/Services/MusicPlayerService.swift:362:25: warning: main actor-isolated property 'repeatMode' can not be referenced from a Sendable closure
            switch self.repeatMode {
                        ^
/Users/keonta/Documents/MyChannel/MyChannel/Core/Services/MusicPlayerService.swift:44:20: note: property declared here
    @Published var repeatMode: MusicRepeatMode = .off
                   ^
/Users/keonta/Documents/MyChannel/MyChannel/Core/Services/MusicPlayerService.swift:364:22: warning: call to main actor-isolated instance method 'seek(toFraction:)' in a synchronous nonisolated context
                self.seek(toFraction: 0)
                     ^
/Users/keonta/Documents/MyChannel/MyChannel/Core/Services/MusicPlayerService.swift:140:10: note: calls to instance method 'seek(toFraction:)' from outside of its actor context are implicitly asynchronous
    func seek(toFraction fraction: Double) {
         ^
/Users/keonta/Documents/MyChannel/MyChannel/Core/Services/MusicPlayerService.swift:365:22: warning: main actor-isolated property 'player' can not be referenced from a Sendable closure
                self.player?.play()
                     ^
/Users/keonta/Documents/MyChannel/MyChannel/Core/Services/MusicPlayerService.swift:54:17: note: property declared here
    private var player: AVPlayer?
                ^
/Users/keonta/Documents/MyChannel/MyChannel/Core/Services/MusicPlayerService.swift:367:22: warning: call to main actor-isolated instance method 'skipNext()' in a synchronous nonisolated context
                self.skipNext()
                     ^
/Users/keonta/Documents/MyChannel/MyChannel/Core/Services/MusicPlayerService.swift:102:10: note: calls to instance method 'skipNext()' from outside of its actor context are implicitly asynchronous
    func skipNext() {
         ^
/Users/keonta/Documents/MyChannel/MyChannel/Core/Services/MusicPlayerService.swift:369:25: warning: main actor-isolated property 'queue' can not be referenced from a Sendable closure
                if self.queue.isEmpty {
                        ^
/Users/keonta/Documents/MyChannel/MyChannel/Core/Services/MusicPlayerService.swift:34:33: note: property declared here
    @Published private(set) var queue: [Song] = []
                                ^
/Users/keonta/Documents/MyChannel/MyChannel/Core/Services/MusicPlayerService.swift:370:26: warning: call to main actor-isolated instance method 'stop()' in a synchronous nonisolated context
                    self.stop()
                         ^
/Users/keonta/Documents/MyChannel/MyChannel/Core/Services/MusicPlayerService.swift:184:10: note: calls to instance method 'stop()' from outside of its actor context are implicitly asynchronous
    func stop() {
         ^
/Users/keonta/Documents/MyChannel/MyChannel/Core/Services/MusicPlayerService.swift:372:26: warning: call to main actor-isolated instance method 'skipNext()' in a synchronous nonisolated context
                    self.skipNext()
                         ^
/Users/keonta/Documents/MyChannel/MyChannel/Core/Services/MusicPlayerService.swift:102:10: note: calls to instance method 'skipNext()' from outside of its actor context are implicitly asynchronous
    func skipNext() {
         ^
/Users/keonta/Documents/MyChannel/MyChannel/Core/Services/MyChannelDoctorService.swift:260:17: warning: initialization of immutable value 'analytics' was never used; consider replacing with assignment to '_' or removing it
            let analytics = try await db.collection("user_analytics")
            ~~~~^~~~~~~~~
            _
/Users/keonta/Documents/MyChannel/MyChannel/Core/Services/MyChannelDoctorService.swift:621:27: warning: variable 'self' was written to, but never read
            .sink { [weak self] _ in
                          ^
/Users/keonta/Documents/MyChannel/MyChannel/Features/Studio/InfoCardsEditorView.swift:69:25: warning: result of 'try?' is unused
                        try? await service.createCard(newCard)
                        ^~~~~~~~~~~~~~~~~~~~~~~~~~~~~~~~~~~~~~
/Users/keonta/Documents/MyChannel/MyChannel/Features/Studio/InfoCardsEditorView.swift:81:25: warning: result of 'try?' is unused
                        try? await service.updateCard(updatedCard)
                        ^~~~~~~~~~~~~~~~~~~~~~~~~~~~~~~~~~~~~~~~~~
/Users/keonta/Documents/MyChannel/MyChannel/Features/Studio/MembershipsManagerView.swift:20:96: warning: no calls to throwing functions occur within 'try' expression
                Toggle("Enable Tips", isOn: Binding(get: { tipsEnabled }, set: { val in Task { try? await toggleTips(val) } }))
                                                                                               ^
/Users/keonta/Documents/MyChannel/MyChannel/Features/Studio/MembershipsManagerView.swift:21:110: warning: no calls to throwing functions occur within 'try' expression
                Toggle("Enable Memberships", isOn: Binding(get: { membershipsEnabled }, set: { val in Task { try? await toggleMemberships(val) } }))
                                                                                                             ^
/Users/keonta/Documents/MyChannel/MyChannel/Features/Studio/VideoRepurposerViewModel.swift:123:17: warning: initialization of immutable value 'response' was never used; consider replacing with assignment to '_' or removing it
            let response = try await OpenAIService.shared.generate(prompt, model: .gpt5Turbo)
            ~~~~^~~~~~~~
            _
/Users/keonta/Documents/MyChannel/MyChannel/Features/Subscriptions/SubscriptionsViewModel.swift:208:11: warning: 'catch' block is unreachable because no errors are thrown in 'do' block
        } catch {
          ^
/Users/keonta/Documents/MyChannel/MyChannel/Features/BackgroundPlay/BackgroundPlayService.swift:263:91: warning: 'allowBluetooth' was deprecated in iOS 8.0: renamed to 'AVAudioSession.CategoryOptions.allowBluetoothHFP'
        try audioSession.setCategory(.playback, mode: .default, options: [.allowAirPlay, .allowBluetooth])
                                                                                          ^
/Users/keonta/Documents/MyChannel/MyChannel/Features/BackgroundPlay/BackgroundPlayService.swift:263:91: note: use 'AVAudioSession.CategoryOptions.allowBluetoothHFP' instead
        try audioSession.setCategory(.playback, mode: .default, options: [.allowAirPlay, .allowBluetooth])
                                                                                          ^~~~~~~~~~~~~~
                                                                                          AVAudioSession.CategoryOptions.allowBluetoothHFP
/Users/keonta/Documents/MyChannel/MyChannel/Features/BackgroundPlay/BackgroundPlayService.swift:407:19: warning: immutable value 'currentItem' was never used; consider replacing with '_' or removing it
              let currentItem = player.currentItem else { return }
              ~~~~^~~~~~~~~~~
              _
/Users/keonta/Documents/MyChannel/MyChannel/Features/Collaborations/CollaborationsService.swift:194:29: warning: expression implicitly coerced from 'Timestamp?' to 'Any'
                "deadline": deadline != nil ? Timestamp(date: deadline!) : nil
                            ^~~~~~~~~~~~~~~~~~~~~~~~~~~~~~~~~~~~~~~~~~~~~~~~~~
/Users/keonta/Documents/MyChannel/MyChannel/Features/Collaborations/CollaborationsService.swift:194:45: note: provide a default value to avoid this warning
                "deadline": deadline != nil ? Timestamp(date: deadline!) : nil
                            ~~~~~~~~~~~~~~~~^~~~~~~~~~~~~~~~~~~~~~~~~~~~~~~~~~
                                                                               ?? <#default value#>
/Users/keonta/Documents/MyChannel/MyChannel/Features/Collaborations/CollaborationsService.swift:194:45: note: force-unwrap the value to avoid this warning
                "deadline": deadline != nil ? Timestamp(date: deadline!) : nil
                            ~~~~~~~~~~~~~~~~^~~~~~~~~~~~~~~~~~~~~~~~~~~~~~~~~~
                                                                              !
/Users/keonta/Documents/MyChannel/MyChannel/Features/Collaborations/CollaborationsService.swift:194:45: note: explicitly cast to 'Any' with 'as Any' to silence this warning
                "deadline": deadline != nil ? Timestamp(date: deadline!) : nil
                            ~~~~~~~~~~~~~~~~^~~~~~~~~~~~~~~~~~~~~~~~~~~~~~~~~~
                                                                               as Any
/Users/keonta/Documents/MyChannel/MyChannel/Features/Collaborations/CollaborationsService.swift:223:23: warning: variable 'data' was never mutated; consider changing to 'let' constant
            guard var data = doc.data() else { return false }
                  ~~~ ^
                  let
/Users/keonta/Documents/MyChannel/MyChannel/Features/Collaborations/CollaborationsService.swift:318:23: warning: variable 'data' was never mutated; consider changing to 'let' constant
            guard var data = doc.data() else { return false }
                  ~~~ ^
                  let
/Users/keonta/Documents/MyChannel/MyChannel/Features/Collaborations/CollaborationsService.swift:420:19: warning: value 'docs' was defined but never used; consider replacing with boolean test
        guard let docs = snapshot?.documents else { return }
              ~~~~^~~~~~~
              (                             ) != nil
/Users/keonta/Documents/MyChannel/MyChannel/Features/Collaborations/CollaborationsService.swift:426:19: warning: value 'docs' was defined but never used; consider replacing with boolean test
        guard let docs = snapshot?.documents else { return }
              ~~~~^~~~~~~
              (                             ) != nil
/Users/keonta/Documents/MyChannel/MyChannel/Features/Community/CreateCommunityPostView.swift:396:13: warning: initialization of immutable value 'newPost' was never used; consider replacing with assignment to '_' or removing it
        let newPost = CommunityPost(
        ~~~~^~~~~~~
        _
/Users/keonta/Documents/MyChannel/MyChannel/Features/Downloads/Components/DownloadButton.swift:93:16: warning: value 'progress' was defined but never used; consider replacing with boolean test
        if let progress = downloadProgress {
           ~~~~^~~~~~~~~~~
                                           != nil
/Users/keonta/Documents/MyChannel/MyChannel/Features/Monetization/FanFundingViewModel.swift:24:36: warning: left side of nil coalescing operator '??' has non-optional type 'Color', so the right side is never used
        Color(hexString: colorHex) ?? .blue
        ~~~~~~~~~~~~~~~~~~~~~~~~~~~^~~~~~~~
                                  
/Users/keonta/Documents/MyChannel/MyChannel/Features/Movies/ImprovedMoviesView.swift:418:37: warning: result of call to 'loadPopularMovies(limit:)' is unused
            try await moviesService.loadPopularMovies()
                                    ^                ~~
/Users/keonta/Documents/MyChannel/MyChannel/Features/Movies/ImprovedMoviesView.swift:419:37: warning: result of call to 'loadTrendingMovies(timeWindow:limit:)' is unused
            try await moviesService.loadTrendingMovies()
                                    ^                 ~~
/Users/keonta/Documents/MyChannel/MyChannel/Features/Movies/ImprovedMoviesView.swift:427:37: warning: result of call to 'loadPopularMovies(limit:)' is unused
            try await moviesService.loadPopularMovies()
                                    ^                ~~
/Users/keonta/Documents/MyChannel/MyChannel/Features/Movies/ImprovedMoviesView.swift:428:37: warning: result of call to 'loadTrendingMovies(timeWindow:limit:)' is unused
            try await moviesService.loadTrendingMovies()
                                    ^                 ~~
/Users/keonta/Documents/MyChannel/MyChannel/Features/Movies/MovieDetailView.swift:614:17: warning: expression implicitly coerced from 'URL?' to 'Any'
                URL(string: movie.trailerURL ?? "https://archive.org")
                ^~~~~~~~~~~~~~~~~~~~~~~~~~~~~~~~~~~~~~~~~~~~~~~~~~~~~~
/Users/keonta/Documents/MyChannel/MyChannel/Features/Movies/MovieDetailView.swift:614:17: note: provide a default value to avoid this warning
                URL(string: movie.trailerURL ?? "https://archive.org")
                ^~~~~~~~~~~~~~~~~~~~~~~~~~~~~~~~~~~~~~~~~~~~~~~~~~~~~~
                                                                       ?? <#default value#>
/Users/keonta/Documents/MyChannel/MyChannel/Features/Movies/MovieDetailView.swift:614:17: note: force-unwrap the value to avoid this warning
                URL(string: movie.trailerURL ?? "https://archive.org")
                ^~~~~~~~~~~~~~~~~~~~~~~~~~~~~~~~~~~~~~~~~~~~~~~~~~~~~~
                                                                      !
/Users/keonta/Documents/MyChannel/MyChannel/Features/Movies/MovieDetailView.swift:614:17: note: explicitly cast to 'Any' with 'as Any' to silence this warning
                URL(string: movie.trailerURL ?? "https://archive.org")
                ^~~~~~~~~~~~~~~~~~~~~~~~~~~~~~~~~~~~~~~~~~~~~~~~~~~~~~
                                                                       as Any
/Users/keonta/Documents/MyChannel/MyChannel/Features/Music/ArtistDashboardView.swift:1351:17: warning: variable 'revenueTotal' was never mutated; consider changing to 'let' constant
            var revenueTotal = usageSnapshot.documents.reduce(0.0) { sum, doc in
            ~~~ ^
            let
/Users/keonta/Documents/MyChannel/MyChannel/Features/Flicks/VerticalShortsView.swift:469:16: warning: value 'index' was defined but never used; consider replacing with boolean test
        if let index = shorts.firstIndex(where: { $0.id == videoId }) {
           ~~~~^~~~~~~~
                                                                      != nil
/Users/keonta/Documents/MyChannel/MyChannel/Features/Flicks/VerticalVideoFeedView.swift:392:16: warning: value 'index' was defined but never used; consider replacing with boolean test
        if let index = shorts.firstIndex(where: { $0.id == videoId }) {
           ~~~~^~~~~~~~
                                                                      != nil
/Users/keonta/Documents/MyChannel/MyChannel/Features/Gaming/ChampionshipBeltSystem.swift:348:21: warning: immutable value 'doc' was never used; consider replacing with '_' or removing it
                for doc in snapshot.documents {
                    ^~~
                    _
/Users/keonta/Documents/MyChannel/MyChannel/Features/Gaming/GamingAIOrchestrator.swift:397:9: warning: result of 'try?' is unused
        try? await db.collection("ai_championship_events").addDocument(data: payload)
        ^~~~~~~~~~~~~~~~~~~~~~~~~~~~~~~~~~~~~~~~~~~~~~~~~~~~~~~~~~~~~~~~~~~~~~~~~~~~~
/Users/keonta/Documents/MyChannel/MyChannel/Features/Gaming/GamingAIOrchestrator.swift:435:9: warning: result of 'try?' is unused
        try? await db.collection("ai_ranking_refreshes").addDocument(data: [
        ^~~~~~~~~~~~~~~~~~~~~~~~~~~~~~~~~~~~~~~~~~~~~~~~~~~~~~~~~~~~~~~~~~~~
/Users/keonta/Documents/MyChannel/MyChannel/Features/Gaming/GamingAIOrchestrator.swift:685:13: warning: variable 'totalMatches' was never mutated; consider changing to 'let' constant
        var totalMatches = matchHistory?.documents.count ?? 0
        ~~~ ^
        let
/Users/keonta/Documents/MyChannel/MyChannel/Features/Gaming/GamingAIOrchestrator.swift:885:13: warning: variable 'currentPlayers' was never mutated; consider changing to 'let' constant
        var currentPlayers = sortedPlayers
        ~~~ ^
        let
/Users/keonta/Documents/MyChannel/MyChannel/Features/Gaming/GamingEsportsView.swift:348:70: warning: left side of nil coalescing operator '??' has non-optional type 'Color', so the right side is never used
                                colors: [Color(hexString: "#DC143C") ?? .red, Color(hexString: "#8B0000") ?? Color(red: 0.55, green: 0, blue: 0)],
                                         ~~~~~~~~~~~~~~~~~~~~~~~~~~~~^~~~~~~
                                                                    
/Users/keonta/Documents/MyChannel/MyChannel/Features/Gaming/GamingEsportsView.swift:348:107: warning: left side of nil coalescing operator '??' has non-optional type 'Color', so the right side is never used
                                colors: [Color(hexString: "#DC143C") ?? .red, Color(hexString: "#8B0000") ?? Color(red: 0.55, green: 0, blue: 0)],
                                                                              ~~~~~~~~~~~~~~~~~~~~~~~~~~~~^~~~~~~~~~~~~~~~~~~~~~~~~~~~~~~~~~~~~~
                                                                                                         
/Users/keonta/Documents/MyChannel/MyChannel/Features/Gaming/GamingEsportsView.swift:365:63: warning: left side of nil coalescing operator '??' has non-optional type 'Color', so the right side is never used
                        colors: [(Color(hexString: "#FFD700") ?? .yellow).opacity(0.5), (Color(hexString: "#DC143C") ?? .red).opacity(0.5)],
                                  ~~~~~~~~~~~~~~~~~~~~~~~~~~~~^~~~~~~~~~
                                                             
/Users/keonta/Documents/MyChannel/MyChannel/Features/Gaming/GamingEsportsView.swift:365:118: warning: left side of nil coalescing operator '??' has non-optional type 'Color', so the right side is never used
                        colors: [(Color(hexString: "#FFD700") ?? .yellow).opacity(0.5), (Color(hexString: "#DC143C") ?? .red).opacity(0.5)],
                                                                                         ~~~~~~~~~~~~~~~~~~~~~~~~~~~~^~~~~~~
                                                                                                                    
/Users/keonta/Documents/MyChannel/MyChannel/Features/Gaming/GamingEsportsView.swift:771:62: warning: left side of nil coalescing operator '??' has non-optional type 'Color', so the right side is never used
                .foregroundColor(Color(hexString: "#FFD700") ?? .yellow)
                                 ~~~~~~~~~~~~~~~~~~~~~~~~~~~~^~~~~~~~~~
                                                            
/Users/keonta/Documents/MyChannel/MyChannel/Features/Gaming/GamingEsportsView.swift:1115:78: warning: left side of nil coalescing operator '??' has non-optional type 'Color', so the right side is never used
                            colors: rank == 1 ? [Color(hexString: "#FFD700") ?? .yellow, Color(hexString: "#FFA500") ?? .orange] :
                                                 ~~~~~~~~~~~~~~~~~~~~~~~~~~~~^~~~~~~~~~
                                                                            
/Users/keonta/Documents/MyChannel/MyChannel/Features/Gaming/GamingEsportsView.swift:1115:118: warning: left side of nil coalescing operator '??' has non-optional type 'Color', so the right side is never used
                            colors: rank == 1 ? [Color(hexString: "#FFD700") ?? .yellow, Color(hexString: "#FFA500") ?? .orange] :
                                                                                         ~~~~~~~~~~~~~~~~~~~~~~~~~~~~^~~~~~~~~~
                                                                                                                    
/Users/keonta/Documents/MyChannel/MyChannel/Features/Gaming/GamingEsportsView.swift:1116:78: warning: left side of nil coalescing operator '??' has non-optional type 'Color', so the right side is never used
                                    rank == 2 ? [Color(hexString: "#C0C0C0") ?? .gray, Color(hexString: "#A8A8A8") ?? .gray] :
                                                 ~~~~~~~~~~~~~~~~~~~~~~~~~~~~^~~~~~~~
                                                                            
/Users/keonta/Documents/MyChannel/MyChannel/Features/Gaming/GamingEsportsView.swift:1116:116: warning: left side of nil coalescing operator '??' has non-optional type 'Color', so the right side is never used
                                    rank == 2 ? [Color(hexString: "#C0C0C0") ?? .gray, Color(hexString: "#A8A8A8") ?? .gray] :
                                                                                       ~~~~~~~~~~~~~~~~~~~~~~~~~~~~^~~~~~~~
                                                                                                                  
/Users/keonta/Documents/MyChannel/MyChannel/Features/Gaming/GamingEsportsView.swift:1117:66: warning: left side of nil coalescing operator '??' has non-optional type 'Color', so the right side is never used
                                    [Color(hexString: "#CD7F32") ?? .brown, Color(hexString: "#8B4513") ?? .brown],
                                     ~~~~~~~~~~~~~~~~~~~~~~~~~~~~^~~~~~~~~
                                                                
/Users/keonta/Documents/MyChannel/MyChannel/Features/Gaming/GamingEsportsView.swift:1117:105: warning: left side of nil coalescing operator '??' has non-optional type 'Color', so the right side is never used
                                    [Color(hexString: "#CD7F32") ?? .brown, Color(hexString: "#8B4513") ?? .brown],
                                                                            ~~~~~~~~~~~~~~~~~~~~~~~~~~~~^~~~~~~~~
                                                                                                       
/Users/keonta/Documents/MyChannel/MyChannel/Features/Gaming/GamingEsportsView.swift:1158:71: warning: left side of nil coalescing operator '??' has non-optional type 'Color', so the right side is never used
                            (rank == 1 ? (Color(hexString: "#FFD700") ?? .yellow).opacity(0.5) :
                                          ~~~~~~~~~~~~~~~~~~~~~~~~~~~~^~~~~~~~~~
                                                                     
/Users/keonta/Documents/MyChannel/MyChannel/Features/Gaming/GamingEsportsView.swift:1159:71: warning: left side of nil coalescing operator '??' has non-optional type 'Color', so the right side is never used
                             rank == 2 ? (Color(hexString: "#C0C0C0") ?? .gray).opacity(0.5) :
                                          ~~~~~~~~~~~~~~~~~~~~~~~~~~~~^~~~~~~~
                                                                     
/Users/keonta/Documents/MyChannel/MyChannel/Features/Gaming/GamingEsportsView.swift:1160:59: warning: left side of nil coalescing operator '??' has non-optional type 'Color', so the right side is never used
                             (Color(hexString: "#CD7F32") ?? .brown).opacity(0.5)),
                              ~~~~~~~~~~~~~~~~~~~~~~~~~~~~^~~~~~~~~
                                                         
/Users/keonta/Documents/MyChannel/MyChannel/Features/Gaming/GamingEsportsView.swift:1246:56: warning: left side of nil coalescing operator '??' has non-optional type 'Color', so the right side is never used
                    color: Color(hexString: "#FFD700") ?? .yellow
                           ~~~~~~~~~~~~~~~~~~~~~~~~~~~~^~~~~~~~~~
                                                      
/Users/keonta/Documents/MyChannel/MyChannel/Features/Gaming/GamingEsportsView.swift:1343:71: warning: left side of nil coalescing operator '??' has non-optional type 'Color', so the right side is never used
                                colors: [(Color(hexString: "#FFD700") ?? .yellow).opacity(0.3), (Color(hexString: "#DC143C") ?? .red).opacity(0.3)],
                                          ~~~~~~~~~~~~~~~~~~~~~~~~~~~~^~~~~~~~~~
                                                                     
/Users/keonta/Documents/MyChannel/MyChannel/Features/Gaming/GamingEsportsView.swift:1343:126: warning: left side of nil coalescing operator '??' has non-optional type 'Color', so the right side is never used
                                colors: [(Color(hexString: "#FFD700") ?? .yellow).opacity(0.3), (Color(hexString: "#DC143C") ?? .red).opacity(0.3)],
                                                                                                 ~~~~~~~~~~~~~~~~~~~~~~~~~~~~^~~~~~~
                                                                                                                            
/Users/keonta/Documents/MyChannel/MyChannel/Features/Gaming/GamingEsportsView.swift:1358:142: warning: left side of nil coalescing operator '??' has non-optional type 'Color', so the right side is never used
            statCard(title: "Tournaments Won", value: "\(viewModel.tournamentsWon)", icon: "trophy.fill", color: Color(hexString: "#FFD700") ?? .yellow)
                                                                                                                 ~~~~~~~~~~~~~~~~~~~~~~~~~~~~^~~~~~~~~~
                                                                                                                                            
/Users/keonta/Documents/MyChannel/MyChannel/Features/Gaming/GamingOnboardingView.swift:77:70: warning: left side of nil coalescing operator '??' has non-optional type 'Color', so the right side is never used
                                colors: [Color(hexString: "#FFD700") ?? .yellow, Color(hexString: "#FFA500") ?? .orange],
                                         ~~~~~~~~~~~~~~~~~~~~~~~~~~~~^~~~~~~~~~
                                                                    
/Users/keonta/Documents/MyChannel/MyChannel/Features/Gaming/GamingOnboardingView.swift:77:110: warning: left side of nil coalescing operator '??' has non-optional type 'Color', so the right side is never used
                                colors: [Color(hexString: "#FFD700") ?? .yellow, Color(hexString: "#FFA500") ?? .orange],
                                                                                 ~~~~~~~~~~~~~~~~~~~~~~~~~~~~^~~~~~~~~~
                                                                                                            
/Users/keonta/Documents/MyChannel/MyChannel/Features/Gaming/GamingOnboardingView.swift:437:56: warning: left side of nil coalescing operator '??' has non-optional type 'Color', so the right side is never used
                    color: Color(hexString: "#FFD700") ?? .yellow
                           ~~~~~~~~~~~~~~~~~~~~~~~~~~~~^~~~~~~~~~
                                                      
/Users/keonta/Documents/MyChannel/MyChannel/Features/Gaming/GamingOnboardingView.swift:467:62: warning: left side of nil coalescing operator '??' has non-optional type 'Color', so the right side is never used
                        colors: [Color(hexString: "#DC143C") ?? .red, Color(hexString: "#8B0000") ?? Color(red: 0.55, green: 0, blue: 0)],
                                 ~~~~~~~~~~~~~~~~~~~~~~~~~~~~^~~~~~~
                                                            
/Users/keonta/Documents/MyChannel/MyChannel/Features/Gaming/GamingOnboardingView.swift:467:99: warning: left side of nil coalescing operator '??' has non-optional type 'Color', so the right side is never used
                        colors: [Color(hexString: "#DC143C") ?? .red, Color(hexString: "#8B0000") ?? Color(red: 0.55, green: 0, blue: 0)],
                                                                      ~~~~~~~~~~~~~~~~~~~~~~~~~~~~^~~~~~~~~~~~~~~~~~~~~~~~~~~~~~~~~~~~~~
                                                                                                 
/Users/keonta/Documents/MyChannel/MyChannel/Features/Gaming/MatchProofUploadService.swift:342:21: warning: function call causes an infinite recursion
        return self.duration
                    ^
/Users/keonta/Documents/MyChannel/MyChannel/Features/Gaming/MatchResultSubmissionView.swift:798:21: warning: initialization of immutable value 'result' was never used; consider replacing with assignment to '_' or removing it
                let result = try await verificationService.submitMatchResult(
                ~~~~^~~~~~
                _
/Users/keonta/Documents/MyChannel/MyChannel/Features/Gaming/MatchVerificationService.swift:96:23: warning: result of call to 'verifyMatch(matchId:)' is unused
            try await verifyMatch(matchId: matchId)
                      ^          ~~~~~~~~~~~~~~~~~~
/Users/keonta/Documents/MyChannel/MyChannel/Features/Gaming/MatchVerificationService.swift:252:33: warning: result of call to 'depositFunds(userId:amount:paymentMethodId:)' is unused
        try await walletService.depositFunds(
                                ^           ~
/Users/keonta/Documents/MyChannel/MyChannel/Features/Gaming/MatchVerificationService.swift:389:33: warning: result of call to 'depositFunds(userId:amount:paymentMethodId:)' is unused
        try await walletService.depositFunds(
                                ^           ~
/Users/keonta/Documents/MyChannel/MyChannel/Features/Gaming/PrizePoolBreakdownView.swift:56:62: warning: left side of nil coalescing operator '??' has non-optional type 'Color', so the right side is never used
                .foregroundColor(Color(hexString: "#FFD700") ?? .yellow)
                                 ~~~~~~~~~~~~~~~~~~~~~~~~~~~~^~~~~~~~~~
                                                            
/Users/keonta/Documents/MyChannel/MyChannel/Features/Gaming/PrizePoolBreakdownView.swift:101:71: warning: left side of nil coalescing operator '??' has non-optional type 'Color', so the right side is never used
                                colors: [(Color(hexString: "#FFD700") ?? .yellow).opacity(0.3), (Color(hexString: "#DC143C") ?? .red).opacity(0.3)],
                                          ~~~~~~~~~~~~~~~~~~~~~~~~~~~~^~~~~~~~~~
                                                                     
/Users/keonta/Documents/MyChannel/MyChannel/Features/Gaming/PrizePoolBreakdownView.swift:101:126: warning: left side of nil coalescing operator '??' has non-optional type 'Color', so the right side is never used
                                colors: [(Color(hexString: "#FFD700") ?? .yellow).opacity(0.3), (Color(hexString: "#DC143C") ?? .red).opacity(0.3)],
                                                                                                 ~~~~~~~~~~~~~~~~~~~~~~~~~~~~^~~~~~~
                                                                                                                            
/Users/keonta/Documents/MyChannel/MyChannel/Features/Gaming/TournamentBracket3DView.swift:188:25: warning: initialization of immutable value 'nextRound' was never used; consider replacing with assignment to '_' or removing it
                    let nextRound = tournament.rounds[roundIndex + 1]
                    ~~~~^~~~~~~~~
                    _
/Users/keonta/Documents/MyChannel/MyChannel/Features/Gaming/TournamentBracketView.swift:249:63: warning: left side of nil coalescing operator '??' has non-optional type 'Color', so the right side is never used
                .fill(isWinner ? (Color(hexString: "#FFD700") ?? .yellow).opacity(0.1) : AppTheme.Colors.surface)
                                  ~~~~~~~~~~~~~~~~~~~~~~~~~~~~^~~~~~~~~~
                                                             
/Users/keonta/Documents/MyChannel/MyChannel/Features/Gaming/TournamentBracketView.swift:254:82: warning: left side of nil coalescing operator '??' has non-optional type 'Color', so the right side is never used
                        .foregroundColor(isWinner ? (Color(hexString: "#FFD700") ?? .yellow) : AppTheme.Colors.textPrimary)
                                                     ~~~~~~~~~~~~~~~~~~~~~~~~~~~~^~~~~~~~~~
                                                                                
/Users/keonta/Documents/MyChannel/MyChannel/Features/Gaming/TournamentBracketView.swift:260:74: warning: left side of nil coalescing operator '??' has non-optional type 'Color', so the right side is never used
                .foregroundColor(isWinner ? (Color(hexString: "#FFD700") ?? .yellow) : AppTheme.Colors.textPrimary)
                                             ~~~~~~~~~~~~~~~~~~~~~~~~~~~~^~~~~~~~~~
                                                                        
/Users/keonta/Documents/MyChannel/MyChannel/Features/Gaming/TournamentBracketView.swift:269:78: warning: left side of nil coalescing operator '??' has non-optional type 'Color', so the right side is never used
                    .foregroundColor(isWinner ? (Color(hexString: "#FFD700") ?? .yellow) : AppTheme.Colors.textPrimary)
                                                 ~~~~~~~~~~~~~~~~~~~~~~~~~~~~^~~~~~~~~~
                                                                            
/Users/keonta/Documents/MyChannel/MyChannel/Features/Gaming/TournamentBracketView.swift:279:66: warning: left side of nil coalescing operator '??' has non-optional type 'Color', so the right side is never used
                    .foregroundColor(Color(hexString: "#FFD700") ?? .yellow)
                                     ~~~~~~~~~~~~~~~~~~~~~~~~~~~~^~~~~~~~~~
                                                                
/Users/keonta/Documents/MyChannel/MyChannel/Features/Gaming/TournamentBracketView.swift:286:63: warning: left side of nil coalescing operator '??' has non-optional type 'Color', so the right side is never used
                .fill(isWinner ? (Color(hexString: "#FFD700") ?? .yellow).opacity(0.05) : Color.clear)
                                  ~~~~~~~~~~~~~~~~~~~~~~~~~~~~^~~~~~~~~~
                                                             
/Users/keonta/Documents/MyChannel/MyChannel/Features/Gaming/TournamentBracketViewModel.swift:39:52: warning: left side of nil coalescing operator '??' has non-optional type 'Color', so the right side is never used
                color: Color(hexString: "#FFD700") ?? .yellow
                       ~~~~~~~~~~~~~~~~~~~~~~~~~~~~^~~~~~~~~~
                                                  
/Users/keonta/Documents/MyChannel/MyChannel/Features/Gaming/TournamentService.swift:93:13: warning: initialization of immutable value 'endDate' was never used; consider replacing with assignment to '_' or removing it
        let endDate = (data["endDate"] as? Timestamp)?.dateValue() ?? Date().addingTimeInterval(604800)
        ~~~~^~~~~~~
        _
/Users/keonta/Documents/MyChannel/MyChannel/Features/Gaming/TournamentService.swift:123:21: warning: initialization of immutable value 'scheduledDate' was never used; consider replacing with assignment to '_' or removing it
                let scheduledDate = (matchData["scheduledDate"] as? Timestamp)?.dateValue()
                ~~~~^~~~~~~~~~~~~
                _
/Users/keonta/Documents/MyChannel/MyChannel/Core/Services/SearchHistoryService.swift:104:30: warning: main actor-isolated property 'db' can not be referenced from a Sendable closure
            let batch = self.db.batch()
                             ^
/Users/keonta/Documents/MyChannel/MyChannel/Core/Services/SearchHistoryService.swift:29:17: note: property declared here
    private var db: Firestore { Firestore.firestore() }
                ^
/Users/keonta/Documents/MyChannel/MyChannel/Core/Services/SearchSuggestionService.swift:53:40: warning: no 'async' operations occur within 'await' expression
        suggestions.append(contentsOf: await matchTrendingSearches(query))
                                       ^
/Users/keonta/Documents/MyChannel/MyChannel/Core/Services/VideoService.swift:274:24: warning: capture of 'exportSession' with non-Sendable type 'AVAssetExportSession' in a '@Sendable' closure
                switch exportSession.status {
                       ^
/Applications/Xcode.app/Contents/Developer/Platforms/iPhoneSimulator.platform/Developer/SDKs/iPhoneSimulator26.4.sdk/System/Library/Frameworks/AVFoundation.framework/Headers/AVAssetExportSession.h:159:12: note: class 'AVAssetExportSession' does not conform to the 'Sendable' protocol
@interface AVAssetExportSession : NSObject
           ^
/Users/keonta/Documents/MyChannel/MyChannel/Core/Services/VideoService.swift:399:15: warning: 'catch' block is unreachable because no errors are thrown in 'do' block
            } catch {
              ^
/Users/keonta/Documents/MyChannel/MyChannel/Core/Services/VideoService.swift:274:24: warning: capture of 'exportSession' with non-Sendable type 'AVAssetExportSession' in a '@Sendable' closure
                switch exportSession.status {
                       ^
/Applications/Xcode.app/Contents/Developer/Platforms/iPhoneSimulator.platform/Developer/SDKs/iPhoneSimulator26.4.sdk/System/Library/Frameworks/AVFoundation.framework/Headers/AVAssetExportSession.h:159:12: note: class 'AVAssetExportSession' does not conform to the 'Sendable' protocol
@interface AVAssetExportSession : NSObject
           ^
/Users/keonta/Documents/MyChannel/MyChannel/Core/Services/VideoService.swift:399:15: warning: 'catch' block is unreachable because no errors are thrown in 'do' block
            } catch {
              ^
/Users/keonta/Documents/MyChannel/MyChannel/Core/Services/VideoService.swift:274:24: warning: capture of 'exportSession' with non-Sendable type 'AVAssetExportSession' in a '@Sendable' closure
                switch exportSession.status {
                       ^
/Applications/Xcode.app/Contents/Developer/Platforms/iPhoneSimulator.platform/Developer/SDKs/iPhoneSimulator26.4.sdk/System/Library/Frameworks/AVFoundation.framework/Headers/AVAssetExportSession.h:159:12: note: class 'AVAssetExportSession' does not conform to the 'Sendable' protocol
@interface AVAssetExportSession : NSObject
           ^
/Users/keonta/Documents/MyChannel/MyChannel/Core/Services/VideoService.swift:399:15: warning: 'catch' block is unreachable because no errors are thrown in 'do' block
            } catch {
              ^
/Users/keonta/Documents/MyChannel/MyChannel/Core/Services/VideoService.swift:274:24: warning: capture of 'exportSession' with non-Sendable type 'AVAssetExportSession' in a '@Sendable' closure
                switch exportSession.status {
                       ^
/Applications/Xcode.app/Contents/Developer/Platforms/iPhoneSimulator.platform/Developer/SDKs/iPhoneSimulator26.4.sdk/System/Library/Frameworks/AVFoundation.framework/Headers/AVAssetExportSession.h:159:12: note: class 'AVAssetExportSession' does not conform to the 'Sendable' protocol
@interface AVAssetExportSession : NSObject
           ^
/Users/keonta/Documents/MyChannel/MyChannel/Core/Services/VideoService.swift:399:15: warning: 'catch' block is unreachable because no errors are thrown in 'do' block
            } catch {
              ^
/Users/keonta/Documents/MyChannel/MyChannel/Core/Services/VideoService.swift:274:24: warning: capture of 'exportSession' with non-Sendable type 'AVAssetExportSession' in a '@Sendable' closure
                switch exportSession.status {
                       ^
/Applications/Xcode.app/Contents/Developer/Platforms/iPhoneSimulator.platform/Developer/SDKs/iPhoneSimulator26.4.sdk/System/Library/Frameworks/AVFoundation.framework/Headers/AVAssetExportSession.h:159:12: note: class 'AVAssetExportSession' does not conform to the 'Sendable' protocol
@interface AVAssetExportSession : NSObject
           ^
/Users/keonta/Documents/MyChannel/MyChannel/Core/Services/VideoService.swift:399:15: warning: 'catch' block is unreachable because no errors are thrown in 'do' block
            } catch {
              ^
/Users/keonta/Documents/MyChannel/MyChannel/Core/Services/VideoService.swift:274:24: warning: capture of 'exportSession' with non-Sendable type 'AVAssetExportSession' in a '@Sendable' closure
                switch exportSession.status {
                       ^
/Applications/Xcode.app/Contents/Developer/Platforms/iPhoneSimulator.platform/Developer/SDKs/iPhoneSimulator26.4.sdk/System/Library/Frameworks/AVFoundation.framework/Headers/AVAssetExportSession.h:159:12: note: class 'AVAssetExportSession' does not conform to the 'Sendable' protocol
@interface AVAssetExportSession : NSObject
           ^
/Users/keonta/Documents/MyChannel/MyChannel/Core/Services/VideoService.swift:399:15: warning: 'catch' block is unreachable because no errors are thrown in 'do' block
            } catch {
              ^
/Users/keonta/Documents/MyChannel/MyChannel/Core/Services/VideoService.swift:274:24: warning: capture of 'exportSession' with non-Sendable type 'AVAssetExportSession' in a '@Sendable' closure
                switch exportSession.status {
                       ^
/Applications/Xcode.app/Contents/Developer/Platforms/iPhoneSimulator.platform/Developer/SDKs/iPhoneSimulator26.4.sdk/System/Library/Frameworks/AVFoundation.framework/Headers/AVAssetExportSession.h:159:12: note: class 'AVAssetExportSession' does not conform to the 'Sendable' protocol
@interface AVAssetExportSession : NSObject
           ^
/Users/keonta/Documents/MyChannel/MyChannel/Core/Services/VideoService.swift:399:15: warning: 'catch' block is unreachable because no errors are thrown in 'do' block
            } catch {
              ^
/Users/keonta/Documents/MyChannel/MyChannel/Core/Services/VideoService.swift:274:24: warning: capture of 'exportSession' with non-Sendable type 'AVAssetExportSession' in a '@Sendable' closure
                switch exportSession.status {
                       ^
/Applications/Xcode.app/Contents/Developer/Platforms/iPhoneSimulator.platform/Developer/SDKs/iPhoneSimulator26.4.sdk/System/Library/Frameworks/AVFoundation.framework/Headers/AVAssetExportSession.h:159:12: note: class 'AVAssetExportSession' does not conform to the 'Sendable' protocol
@interface AVAssetExportSession : NSObject
           ^
/Users/keonta/Documents/MyChannel/MyChannel/Core/Services/VideoService.swift:399:15: warning: 'catch' block is unreachable because no errors are thrown in 'do' block
            } catch {
              ^
/Users/keonta/Documents/MyChannel/MyChannel/Core/Services/VideoStreamingService.swift:147:21: warning: 'isReadable' was deprecated in iOS 16.0: Use load(.isReadable) instead
        guard asset.isReadable else {
                    ^
/Users/keonta/Documents/MyChannel/MyChannel/Core/Services/VideoService.swift:274:24: warning: capture of 'exportSession' with non-Sendable type 'AVAssetExportSession' in a '@Sendable' closure
                switch exportSession.status {
                       ^
/Applications/Xcode.app/Contents/Developer/Platforms/iPhoneSimulator.platform/Developer/SDKs/iPhoneSimulator26.4.sdk/System/Library/Frameworks/AVFoundation.framework/Headers/AVAssetExportSession.h:159:12: note: class 'AVAssetExportSession' does not conform to the 'Sendable' protocol
@interface AVAssetExportSession : NSObject
           ^
/Users/keonta/Documents/MyChannel/MyChannel/Core/Services/VideoService.swift:399:15: warning: 'catch' block is unreachable because no errors are thrown in 'do' block
            } catch {
              ^
/Users/keonta/Documents/MyChannel/MyChannel/Core/Services/VideoService.swift:274:24: warning: capture of 'exportSession' with non-Sendable type 'AVAssetExportSession' in a '@Sendable' closure
                switch exportSession.status {
                       ^
/Applications/Xcode.app/Contents/Developer/Platforms/iPhoneSimulator.platform/Developer/SDKs/iPhoneSimulator26.4.sdk/System/Library/Frameworks/AVFoundation.framework/Headers/AVAssetExportSession.h:159:12: note: class 'AVAssetExportSession' does not conform to the 'Sendable' protocol
@interface AVAssetExportSession : NSObject
           ^
/Users/keonta/Documents/MyChannel/MyChannel/Core/Services/VideoService.swift:399:15: warning: 'catch' block is unreachable because no errors are thrown in 'do' block
            } catch {
              ^
/Users/keonta/Documents/MyChannel/MyChannel/Core/Services/VideoService.swift:274:24: warning: capture of 'exportSession' with non-Sendable type 'AVAssetExportSession' in a '@Sendable' closure
                switch exportSession.status {
                       ^
/Applications/Xcode.app/Contents/Developer/Platforms/iPhoneSimulator.platform/Developer/SDKs/iPhoneSimulator26.4.sdk/System/Library/Frameworks/AVFoundation.framework/Headers/AVAssetExportSession.h:159:12: note: class 'AVAssetExportSession' does not conform to the 'Sendable' protocol
@interface AVAssetExportSession : NSObject
           ^
/Users/keonta/Documents/MyChannel/MyChannel/Core/Services/VideoService.swift:399:15: warning: 'catch' block is unreachable because no errors are thrown in 'do' block
            } catch {
              ^
/Users/keonta/Documents/MyChannel/MyChannel/Core/Services/VideoService.swift:274:24: warning: capture of 'exportSession' with non-Sendable type 'AVAssetExportSession' in a '@Sendable' closure
                switch exportSession.status {
                       ^
/Applications/Xcode.app/Contents/Developer/Platforms/iPhoneSimulator.platform/Developer/SDKs/iPhoneSimulator26.4.sdk/System/Library/Frameworks/AVFoundation.framework/Headers/AVAssetExportSession.h:159:12: note: class 'AVAssetExportSession' does not conform to the 'Sendable' protocol
@interface AVAssetExportSession : NSObject
           ^
/Users/keonta/Documents/MyChannel/MyChannel/Core/Services/VideoService.swift:399:15: warning: 'catch' block is unreachable because no errors are thrown in 'do' block
            } catch {
              ^
/Users/keonta/Documents/MyChannel/MyChannel/Core/Services/VoiceCommandService.swift:141:9: warning: no calls to throwing functions occur within 'try' expression
        try? await ComplianceAuditLogService.shared.logAction(
        ^
/Users/keonta/Documents/MyChannel/MyChannel/Core/Services/VideoService.swift:274:24: warning: capture of 'exportSession' with non-Sendable type 'AVAssetExportSession' in a '@Sendable' closure
                switch exportSession.status {
                       ^
/Applications/Xcode.app/Contents/Developer/Platforms/iPhoneSimulator.platform/Developer/SDKs/iPhoneSimulator26.4.sdk/System/Library/Frameworks/AVFoundation.framework/Headers/AVAssetExportSession.h:159:12: note: class 'AVAssetExportSession' does not conform to the 'Sendable' protocol
@interface AVAssetExportSession : NSObject
           ^
/Users/keonta/Documents/MyChannel/MyChannel/Core/Services/VideoService.swift:399:15: warning: 'catch' block is unreachable because no errors are thrown in 'do' block
            } catch {
              ^
/Users/keonta/Documents/MyChannel/MyChannel/Core/Services/VideoService.swift:274:24: warning: capture of 'exportSession' with non-Sendable type 'AVAssetExportSession' in a '@Sendable' closure
                switch exportSession.status {
                       ^
/Applications/Xcode.app/Contents/Developer/Platforms/iPhoneSimulator.platform/Developer/SDKs/iPhoneSimulator26.4.sdk/System/Library/Frameworks/AVFoundation.framework/Headers/AVAssetExportSession.h:159:12: note: class 'AVAssetExportSession' does not conform to the 'Sendable' protocol
@interface AVAssetExportSession : NSObject
           ^
/Users/keonta/Documents/MyChannel/MyChannel/Core/Services/VideoService.swift:399:15: warning: 'catch' block is unreachable because no errors are thrown in 'do' block
            } catch {
              ^
/Users/keonta/Documents/MyChannel/MyChannel/Core/Services/VideoService.swift:274:24: warning: capture of 'exportSession' with non-Sendable type 'AVAssetExportSession' in a '@Sendable' closure
                switch exportSession.status {
                       ^
/Applications/Xcode.app/Contents/Developer/Platforms/iPhoneSimulator.platform/Developer/SDKs/iPhoneSimulator26.4.sdk/System/Library/Frameworks/AVFoundation.framework/Headers/AVAssetExportSession.h:159:12: note: class 'AVAssetExportSession' does not conform to the 'Sendable' protocol
@interface AVAssetExportSession : NSObject
           ^
/Users/keonta/Documents/MyChannel/MyChannel/Core/Services/VideoService.swift:399:15: warning: 'catch' block is unreachable because no errors are thrown in 'do' block
            } catch {
              ^
/Users/keonta/Documents/MyChannel/MyChannel/Core/Services/VideoService.swift:274:24: warning: capture of 'exportSession' with non-Sendable type 'AVAssetExportSession' in a '@Sendable' closure
                switch exportSession.status {
                       ^
/Applications/Xcode.app/Contents/Developer/Platforms/iPhoneSimulator.platform/Developer/SDKs/iPhoneSimulator26.4.sdk/System/Library/Frameworks/AVFoundation.framework/Headers/AVAssetExportSession.h:159:12: note: class 'AVAssetExportSession' does not conform to the 'Sendable' protocol
@interface AVAssetExportSession : NSObject
           ^
/Users/keonta/Documents/MyChannel/MyChannel/Core/Services/VideoService.swift:399:15: warning: 'catch' block is unreachable because no errors are thrown in 'do' block
            } catch {
              ^
/Users/keonta/Documents/MyChannel/MyChannel/Core/Services/VSMatchComplianceService.swift:390:57: warning: left side of nil coalescing operator '??' has non-optional type 'String', so the right side is never used
            return errors.map { $0.localizedDescription ?? "Unknown error" }.joined(separator: ", ")
                                ~~~~~~~~~~~~~~~~~~~~~~~~^~~~~~~~~~~~~~~~~~
                                                       
/Users/keonta/Documents/MyChannel/MyChannel/Core/Services/VideoService.swift:274:24: warning: capture of 'exportSession' with non-Sendable type 'AVAssetExportSession' in a '@Sendable' closure
                switch exportSession.status {
                       ^
/Applications/Xcode.app/Contents/Developer/Platforms/iPhoneSimulator.platform/Developer/SDKs/iPhoneSimulator26.4.sdk/System/Library/Frameworks/AVFoundation.framework/Headers/AVAssetExportSession.h:159:12: note: class 'AVAssetExportSession' does not conform to the 'Sendable' protocol
@interface AVAssetExportSession : NSObject
           ^
/Users/keonta/Documents/MyChannel/MyChannel/Core/Services/VideoService.swift:399:15: warning: 'catch' block is unreachable because no errors are thrown in 'do' block
            } catch {
              ^
/Users/keonta/Documents/MyChannel/MyChannel/Core/Services/VSMatchWalletService.swift:39:17: warning: initialization of immutable value 'pending' was never used; consider replacing with assignment to '_' or removing it
            let pending = data["pendingBalance"] as? Double ?? 0.0
            ~~~~^~~~~~~
            _
/Users/keonta/Documents/MyChannel/MyChannel/Core/Services/VideoService.swift:274:24: warning: capture of 'exportSession' with non-Sendable type 'AVAssetExportSession' in a '@Sendable' closure
                switch exportSession.status {
                       ^
/Applications/Xcode.app/Contents/Developer/Platforms/iPhoneSimulator.platform/Developer/SDKs/iPhoneSimulator26.4.sdk/System/Library/Frameworks/AVFoundation.framework/Headers/AVAssetExportSession.h:159:12: note: class 'AVAssetExportSession' does not conform to the 'Sendable' protocol
@interface AVAssetExportSession : NSObject
           ^
/Users/keonta/Documents/MyChannel/MyChannel/Core/Services/VideoService.swift:399:15: warning: 'catch' block is unreachable because no errors are thrown in 'do' block
            } catch {
              ^
/Users/keonta/Documents/MyChannel/MyChannel/Core/Services/VideoService.swift:274:24: warning: capture of 'exportSession' with non-Sendable type 'AVAssetExportSession' in a '@Sendable' closure
                switch exportSession.status {
                       ^
/Applications/Xcode.app/Contents/Developer/Platforms/iPhoneSimulator.platform/Developer/SDKs/iPhoneSimulator26.4.sdk/System/Library/Frameworks/AVFoundation.framework/Headers/AVAssetExportSession.h:159:12: note: class 'AVAssetExportSession' does not conform to the 'Sendable' protocol
@interface AVAssetExportSession : NSObject
           ^
/Users/keonta/Documents/MyChannel/MyChannel/Core/Services/VideoService.swift:399:15: warning: 'catch' block is unreachable because no errors are thrown in 'do' block
            } catch {
              ^
/Users/keonta/Documents/MyChannel/MyChannel/Core/Services/VideoService.swift:274:24: warning: capture of 'exportSession' with non-Sendable type 'AVAssetExportSession' in a '@Sendable' closure
                switch exportSession.status {
                       ^
/Applications/Xcode.app/Contents/Developer/Platforms/iPhoneSimulator.platform/Developer/SDKs/iPhoneSimulator26.4.sdk/System/Library/Frameworks/AVFoundation.framework/Headers/AVAssetExportSession.h:159:12: note: class 'AVAssetExportSession' does not conform to the 'Sendable' protocol
@interface AVAssetExportSession : NSObject
           ^
/Users/keonta/Documents/MyChannel/MyChannel/Core/Services/VideoService.swift:399:15: warning: 'catch' block is unreachable because no errors are thrown in 'do' block
            } catch {
              ^
/Users/keonta/Documents/MyChannel/MyChannel/Core/Services/VideoService.swift:274:24: warning: capture of 'exportSession' with non-Sendable type 'AVAssetExportSession' in a '@Sendable' closure
                switch exportSession.status {
                       ^
/Applications/Xcode.app/Contents/Developer/Platforms/iPhoneSimulator.platform/Developer/SDKs/iPhoneSimulator26.4.sdk/System/Library/Frameworks/AVFoundation.framework/Headers/AVAssetExportSession.h:159:12: note: class 'AVAssetExportSession' does not conform to the 'Sendable' protocol
@interface AVAssetExportSession : NSObject
           ^
/Users/keonta/Documents/MyChannel/MyChannel/Core/Services/VideoService.swift:399:15: warning: 'catch' block is unreachable because no errors are thrown in 'do' block
            } catch {
              ^
/Users/keonta/Documents/MyChannel/MyChannel/Core/Services/VideoService.swift:274:24: warning: capture of 'exportSession' with non-Sendable type 'AVAssetExportSession' in a '@Sendable' closure
                switch exportSession.status {
                       ^
/Applications/Xcode.app/Contents/Developer/Platforms/iPhoneSimulator.platform/Developer/SDKs/iPhoneSimulator26.4.sdk/System/Library/Frameworks/AVFoundation.framework/Headers/AVAssetExportSession.h:159:12: note: class 'AVAssetExportSession' does not conform to the 'Sendable' protocol
@interface AVAssetExportSession : NSObject
           ^
/Users/keonta/Documents/MyChannel/MyChannel/Core/Services/VideoService.swift:399:15: warning: 'catch' block is unreachable because no errors are thrown in 'do' block
            } catch {
              ^
/Users/keonta/Documents/MyChannel/MyChannel/Core/Services/VideoService.swift:274:24: warning: capture of 'exportSession' with non-Sendable type 'AVAssetExportSession' in a '@Sendable' closure
                switch exportSession.status {
                       ^
/Applications/Xcode.app/Contents/Developer/Platforms/iPhoneSimulator.platform/Developer/SDKs/iPhoneSimulator26.4.sdk/System/Library/Frameworks/AVFoundation.framework/Headers/AVAssetExportSession.h:159:12: note: class 'AVAssetExportSession' does not conform to the 'Sendable' protocol
@interface AVAssetExportSession : NSObject
           ^
/Users/keonta/Documents/MyChannel/MyChannel/Core/Services/VideoService.swift:399:15: warning: 'catch' block is unreachable because no errors are thrown in 'do' block
            } catch {
              ^
/Users/keonta/Documents/MyChannel/MyChannel/Core/Services/VideoService.swift:274:24: warning: capture of 'exportSession' with non-Sendable type 'AVAssetExportSession' in a '@Sendable' closure
                switch exportSession.status {
                       ^
/Applications/Xcode.app/Contents/Developer/Platforms/iPhoneSimulator.platform/Developer/SDKs/iPhoneSimulator26.4.sdk/System/Library/Frameworks/AVFoundation.framework/Headers/AVAssetExportSession.h:159:12: note: class 'AVAssetExportSession' does not conform to the 'Sendable' protocol
@interface AVAssetExportSession : NSObject
           ^
/Users/keonta/Documents/MyChannel/MyChannel/Core/Services/VideoService.swift:399:15: warning: 'catch' block is unreachable because no errors are thrown in 'do' block
            } catch {
              ^
/Users/keonta/Documents/MyChannel/MyChannel/Core/Services/WebSocketGateway.swift:316:9: warning: immutable property will not be decoded because it is declared with an initial value which cannot be overwritten
    let timestamp: Date = Date()
        ^
/Users/keonta/Documents/MyChannel/MyChannel/Core/Services/WebSocketGateway.swift:316:9: note: set the initial value via the initializer or explicitly define a CodingKeys enum including a 'timestamp' case to silence this warning
    let timestamp: Date = Date()
        ^
/Users/keonta/Documents/MyChannel/MyChannel/Core/Services/WebSocketGateway.swift:316:9: note: make the property mutable instead
    let timestamp: Date = Date()
    ~~~ ^
    var
/Users/keonta/Documents/MyChannel/MyChannel/Core/Services/VideoService.swift:274:24: warning: capture of 'exportSession' with non-Sendable type 'AVAssetExportSession' in a '@Sendable' closure
                switch exportSession.status {
                       ^
/Applications/Xcode.app/Contents/Developer/Platforms/iPhoneSimulator.platform/Developer/SDKs/iPhoneSimulator26.4.sdk/System/Library/Frameworks/AVFoundation.framework/Headers/AVAssetExportSession.h:159:12: note: class 'AVAssetExportSession' does not conform to the 'Sendable' protocol
@interface AVAssetExportSession : NSObject
           ^
/Users/keonta/Documents/MyChannel/MyChannel/Core/Services/VideoService.swift:399:15: warning: 'catch' block is unreachable because no errors are thrown in 'do' block
            } catch {
              ^
/Users/keonta/Documents/MyChannel/MyChannel/Features/Flicks/Services/FlicksPerformanceMonitor.swift:88:19: warning: main actor-isolated property 'thermalState' can not be mutated from a Sendable closure
            self?.thermalState = ProcessInfo.processInfo.thermalState
                  ^
/Users/keonta/Documents/MyChannel/MyChannel/Features/Flicks/Services/FlicksPerformanceMonitor.swift:17:20: note: mutation of this property is only permitted within the actor
    @Published var thermalState: ProcessInfo.ThermalState = .nominal
                   ^
/Users/keonta/Documents/MyChannel/MyChannel/Features/Flicks/Services/FlicksPerformanceMonitor.swift:89:19: warning: call to main actor-isolated instance method 'updatePerformanceScore()' in a synchronous nonisolated context
            self?.updatePerformanceScore()
                  ^
/Users/keonta/Documents/MyChannel/MyChannel/Features/Flicks/Services/FlicksPerformanceMonitor.swift:175:18: note: calls to instance method 'updatePerformanceScore()' from outside of its actor context are implicitly asynchronous
    private func updatePerformanceScore() {
                 ^
/Users/keonta/Documents/MyChannel/MyChannel/Features/Flicks/Services/FlicksPerformanceMonitor.swift:98:19: warning: main actor-isolated property 'batteryState' can not be mutated from a Sendable closure
            self?.batteryState = UIDevice.current.batteryState
                  ^
/Users/keonta/Documents/MyChannel/MyChannel/Features/Flicks/Services/FlicksPerformanceMonitor.swift:19:20: note: mutation of this property is only permitted within the actor
    @Published var batteryState: UIDevice.BatteryState = .unknown
                   ^
/Users/keonta/Documents/MyChannel/MyChannel/Features/Flicks/Services/FlicksPerformanceMonitor.swift:99:19: warning: call to main actor-isolated instance method 'updatePerformanceScore()' in a synchronous nonisolated context
            self?.updatePerformanceScore()
                  ^
/Users/keonta/Documents/MyChannel/MyChannel/Features/Flicks/Services/FlicksPerformanceMonitor.swift:175:18: note: calls to instance method 'updatePerformanceScore()' from outside of its actor context are implicitly asynchronous
    private func updatePerformanceScore() {
                 ^
/Users/keonta/Documents/MyChannel/MyChannel/Features/Flicks/Services/FlicksPerformanceMonitor.swift:107:19: warning: main actor-isolated property 'batteryLevel' can not be mutated from a Sendable closure
            self?.batteryLevel = UIDevice.current.batteryLevel
                  ^
/Users/keonta/Documents/MyChannel/MyChannel/Features/Flicks/Services/FlicksPerformanceMonitor.swift:18:20: note: mutation of this property is only permitted within the actor
    @Published var batteryLevel: Float = 1.0
                   ^
/Users/keonta/Documents/MyChannel/MyChannel/Features/Flicks/Services/FlicksPerformanceMonitor.swift:108:19: warning: call to main actor-isolated instance method 'updatePerformanceScore()' in a synchronous nonisolated context
            self?.updatePerformanceScore()
                  ^
/Users/keonta/Documents/MyChannel/MyChannel/Features/Flicks/Services/FlicksPerformanceMonitor.swift:175:18: note: calls to instance method 'updatePerformanceScore()' from outside of its actor context are implicitly asynchronous
    private func updatePerformanceScore() {
                 ^
/Users/keonta/Documents/MyChannel/MyChannel/Features/Flicks/FlicksChallengesView.swift:98:24: warning: value 'challenge' was defined but never used; consider replacing with boolean test
                if let challenge = viewModel.activeChallenge {
                   ~~~~^~~~~~~~~~~~
                                                             != nil
/Users/keonta/Documents/MyChannel/MyChannel/Features/Flicks/NuclearFlicksView.swift:296:13: warning: immutable value 'actionButtonTrailing' was never used; consider replacing with '_' or removing it
        let actionButtonTrailing: CGFloat = 16
            ^~~~~~~~~~~~~~~~~~~~
            _
/Users/keonta/Documents/MyChannel/MyChannel/Core/AI/UnifiedAGIBrain.swift:126:27: warning: no calls to throwing functions occur within 'try' expression
        let sceneResult = try? await sceneAnalysis
                          ^
/Users/keonta/Documents/MyChannel/MyChannel/Core/Authentication/AuthenticationManager.swift:99:48: warning: no 'async' operations occur within 'await' expression
                    let alreadyAuthenticated = await self.isAuthenticated
                                               ^
/Users/keonta/Documents/MyChannel/MyChannel/Core/Authentication/AuthenticationManager.swift:293:15: warning: 'catch' block is unreachable because no errors are thrown in 'do' block
            } catch {
              ^
/Users/keonta/Documents/MyChannel/MyChannel/Core/Authentication/AuthenticationManager.swift:410:69: warning: 'catch' block is unreachable because no errors are thrown in 'do' block
        do { await createFirestoreProfileIfNeeded(for: basicUser) } catch { print("⚠️ [Auth] Non-fatal: Firestore profile creation failed: \(error)") }
/Users/keonta/Documents/MyChannel/MyChannel/Core/Authentication/AuthenticationManager.swift:411:88: warning: 'catch' block is unreachable because no errors are thrown in 'do' block
        do { await loadFullProfileAfterSignIn(uid: payload.uid, fallback: basicUser) } catch { print("⚠️ [Auth] Non-fatal: profile loading failed: \(error)") }
/Users/keonta/Documents/MyChannel/MyChannel/Core/Authentication/AuthenticationManager.swift:441:77: warning: 'catch' block is unreachable because no errors are thrown in 'do' block
                do { await createFirestoreProfileIfNeeded(for: basicUser) } catch { print("⚠️ [Auth] Non-fatal: Firestore profile creation failed: \(error)") }
/Users/keonta/Documents/MyChannel/MyChannel/Core/Authentication/AuthenticationManager.swift:442:96: warning: 'catch' block is unreachable because no errors are thrown in 'do' block
                do { await loadFullProfileAfterSignIn(uid: payload.uid, fallback: basicUser) } catch { print("⚠️ [Auth] Non-fatal: profile loading failed: \(error)") }
/Users/keonta/Documents/MyChannel/MyChannel/Core/Authentication/AuthenticationManager.swift:513:76: warning: 'catch' block is unreachable because no errors are thrown in 'do' block
            do { await createFirestoreProfileIfNeeded(for: resolvedUser) } catch { print("⚠️ [Auth] Non-fatal: Firestore profile creation failed: \(error)") }
/Users/keonta/Documents/MyChannel/MyChannel/Core/Authentication/AuthenticationManager.swift:515:95: warning: 'catch' block is unreachable because no errors are thrown in 'do' block
            do { await loadFullProfileAfterSignIn(uid: payload.uid, fallback: resolvedUser) } catch { print("⚠️ [Auth] Non-fatal: profile loading failed: \(error)") }
/Users/keonta/Documents/MyChannel/MyChannel/Core/Components/FloatingMiniPlayer.swift:148:9: warning: application of result builder 'ViewBuilder' disabled by explicit 'return' statement
        return ZStack {
        ^
/Users/keonta/Documents/MyChannel/MyChannel/Core/Components/FloatingMiniPlayer.swift:120:5: note: remove the attribute to explicitly disable the result builder
    @ViewBuilder
    ^~~~~~~~~~~~
    
/Users/keonta/Documents/MyChannel/MyChannel/Core/Components/FloatingMiniPlayer.swift:148:9: note: remove 'return' statements to apply the result builder
        return ZStack {
        ^~~~~~~
        
/Users/keonta/Documents/MyChannel/MyChannel/Core/Components/ModernVideoPlayerView.swift:830:32: warning: 'mediaSelectionGroup(forMediaCharacteristic:)' was deprecated in iOS 16.0: Use loadMediaSelectionGroup(for:) instead
        if let legible = asset.mediaSelectionGroup(forMediaCharacteristic: .legible) {
                               ^
/Users/keonta/Documents/MyChannel/MyChannel/Core/Components/ModernVideoPlayerView.swift:834:32: warning: 'mediaSelectionGroup(forMediaCharacteristic:)' was deprecated in iOS 16.0: Use loadMediaSelectionGroup(for:) instead
        if let audible = asset.mediaSelectionGroup(forMediaCharacteristic: .audible) {
                               ^
/Users/keonta/Documents/MyChannel/MyChannel/Features/Search/SearchView.swift:508:15: warning: 'catch' block is unreachable because no errors are thrown in 'do' block
            } catch {
              ^
/Users/keonta/Documents/MyChannel/MyChannel/Features/Settings/SettingsView.swift:497:30: warning: no calls to throwing functions occur within 'try' expression
                let videos = try await VideoFirestoreService.shared.fetchVideosByCreator(creatorId: userId)
                             ^
/Users/keonta/Documents/MyChannel/MyChannel/Features/Stories/FacebookParityStoryUploadManager.swift:158:35: warning: 'tracks(withMediaType:)' was deprecated in iOS 16.0: Use loadTracks(withMediaType:) instead
        if let videoTrack = asset.tracks(withMediaType: .video).first {
                                  ^
/Users/keonta/Documents/MyChannel/MyChannel/Features/Stories/FacebookParityStoryUploadManager.swift:159:35: warning: 'naturalSize' was deprecated in iOS 16.0: Use load(.naturalSize) instead
            let size = videoTrack.naturalSize
                                  ^
/Users/keonta/Documents/MyChannel/MyChannel/Features/Stories/FacebookParityStoryUploadManager.swift:184:40: warning: 'nominalFrameRate' was deprecated in iOS 16.0: Use load(.nominalFrameRate) instead
            let frameRate = videoTrack.nominalFrameRate
                                       ^
/Users/keonta/Documents/MyChannel/MyChannel/Features/Stories/FacebookParityStoryUploadManager.swift:343:38: warning: 'tracks(withMediaType:)' was deprecated in iOS 16.0: Use loadTracks(withMediaType:) instead
        guard let videoTrack = asset.tracks(withMediaType: .video).first else {
                                     ^
/Users/keonta/Documents/MyChannel/MyChannel/Features/Stories/FacebookParityStoryUploadManager.swift:360:36: warning: 'naturalSize' was deprecated in iOS 16.0: Use load(.naturalSize) instead
        let videoSize = videoTrack.naturalSize
                                   ^
/Users/keonta/Documents/MyChannel/MyChannel/Features/Stories/FacebookParityStoryUploadManager.swift:371:36: warning: 'preferredTransform' was deprecated in iOS 16.0: Use load(.preferredTransform) instead
        var transform = videoTrack.preferredTransform
                                   ^
/Users/keonta/Documents/MyChannel/MyChannel/Features/Stories/FacebookParityStoryUploadManager.swift:383:35: warning: 'tracks(withMediaType:)' was deprecated in iOS 16.0: Use loadTracks(withMediaType:) instead
        if let audioTrack = asset.tracks(withMediaType: .audio).first {
                                  ^
/Users/keonta/Documents/MyChannel/MyChannel/Features/Stories/MultiClipEngine.swift:317:51: warning: capture of 'exportSession' with non-Sendable type 'AVAssetExportSession' in a '@Sendable' closure
                self?.processingProgress = Double(exportSession.progress)
                                                  ^
/Applications/Xcode.app/Contents/Developer/Platforms/iPhoneSimulator.platform/Developer/SDKs/iPhoneSimulator26.4.sdk/System/Library/Frameworks/AVFoundation.framework/Headers/AVAssetExportSession.h:159:12: note: class 'AVAssetExportSession' does not conform to the 'Sendable' protocol
@interface AVAssetExportSession : NSObject
           ^
/Users/keonta/Documents/MyChannel/MyChannel/Features/Stories/ProCameraEngine.swift:76:19: warning: call to main actor-isolated instance method 'configureSession()' in a synchronous nonisolated context
            self?.configureSession()
                  ^
/Users/keonta/Documents/MyChannel/MyChannel/Features/Stories/ProCameraEngine.swift:100:18: note: calls to instance method 'configureSession()' from outside of its actor context are implicitly asynchronous
    private func configureSession() {
                 ^
/Users/keonta/Documents/MyChannel/MyChannel/Features/Stories/ProCameraEngine.swift:78:22: warning: main actor-isolated property 'setupResult' can not be referenced from a Sendable closure
            if self?.setupResult == .success {
                     ^
/Users/keonta/Documents/MyChannel/MyChannel/Features/Stories/ProCameraEngine.swift:35:17: note: property declared here
    private var setupResult: SessionSetupResult = .success
                ^
/Users/keonta/Documents/MyChannel/MyChannel/Features/Stories/ProCameraEngine.swift:79:23: warning: main actor-isolated property 'captureSession' can not be referenced from a Sendable closure
                self?.captureSession.startRunning()
                      ^
/Users/keonta/Documents/MyChannel/MyChannel/Features/Stories/ProCameraEngine.swift:28:9: note: property declared here
    let captureSession = AVCaptureSession()
        ^
/Users/keonta/Documents/MyChannel/MyChannel/Features/Stories/ProCameraEngine.swift:90:22: warning: main actor-isolated property 'setupResult' can not be referenced from a Sendable closure
            if self?.setupResult == .success {
                     ^
/Users/keonta/Documents/MyChannel/MyChannel/Features/Stories/ProCameraEngine.swift:35:17: note: property declared here
    private var setupResult: SessionSetupResult = .success
                ^
/Users/keonta/Documents/MyChannel/MyChannel/Features/Stories/ProCameraEngine.swift:91:23: warning: main actor-isolated property 'captureSession' can not be referenced from a Sendable closure
                self?.captureSession.stopRunning()
                      ^
/Users/keonta/Documents/MyChannel/MyChannel/Features/Stories/ProCameraEngine.swift:28:9: note: property declared here
    let captureSession = AVCaptureSession()
        ^
/Users/keonta/Documents/MyChannel/MyChannel/Features/Stories/ProCameraEngine.swift:141:25: warning: 'isHighResolutionCaptureEnabled' was deprecated in iOS 16.0: Use maxPhotoDimensions instead.
            photoOutput.isHighResolutionCaptureEnabled = true
                        ^
/Users/keonta/Documents/MyChannel/MyChannel/Features/Stories/ProCameraEngine.swift:165:62: warning: main actor-isolated property 'cameraPosition' can not be referenced from a Sendable closure
            let newPosition: AVCaptureDevice.Position = self.cameraPosition == .back ? .front : .back
                                                             ^
/Users/keonta/Documents/MyChannel/MyChannel/Features/Stories/ProCameraEngine.swift:21:20: note: property declared here
    @Published var cameraPosition: AVCaptureDevice.Position = .back
                   ^
/Users/keonta/Documents/MyChannel/MyChannel/Features/Stories/ProCameraEngine.swift:167:43: warning: main actor-isolated property 'videoDeviceInput' can not be referenced from a Sendable closure
            guard let currentInput = self.videoDeviceInput else { return }
                                          ^
/Users/keonta/Documents/MyChannel/MyChannel/Features/Stories/ProCameraEngine.swift:29:17: note: property declared here
    private var videoDeviceInput: AVCaptureDeviceInput?
                ^
/Users/keonta/Documents/MyChannel/MyChannel/Features/Stories/ProCameraEngine.swift:178:22: warning: main actor-isolated property 'captureSession' can not be referenced from a Sendable closure
                self.captureSession.beginConfiguration()
                     ^
/Users/keonta/Documents/MyChannel/MyChannel/Features/Stories/ProCameraEngine.swift:28:9: note: property declared here
    let captureSession = AVCaptureSession()
        ^
/Users/keonta/Documents/MyChannel/MyChannel/Features/Stories/ProCameraEngine.swift:179:22: warning: main actor-isolated property 'captureSession' can not be referenced from a Sendable closure
                self.captureSession.removeInput(currentInput)
                     ^
/Users/keonta/Documents/MyChannel/MyChannel/Features/Stories/ProCameraEngine.swift:28:9: note: property declared here
    let captureSession = AVCaptureSession()
        ^
/Users/keonta/Documents/MyChannel/MyChannel/Features/Stories/ProCameraEngine.swift:181:25: warning: main actor-isolated property 'captureSession' can not be referenced from a Sendable closure
                if self.captureSession.canAddInput(newInput) {
                        ^
/Users/keonta/Documents/MyChannel/MyChannel/Features/Stories/ProCameraEngine.swift:28:9: note: property declared here
    let captureSession = AVCaptureSession()
        ^
/Users/keonta/Documents/MyChannel/MyChannel/Features/Stories/ProCameraEngine.swift:182:26: warning: main actor-isolated property 'captureSession' can not be referenced from a Sendable closure
                    self.captureSession.addInput(newInput)
                         ^
/Users/keonta/Documents/MyChannel/MyChannel/Features/Stories/ProCameraEngine.swift:28:9: note: property declared here
    let captureSession = AVCaptureSession()
        ^
/Users/keonta/Documents/MyChannel/MyChannel/Features/Stories/ProCameraEngine.swift:183:26: warning: main actor-isolated property 'videoDeviceInput' can not be mutated from a Sendable closure
                    self.videoDeviceInput = newInput
                         ^
/Users/keonta/Documents/MyChannel/MyChannel/Features/Stories/ProCameraEngine.swift:29:17: note: mutation of this property is only permitted within the actor
    private var videoDeviceInput: AVCaptureDeviceInput?
                ^
/Users/keonta/Documents/MyChannel/MyChannel/Features/Stories/ProCameraEngine.swift:185:26: warning: main actor-isolated property 'captureSession' can not be referenced from a Sendable closure
                    self.captureSession.addInput(currentInput)
                         ^
/Users/keonta/Documents/MyChannel/MyChannel/Features/Stories/ProCameraEngine.swift:28:9: note: property declared here
    let captureSession = AVCaptureSession()
        ^
/Users/keonta/Documents/MyChannel/MyChannel/Features/Stories/ProCameraEngine.swift:188:22: warning: main actor-isolated property 'captureSession' can not be referenced from a Sendable closure
                self.captureSession.commitConfiguration()
                     ^
/Users/keonta/Documents/MyChannel/MyChannel/Features/Stories/ProCameraEngine.swift:28:9: note: property declared here
    let captureSession = AVCaptureSession()
        ^
/Users/keonta/Documents/MyChannel/MyChannel/Core/Services/IntegrationHubService.swift:61:13: warning: initialization of immutable value 'decoder' was never used; consider replacing with assignment to '_' or removing it
        let decoder = ISO8601DateFormatter()
        ~~~~^~~~~~~
        _
/Users/keonta/Documents/MyChannel/MyChannel/Core/Services/KnowledgeBaseIntegrationService.swift:53:13: warning: initialization of immutable value 'decoder' was never used; consider replacing with assignment to '_' or removing it
        let decoder = ISO8601DateFormatter()
        ~~~~^~~~~~~
        _
/Users/keonta/Documents/MyChannel/MyChannel/Core/Services/LiveChatFirestoreService.swift:56:17: warning: no 'async' operations occur within 'await' expression
            try await ref.setData(from: doc, merge: true)
                ^
/Users/keonta/Documents/MyChannel/MyChannel/Core/Services/LiveStreamHealthChecker.swift:113:19: warning: 'loadValuesAsynchronously(forKeys:completionHandler:)' was deprecated in iOS 16.0: Use load(_:) instead.  For non-deprecated properties that do not have an AVAsyncProperty equivalent, continue to query these properties synchronously
            asset.loadValuesAsynchronously(forKeys: keys) {
                  ^
/Users/keonta/Documents/MyChannel/MyChannel/Core/Services/LiveStreamHealthChecker.swift:117:40: warning: 'statusOfValue(forKey:error:)' was deprecated in iOS 16.0: Use status(of:) instead
                    let status = asset.statusOfValue(forKey: key, error: &err)
                                       ^
/Users/keonta/Documents/MyChannel/MyChannel/Core/Services/LiveStreamingService.swift:137:34: warning: result of call to 'post(endpoint:body:responseType:headers:)' is unused
        try await networkService.post(
                                 ^   ~
/Users/keonta/Documents/MyChannel/MyChannel/Core/Services/LiveStreamingService.swift:175:34: warning: result of call to 'post(endpoint:body:responseType:headers:)' is unused
        try await networkService.post(
                                 ^   ~
/Users/keonta/Documents/MyChannel/MyChannel/Core/Services/LiveStreamingService.swift:212:34: warning: result of call to 'post(endpoint:body:responseType:headers:)' is unused
        try await networkService.post(
                                 ^   ~
/Users/keonta/Documents/MyChannel/MyChannel/Core/Services/LiveStreamingService.swift:245:34: warning: result of call to 'post(endpoint:body:responseType:headers:)' is unused
        try await networkService.post(
                                 ^   ~
/Users/keonta/Documents/MyChannel/MyChannel/Core/Services/LiveTVManager.swift:319:19: warning: 'loadValuesAsynchronously(forKeys:completionHandler:)' was deprecated in iOS 16.0: Use load(_:) instead.  For non-deprecated properties that do not have an AVAsyncProperty equivalent, continue to query these properties synchronously
            asset.loadValuesAsynchronously(forKeys: ["playable"]) {
                  ^
/Users/keonta/Documents/MyChannel/MyChannel/Core/Services/LiveTVManager.swift:321:36: warning: 'statusOfValue(forKey:error:)' was deprecated in iOS 16.0: Use status(of:) instead
                let status = asset.statusOfValue(forKey: "playable", error: &error)
                                   ^
/Users/keonta/Documents/MyChannel/MyChannel/Core/Services/LiveTVManager.swift:322:75: warning: 'isPlayable' was deprecated in iOS 16.0: Use load(.isPlayable) instead
                continuation.resume(returning: status == .loaded && asset.isPlayable)
                                                                          ^
/Users/keonta/Documents/MyChannel/MyChannel/Core/Services/IntegrationHubService.swift:61:13: warning: initialization of immutable value 'decoder' was never used; consider replacing with assignment to '_' or removing it
        let decoder = ISO8601DateFormatter()
        ~~~~^~~~~~~
        _
/Users/keonta/Documents/MyChannel/MyChannel/Core/Services/KnowledgeBaseIntegrationService.swift:53:13: warning: initialization of immutable value 'decoder' was never used; consider replacing with assignment to '_' or removing it
        let decoder = ISO8601DateFormatter()
        ~~~~^~~~~~~
        _
/Users/keonta/Documents/MyChannel/MyChannel/Core/Services/LiveChatFirestoreService.swift:56:17: warning: no 'async' operations occur within 'await' expression
            try await ref.setData(from: doc, merge: true)
                ^
/Users/keonta/Documents/MyChannel/MyChannel/Core/Services/LiveStreamHealthChecker.swift:113:19: warning: 'loadValuesAsynchronously(forKeys:completionHandler:)' was deprecated in iOS 16.0: Use load(_:) instead.  For non-deprecated properties that do not have an AVAsyncProperty equivalent, continue to query these properties synchronously
            asset.loadValuesAsynchronously(forKeys: keys) {
                  ^
/Users/keonta/Documents/MyChannel/MyChannel/Core/Services/LiveStreamHealthChecker.swift:117:40: warning: 'statusOfValue(forKey:error:)' was deprecated in iOS 16.0: Use status(of:) instead
                    let status = asset.statusOfValue(forKey: key, error: &err)
                                       ^
/Users/keonta/Documents/MyChannel/MyChannel/Core/Services/LiveStreamingService.swift:137:34: warning: result of call to 'post(endpoint:body:responseType:headers:)' is unused
        try await networkService.post(
                                 ^   ~
/Users/keonta/Documents/MyChannel/MyChannel/Core/Services/LiveStreamingService.swift:175:34: warning: result of call to 'post(endpoint:body:responseType:headers:)' is unused
        try await networkService.post(
                                 ^   ~
/Users/keonta/Documents/MyChannel/MyChannel/Core/Services/LiveStreamingService.swift:212:34: warning: result of call to 'post(endpoint:body:responseType:headers:)' is unused
        try await networkService.post(
                                 ^   ~
/Users/keonta/Documents/MyChannel/MyChannel/Core/Services/LiveStreamingService.swift:245:34: warning: result of call to 'post(endpoint:body:responseType:headers:)' is unused
        try await networkService.post(
                                 ^   ~
/Users/keonta/Documents/MyChannel/MyChannel/Core/Services/LiveTVManager.swift:319:19: warning: 'loadValuesAsynchronously(forKeys:completionHandler:)' was deprecated in iOS 16.0: Use load(_:) instead.  For non-deprecated properties that do not have an AVAsyncProperty equivalent, continue to query these properties synchronously
            asset.loadValuesAsynchronously(forKeys: ["playable"]) {
                  ^
/Users/keonta/Documents/MyChannel/MyChannel/Core/Services/LiveTVManager.swift:321:36: warning: 'statusOfValue(forKey:error:)' was deprecated in iOS 16.0: Use status(of:) instead
                let status = asset.statusOfValue(forKey: "playable", error: &error)
                                   ^
/Users/keonta/Documents/MyChannel/MyChannel/Core/Services/LiveTVManager.swift:322:75: warning: 'isPlayable' was deprecated in iOS 16.0: Use load(.isPlayable) instead
                continuation.resume(returning: status == .loaded && asset.isPlayable)
                                                                          ^
/Users/keonta/Documents/MyChannel/MyChannel/Features/Profile/ProfileView.swift:1308:61: warning: result of call to 'downloadVideo(_:quality:)' is unused
                    try await OfflineDownloadService.shared.downloadVideo(video)
                                                            ^            ~~~~~~~
/Users/keonta/Documents/MyChannel/MyChannel/Features/Profile/ProfileViewModel.swift:83:25: warning: reference to property 'userVideos' in closure requires explicit use of 'self' to make capture semantics explicit; this is an error in the Swift 6 language mode
                        userVideos = uploadedVideos
                        ^
/Users/keonta/Documents/MyChannel/MyChannel/Features/Profile/ProfileViewModel.swift:84:25: warning: reference to property 'watchHistory' in closure requires explicit use of 'self' to make capture semantics explicit; this is an error in the Swift 6 language mode
                        watchHistory = Array(uploadedVideos.reversed())
                        ^
/Users/keonta/Documents/MyChannel/MyChannel/Features/Profile/ProfileViewModel.swift:116:25: warning: reference to property 'user' in closure requires explicit use of 'self' to make capture semantics explicit; this is an error in the Swift 6 language mode
                        user = updatedUser
                        ^
/Users/keonta/Documents/MyChannel/MyChannel/Features/Profile/ProfileViewModel.swift:122:25: warning: reference to property 'userVideos' in closure requires explicit use of 'self' to make capture semantics explicit; this is an error in the Swift 6 language mode
                        userVideos = []
                        ^
/Users/keonta/Documents/MyChannel/MyChannel/Features/Profile/ProfileViewModel.swift:123:25: warning: reference to property 'watchHistory' in closure requires explicit use of 'self' to make capture semantics explicit; this is an error in the Swift 6 language mode
                        watchHistory = []
                        ^
/Users/keonta/Documents/MyChannel/MyChannel/Features/Profile/ProfileViewModel.swift:124:25: warning: reference to property 'user' in closure requires explicit use of 'self' to make capture semantics explicit; this is an error in the Swift 6 language mode
                        user = newUser
                        ^
/Users/keonta/Documents/MyChannel/MyChannel/Features/Profile/ProfileViewModel.swift:78:27: warning: value 'self' was defined but never used; consider replacing with boolean test
                guard let self = self else { return }
                      ~~~~^~~~~~~
                                      != nil
/Users/keonta/Documents/MyChannel/MyChannel/Features/Rights/DMCAService.swift:26:13: warning: immutable property will not be decoded because it is declared with an initial value which cannot be overwritten
        let id = UUID().uuidString
            ^
/Users/keonta/Documents/MyChannel/MyChannel/Features/Rights/DMCAService.swift:26:13: note: set the initial value via the initializer or explicitly define a CodingKeys enum including a 'id' case to silence this warning
        let id = UUID().uuidString
            ^
/Users/keonta/Documents/MyChannel/MyChannel/Features/Rights/DMCAService.swift:26:13: note: make the property mutable instead
        let id = UUID().uuidString
        ~~~ ^
        var
/Users/keonta/Documents/MyChannel/MyChannel/Features/Premieres/VideoPremiereService.swift:60:34: warning: result of call to 'post(endpoint:body:responseType:headers:)' is unused
        try await networkService.post(
                                 ^   ~
/Users/keonta/Documents/MyChannel/MyChannel/Features/Premieres/VideoPremiereService.swift:86:34: warning: result of call to 'put(endpoint:body:responseType:headers:)' is unused
        try await networkService.put(
                                 ^  ~
/Users/keonta/Documents/MyChannel/MyChannel/Features/Premieres/VideoPremiereService.swift:116:34: warning: result of call to 'put(endpoint:body:responseType:headers:)' is unused
        try await networkService.put(
                                 ^  ~
/Users/keonta/Documents/MyChannel/MyChannel/Features/Premieres/VideoPremiereService.swift:147:34: warning: result of call to 'post(endpoint:body:responseType:headers:)' is unused
        try await networkService.post(
                                 ^   ~
/Users/keonta/Documents/MyChannel/MyChannel/Features/Premieres/VideoPremiereService.swift:229:9: warning: result of 'try?' is unused
        try? await networkService.post(
        ^~~~~~~~~~~~~~~~~~~~~~~~~~~~~~~
/Users/keonta/Documents/MyChannel/MyChannel/Core/Services/LiveTVService.swift:91:29: warning: 'loadValues(forKeys:)' was deprecated in iOS 16.0: Use load(_:) instead.  For non-deprecated properties that do not have an AVAsyncProperty equivalent, continue to query these properties synchronously
            try await asset.loadValues(forKeys: ["playable", "duration"])
                            ^
/Users/keonta/Documents/MyChannel/MyChannel/Core/Services/LiveTVService.swift:95:17: warning: capture of 'self' with non-Sendable type 'LiveTVService?' in a '@Sendable' closure
                self?.preloadedAssets[channel.id] = asset
                ^
/Users/keonta/Documents/MyChannel/MyChannel/Core/Services/LiveTVService.swift:5:13: note: class 'LiveTVService' does not conform to the 'Sendable' protocol
final class LiveTVService {
            ^
/Users/keonta/Documents/MyChannel/MyChannel/Core/Services/LiveTVService.swift:99:17: warning: capture of 'self' with non-Sendable type 'LiveTVService?' in a '@Sendable' closure
                self?.preloadedChannelIds.remove(channel.id)
                ^
/Users/keonta/Documents/MyChannel/MyChannel/Core/Services/LiveTVService.swift:5:13: note: class 'LiveTVService' does not conform to the 'Sendable' protocol
final class LiveTVService {
            ^
/Users/keonta/Documents/MyChannel/MyChannel/Core/Services/LiveTVService.swift:91:13: warning: no calls to throwing functions occur within 'try' expression
            try await asset.loadValues(forKeys: ["playable", "duration"])
            ^
/Users/keonta/Documents/MyChannel/MyChannel/Core/Services/LiveTVService.swift:97:11: warning: 'catch' block is unreachable because no errors are thrown in 'do' block
        } catch {
          ^
/Users/keonta/Documents/MyChannel/MyChannel/Core/Services/LiveTVService.swift:152:19: warning: 'loadValuesAsynchronously(forKeys:completionHandler:)' was deprecated in iOS 16.0: Use load(_:) instead.  For non-deprecated properties that do not have an AVAsyncProperty equivalent, continue to query these properties synchronously
            asset.loadValuesAsynchronously(forKeys: ["playable"]) {
                  ^
/Users/keonta/Documents/MyChannel/MyChannel/Core/Services/LiveTVService.swift:155:36: warning: 'statusOfValue(forKey:error:)' was deprecated in iOS 16.0: Use status(of:) instead
                let status = asset.statusOfValue(forKey: "playable", error: &error)
                                   ^
/Users/keonta/Documents/MyChannel/MyChannel/Core/Services/LiveTVService.swift:157:38: warning: 'isPlayable' was deprecated in iOS 16.0: Use load(.isPlayable) instead
                    playable = asset.isPlayable
                                     ^
/Users/keonta/Documents/MyChannel/MyChannel/Core/Services/MiniAppSDKService.swift:128:28: warning: 'javaScriptEnabled' was deprecated in iOS 14.0: Use WKWebpagePreferences.allowsContentJavaScript to disable content JavaScript on a per-navigation basis
        config.preferences.javaScriptEnabled = true
                           ^
/Users/keonta/Documents/MyChannel/MyChannel/Core/Services/ModerationService.swift:84:13: warning: immutable value 'action' was never used; consider removing it
        let action: ServiceModerationAction
            ^
/Users/keonta/Documents/MyChannel/MyChannel/Core/Services/ModerationService.swift:317:9: warning: immutable property will not be decoded because it is declared with an initial value which cannot be overwritten
    let id = UUID().uuidString
        ^
/Users/keonta/Documents/MyChannel/MyChannel/Core/Services/ModerationService.swift:317:9: note: set the initial value via the initializer or explicitly define a CodingKeys enum including a 'id' case to silence this warning
    let id = UUID().uuidString
        ^
/Users/keonta/Documents/MyChannel/MyChannel/Core/Services/ModerationService.swift:317:9: note: make the property mutable instead
    let id = UUID().uuidString
    ~~~ ^
    var
/Users/keonta/Documents/MyChannel/MyChannel/Core/Services/MonitoringService.swift:110:78: warning: conditional downcast from '[String : Any]?' to '[String : Any]' does nothing
        let nsError = NSError(domain: domain, code: code, userInfo: userInfo as? [String : Any])
                                                                    ~~~~~~~~~^~~~~~~~~~~~~~~~~~
                                                                            
/Users/keonta/Documents/MyChannel/MyChannel/Core/Services/YouTubeAPIService.swift:58:13: warning: initialization of immutable value 'now' was never used; consider replacing with assignment to '_' or removing it
        let now = Date()
        ~~~~^~~
        _
/Users/keonta/Documents/MyChannel/MyChannel/Core/Services/YouTubeAPIService.swift:59:13: warning: initialization of immutable value 'user' was never used; consider replacing with assignment to '_' or removing it
        let user = User.sampleUsers.first ?? .defaultUser
        ~~~~^~~~
        _
/Users/keonta/Documents/MyChannel/MyChannel/Core/Utilities/MultiSourceAsyncImage.swift:71:21: warning: variable 'config' was never mutated; consider changing to 'let' constant
                var config = URLSessionConfiguration.ephemeral
                ~~~ ^
                let
/Users/keonta/Documents/MyChannel/MyChannel/Core/Utilities/SafeStateManager.swift:21:32: warning: capture of 'keyPath' with non-Sendable type 'ReferenceWritableKeyPath<SafeStateManager, T>' in a '@Sendable' closure
                self?[keyPath: keyPath] = value
                               ^
Swift.ReferenceWritableKeyPath:1:14: note: generic class 'ReferenceWritableKeyPath' does not conform to the 'Sendable' protocol
public class ReferenceWritableKeyPath<Root, Value> : WritableKeyPath<Root, Value> {
             ^
/Users/keonta/Documents/MyChannel/MyChannel/Core/ViewModels/StoryCreatorViewModel.swift:153:9: warning: result of call to 'withAnimation' is unused
        withAnimation(.spring()) {
        ^            ~~~~~~~~~~~~~
/Users/keonta/Documents/MyChannel/MyChannel/Core/Views/SplashContainer.swift:122:26: warning: conditional cast from 'AnyClass' (aka 'any AnyObject.Type') to 'AnyClass' (aka 'any AnyObject.Type') always succeeds
                _ = (cls as? AnyClass).map { URLProtocol.unregisterClass($0) }
                         ^
/Users/keonta/Documents/MyChannel/MyChannel/Features/Home/AIRecommendationsSection.swift:100:26: warning: no calls to throwing functions occur within 'try' expression
            let videos = try await PersonalizedFeedService.shared.generateForYou(userId: userId, limit: 12)
                         ^
/Users/keonta/Documents/MyChannel/MyChannel/Features/Home/AIRecommendationsSection.swift:119:11: warning: 'catch' block is unreachable because no errors are thrown in 'do' block
        } catch {
          ^
/Users/keonta/Documents/MyChannel/MyChannel/Features/Home/LiveTVPlayerView.swift:935:54: warning: 'mediaSelectionGroup(forMediaCharacteristic:)' was deprecated in iOS 16.0: Use loadMediaSelectionGroup(for:) instead
        guard let group = player?.currentItem?.asset.mediaSelectionGroup(forMediaCharacteristic: .legible) else {
                                                     ^
/Users/keonta/Documents/MyChannel/MyChannel/Features/Home/LiveTVPlayerView.swift:941:48: warning: 'selectedMediaOption(in:)' was deprecated in iOS 11.0: Use currentMediaSelection to obtain an instance of AVMediaSelection, which encompasses the currently selected AVMediaSelectionOption in each of the available AVMediaSelectionGroups
        captionsEnabled = player?.currentItem?.selectedMediaOption(in: group) != nil
                                               ^
/Users/keonta/Documents/MyChannel/MyChannel/Features/Home/LiveTVPlayerView.swift:946:38: warning: 'mediaSelectionGroup(forMediaCharacteristic:)' was deprecated in iOS 16.0: Use loadMediaSelectionGroup(for:) instead
              let group = item.asset.mediaSelectionGroup(forMediaCharacteristic: .legible) else { return }
                                     ^
/Users/keonta/Documents/MyChannel/MyChannel/Features/Home/LiveTVPlayerView.swift:1093:37: warning: result of call to 'run(resultType:body:)' is unused
                    await MainActor.run {
                                    ^   ~
/Users/keonta/Documents/MyChannel/MyChannel/Features/Home/MusicHubView.swift:144:38: warning: capture 'newValue' was never used
                searchTask = Task { [newValue] in
                                     ^
/Users/keonta/Documents/MyChannel/MyChannel/Features/Home/ProfileQuickMenu.swift:236:11: warning: 'catch' block is unreachable because no errors are thrown in 'do' block
        } catch {
          ^
/Users/keonta/Documents/MyChannel/MyChannel/Features/Marketplace/ThumbnailMarketplaceView.swift:29:32: warning: immutable value 'user' was never used; consider replacing with '_' or removing it
                        if let user = appState.currentUser, viewModel.userIsCreator {
                           ~~~~^~~~
                           _
/Users/keonta/Documents/MyChannel/MyChannel/Core/Services/RevenueAttributionService.swift:97:21: warning: keyword 'return' does not need to be escaped in argument list
                    `return`: $0.return,
                    ^      ~
                           
/Users/keonta/Documents/MyChannel/MyChannel/Features/Subscriptions/SubscriptionsViewModel.swift:208:11: warning: 'catch' block is unreachable because no errors are thrown in 'do' block
        } catch {
          ^
/Users/keonta/Documents/MyChannel/MyChannel/Features/ThumbnailTesting/ThumbnailABTestService.swift:69:34: warning: result of call to 'post(endpoint:body:responseType:headers:)' is unused
        try await networkService.post(
                                 ^   ~
/Users/keonta/Documents/MyChannel/MyChannel/Features/ThumbnailTesting/ThumbnailABTestService.swift:100:34: warning: result of call to 'put(endpoint:body:responseType:headers:)' is unused
        try await networkService.put(
                                 ^  ~
/Users/keonta/Documents/MyChannel/MyChannel/Features/ThumbnailTesting/ThumbnailABTestService.swift:174:9: warning: result of 'try?' is unused
        try? await networkService.post(
        ^~~~~~~~~~~~~~~~~~~~~~~~~~~~~~~
/Users/keonta/Documents/MyChannel/MyChannel/Features/ThumbnailTesting/ThumbnailABTestService.swift:198:9: warning: result of 'try?' is unused
        try? await networkService.post(
        ^~~~~~~~~~~~~~~~~~~~~~~~~~~~~~~
/Users/keonta/Documents/MyChannel/MyChannel/Features/ThumbnailTesting/ThumbnailABTestService.swift:245:9: warning: result of 'try?' is unused
        try? await networkService.post(
        ^~~~~~~~~~~~~~~~~~~~~~~~~~~~~~~
/Users/keonta/Documents/MyChannel/MyChannel/Features/ThumbnailTesting/ThumbnailABTestService.swift:256:14: warning: immutable value 'index' was never used; consider replacing with '_' or removing it
        for (index, variant) in test.variants.enumerated() {
             ^~~~~
             _
/Users/keonta/Documents/MyChannel/MyChannel/Features/ThumbnailTesting/ThumbnailABTestService.swift:376:9: warning: result of 'try?' is unused
        try? await networkService.put(
        ^~~~~~~~~~~~~~~~~~~~~~~~~~~~~~
/Users/keonta/Documents/MyChannel/MyChannel/Core/Services/YouTubeAPIService.swift:58:13: warning: initialization of immutable value 'now' was never used; consider replacing with assignment to '_' or removing it
        let now = Date()
        ~~~~^~~
        _
/Users/keonta/Documents/MyChannel/MyChannel/Core/Services/YouTubeAPIService.swift:59:13: warning: initialization of immutable value 'user' was never used; consider replacing with assignment to '_' or removing it
        let user = User.sampleUsers.first ?? .defaultUser
        ~~~~^~~~
        _
/Users/keonta/Documents/MyChannel/MyChannel/Core/Utilities/MultiSourceAsyncImage.swift:71:21: warning: variable 'config' was never mutated; consider changing to 'let' constant
                var config = URLSessionConfiguration.ephemeral
                ~~~ ^
                let
/Users/keonta/Documents/MyChannel/MyChannel/Core/Utilities/SafeStateManager.swift:21:32: warning: capture of 'keyPath' with non-Sendable type 'ReferenceWritableKeyPath<SafeStateManager, T>' in a '@Sendable' closure
                self?[keyPath: keyPath] = value
                               ^
Swift.ReferenceWritableKeyPath:1:14: note: generic class 'ReferenceWritableKeyPath' does not conform to the 'Sendable' protocol
public class ReferenceWritableKeyPath<Root, Value> : WritableKeyPath<Root, Value> {
             ^
/Users/keonta/Documents/MyChannel/MyChannel/Core/ViewModels/StoryCreatorViewModel.swift:153:9: warning: result of call to 'withAnimation' is unused
        withAnimation(.spring()) {
        ^            ~~~~~~~~~~~~~
/Users/keonta/Documents/MyChannel/MyChannel/Core/Views/SplashContainer.swift:122:26: warning: conditional cast from 'AnyClass' (aka 'any AnyObject.Type') to 'AnyClass' (aka 'any AnyObject.Type') always succeeds
                _ = (cls as? AnyClass).map { URLProtocol.unregisterClass($0) }
                         ^
/Users/keonta/Documents/MyChannel/MyChannel/Features/ThumbnailTesting/ThumbnailABTestService.swift:69:34: warning: result of call to 'post(endpoint:body:responseType:headers:)' is unused
        try await networkService.post(
                                 ^   ~
/Users/keonta/Documents/MyChannel/MyChannel/Features/ThumbnailTesting/ThumbnailABTestService.swift:100:34: warning: result of call to 'put(endpoint:body:responseType:headers:)' is unused
        try await networkService.put(
                                 ^  ~
/Users/keonta/Documents/MyChannel/MyChannel/Features/ThumbnailTesting/ThumbnailABTestService.swift:174:9: warning: result of 'try?' is unused
        try? await networkService.post(
        ^~~~~~~~~~~~~~~~~~~~~~~~~~~~~~~
/Users/keonta/Documents/MyChannel/MyChannel/Features/ThumbnailTesting/ThumbnailABTestService.swift:198:9: warning: result of 'try?' is unused
        try? await networkService.post(
        ^~~~~~~~~~~~~~~~~~~~~~~~~~~~~~~
/Users/keonta/Documents/MyChannel/MyChannel/Features/ThumbnailTesting/ThumbnailABTestService.swift:245:9: warning: result of 'try?' is unused
        try? await networkService.post(
        ^~~~~~~~~~~~~~~~~~~~~~~~~~~~~~~
/Users/keonta/Documents/MyChannel/MyChannel/Features/ThumbnailTesting/ThumbnailABTestService.swift:256:14: warning: immutable value 'index' was never used; consider replacing with '_' or removing it
        for (index, variant) in test.variants.enumerated() {
             ^~~~~
             _
/Users/keonta/Documents/MyChannel/MyChannel/Features/ThumbnailTesting/ThumbnailABTestService.swift:376:9: warning: result of 'try?' is unused
        try? await networkService.put(
        ^~~~~~~~~~~~~~~~~~~~~~~~~~~~~~
/Users/keonta/Documents/MyChannel/MyChannel/Features/University/UniversityViewModel.swift:368:13: warning: initialization of immutable value 'prompt' was never used; consider replacing with assignment to '_' or removing it
        let prompt = """
        ~~~~^~~~~~
        _
/Users/keonta/Documents/MyChannel/MyChannel/Core/Services/CreatorEconomyService.swift:119:13: warning: initialization of immutable value 'paymentResult' was never used; consider replacing with assignment to '_' or removing it
        let paymentResult = try await processPayment(
        ~~~~^~~~~~~~~~~~~
        _
/Users/keonta/Documents/MyChannel/MyChannel/Core/Services/CreatorStudioIntegrationService.swift:94:11: warning: 'catch' block is unreachable because no errors are thrown in 'do' block
        } catch {
          ^
/Users/keonta/Documents/MyChannel/MyChannel/Core/Services/CreatorSupportQueueService.swift:59:13: warning: initialization of immutable value 'decoder' was never used; consider replacing with assignment to '_' or removing it
        let decoder = ISO8601DateFormatter()
        ~~~~^~~~~~~
        _
/Users/keonta/Documents/MyChannel/MyChannel/Features/University/UniversityViewModel.swift:368:13: warning: initialization of immutable value 'prompt' was never used; consider replacing with assignment to '_' or removing it
        let prompt = """
        ~~~~^~~~~~
        _
note: Run script build phase '[Firebase] Crashlytics' will be run during every build because the option to run the script phase "Based on dependency analysis" is unchecked. (in target 'MyChannel' from project 'MyChannel')
